step,speedX,speedY,speedZ,angle,trackPos,damage,rpm,gear,accel,brake,steer,targetSpeed,section,phase,front,front_delta,best_i,best_distance,anglePlan,severity,desired_track_pos,emergency_front_brake,stability_mode,stuck_counter,track_0,track_1,track_2,track_3,track_4,track_5,track_6,track_7,track_8,track_9,track_10,track_11,track_12,track_13,track_14,track_15,track_16,track_17,track_18
100000,-0.00913045,-0.00302988,0.00318209,0.00822276,0.333439,0.0,5235.99,1,0.45,0.0,-0.027553395473919766,170,SHALLOW,APEX,62.0267,0.0,4,90.9268,-4,0.38260171114337566,-0.12,0.0,False,1,5.70304,12.6267,22.455,140.486,90.9268,77.357,71.6721,67.3518,64.5773,62.0267,59.6744,57.4982,54.7119,51.8501,47.2417,40.0655,31.0431,22.7658,11.2227
99999,-0.00913045,-0.00302988,0.00318209,0.00822276,0.333439,0.0,5303.22,1,0.45,0.0,-0.050147179762533974,170,SHALLOW,APEX,62.0267,0.0,4,90.9268,-4,0.38260171114337566,-0.12,0.0,False,2,5.70304,12.6267,22.455,140.486,90.9268,77.357,71.6721,67.3518,64.5773,62.0267,59.6744,57.4982,54.7119,51.8501,47.2417,40.0655,31.0431,22.7658,11.2227
99998,-0.00913045,-0.00302988,0.00318209,0.00822276,0.333439,0.0,5371.3,1,0.45,0.0,-0.06867408287919763,170,SHALLOW,APEX,62.0267,0.0,4,90.9268,-4,0.38260171114337566,-0.12,0.0,False,3,5.70304,12.6267,22.455,140.486,90.9268,77.357,71.6721,67.3518,64.5773,62.0267,59.6744,57.4982,54.7119,51.8501,47.2417,40.0655,31.0431,22.7658,11.2227
99997,-0.00913045,-0.00302988,0.00318209,0.00822276,0.333439,0.0,5440.22,1,0.45,0.0,-0.08386614343486182,170,SHALLOW,APEX,62.0267,0.0,4,90.9268,-4,0.38260171114337566,-0.12,0.0,False,4,5.70304,12.6267,22.455,140.486,90.9268,77.357,71.6721,67.3518,64.5773,62.0267,59.6744,57.4982,54.7119,51.8501,47.2417,40.0655,31.0431,22.7658,11.2227
99996,-0.00913045,-0.00302988,0.00318209,0.00822276,0.333439,0.0,5510.0,1,0.45,0.0,-0.09632363309050646,170,SHALLOW,APEX,62.0267,0.0,4,90.9268,-4,0.38260171114337566,-0.12,0.0,False,5,5.70304,12.6267,22.455,140.486,90.9268,77.357,71.6721,67.3518,64.5773,62.0267,59.6744,57.4982,54.7119,51.8501,47.2417,40.0655,31.0431,22.7658,11.2227
99995,-0.00913045,-0.00302988,0.00318209,0.00822276,0.333439,0.0,5580.64,1,0.45,0.0,-0.10653877460813505,170,SHALLOW,APEX,62.0267,0.0,4,90.9268,-4,0.38260171114337566,-0.12,0.0,False,6,5.70304,12.6267,22.455,140.486,90.9268,77.357,71.6721,67.3518,64.5773,62.0267,59.6744,57.4982,54.7119,51.8501,47.2417,40.0655,31.0431,22.7658,11.2227
99994,-0.00913045,-0.00302988,0.00318209,0.00822276,0.333439,0.0,5652.14,1,0.45,0.0,-0.11491519065259051,170,SHALLOW,APEX,62.0267,0.0,4,90.9268,-4,0.38260171114337566,-0.12,0.0,False,7,5.70304,12.6267,22.455,140.486,90.9268,77.357,71.6721,67.3518,64.5773,62.0267,59.6744,57.4982,54.7119,51.8501,47.2417,40.0655,31.0431,22.7658,11.2227
99993,-0.00913045,-0.00302988,0.00318209,0.00822276,0.333439,0.0,5724.52,1,0.45,0.0,-0.12178385180904397,170,SHALLOW,APEX,62.0267,0.0,4,90.9268,-4,0.38260171114337566,-0.12,0.0,False,8,5.70304,12.6267,22.455,140.486,90.9268,77.357,71.6721,67.3518,64.5773,62.0267,59.6744,57.4982,54.7119,51.8501,47.2417,40.0655,31.0431,22.7658,11.2227
99992,-0.00913045,-0.00302988,0.00318209,0.00822276,0.333439,0.0,5797.79,1,0.45,0.0,-0.12741615395733583,170,SHALLOW,APEX,62.0267,0.0,4,90.9268,-4,0.38260171114337566,-0.12,0.0,False,9,5.70304,12.6267,22.455,140.486,90.9268,77.357,71.6721,67.3518,64.5773,62.0267,59.6744,57.4982,54.7119,51.8501,47.2417,40.0655,31.0431,22.7658,11.2227
99991,-0.00913045,-0.00302988,0.00318209,0.00822276,0.333439,0.0,5871.94,1,0.45,0.0,-0.13203464171893514,170,SHALLOW,APEX,62.0267,0.0,4,90.9268,-4,0.38260171114337566,-0.12,0.0,False,10,5.70304,12.6267,22.455,140.486,90.9268,77.357,71.6721,67.3518,64.5773,62.0267,59.6744,57.4982,54.7119,51.8501,47.2417,40.0655,31.0431,22.7658,11.2227
99990,-0.00913045,-0.00302988,0.00318209,0.00822276,0.333439,0.0,5946.99,1,0.45,0.0,-0.13582180168344657,170,SHALLOW,APEX,62.0267,0.0,4,90.9268,-4,0.38260171114337566,-0.12,0.0,False,11,5.70304,12.6267,22.455,140.486,90.9268,77.357,71.6721,67.3518,64.5773,62.0267,59.6744,57.4982,54.7119,51.8501,47.2417,40.0655,31.0431,22.7658,11.2227
99989,-0.00913045,-0.00302988,0.00318209,0.00822276,0.333439,0.0,6022.94,1,0.45,0.0,-0.13892727285434595,170,SHALLOW,APEX,62.0267,0.0,4,90.9268,-4,0.38260171114337566,-0.12,0.0,False,12,5.70304,12.6267,22.455,140.486,90.9268,77.357,71.6721,67.3518,64.5773,62.0267,59.6744,57.4982,54.7119,51.8501,47.2417,40.0655,31.0431,22.7658,11.2227
99988,-0.00913045,-0.00302988,0.00318209,0.00822276,0.333439,0.0,6099.79,1,0.45,0.0,-0.14147375921448344,170,SHALLOW,APEX,62.0267,0.0,4,90.9268,-4,0.38260171114337566,-0.12,0.0,False,13,5.70304,12.6267,22.455,140.486,90.9268,77.357,71.6721,67.3518,64.5773,62.0267,59.6744,57.4982,54.7119,51.8501,47.2417,40.0655,31.0431,22.7658,11.2227
99987,-0.00913045,-0.00302988,0.00318209,0.00822276,0.333439,0.0,6177.57,1,0.45,0.0,-0.14356187802979617,170,SHALLOW,APEX,62.0267,0.0,4,90.9268,-4,0.38260171114337566,-0.12,0.0,False,14,5.70304,12.6267,22.455,140.486,90.9268,77.357,71.6721,67.3518,64.5773,62.0267,59.6744,57.4982,54.7119,51.8501,47.2417,40.0655,31.0431,22.7658,11.2227
99986,-0.00913045,-0.00302988,0.00318209,0.00822276,0.333439,0.0,6256.26,1,0.45,0.0,-0.1452741354583526,170,SHALLOW,APEX,62.0267,0.0,4,90.9268,-4,0.38260171114337566,-0.12,0.0,False,15,5.70304,12.6267,22.455,140.486,90.9268,77.357,71.6721,67.3518,64.5773,62.0267,59.6744,57.4982,54.7119,51.8501,47.2417,40.0655,31.0431,22.7658,11.2227
99985,-0.00913045,-0.00302988,0.00318209,0.00822276,0.333439,0.0,6335.88,1,0.45,0.0,-0.14667818654976889,170,SHALLOW,APEX,62.0267,0.0,4,90.9268,-4,0.38260171114337566,-0.12,0.0,False,16,5.70304,12.6267,22.455,140.486,90.9268,77.357,71.6721,67.3518,64.5773,62.0267,59.6744,57.4982,54.7119,51.8501,47.2417,40.0655,31.0431,22.7658,11.2227
99984,-0.00913045,-0.00302988,0.00318209,0.00822276,0.333439,0.0,6416.44,1,0.45,0.0,-0.14782950844473025,170,SHALLOW,APEX,62.0267,0.0,4,90.9268,-4,0.38260171114337566,-0.12,0.0,False,17,5.70304,12.6267,22.455,140.486,90.9268,77.357,71.6721,67.3518,64.5773,62.0267,59.6744,57.4982,54.7119,51.8501,47.2417,40.0655,31.0431,22.7658,11.2227
99983,-0.00913045,-0.00302988,0.00318209,0.00822276,0.333439,0.0,6497.94,1,0.45,0.0,-0.14877359239859855,170,SHALLOW,APEX,62.0267,0.0,4,90.9268,-4,0.38260171114337566,-0.12,0.0,False,18,5.70304,12.6267,22.455,140.486,90.9268,77.357,71.6721,67.3518,64.5773,62.0267,59.6744,57.4982,54.7119,51.8501,47.2417,40.0655,31.0431,22.7658,11.2227
99982,-0.00913045,-0.00302988,0.00318209,0.00822276,0.333439,0.0,6580.38,1,0.45,0.0,-0.14954774124077058,170,SHALLOW,APEX,62.0267,0.0,4,90.9268,-4,0.38260171114337566,-0.12,0.0,False,19,5.70304,12.6267,22.455,140.486,90.9268,77.357,71.6721,67.3518,64.5773,62.0267,59.6744,57.4982,54.7119,51.8501,47.2417,40.0655,31.0431,22.7658,11.2227
99981,-0.00913045,-0.00302988,0.00318209,0.00822276,0.333439,0.0,6663.78,1,0.45,0.0,-0.15018254329135164,170,SHALLOW,APEX,62.0267,0.0,4,90.9268,-4,0.38260171114337566,-0.12,0.0,False,20,5.70304,12.6267,22.455,140.486,90.9268,77.357,71.6721,67.3518,64.5773,62.0267,59.6744,57.4982,54.7119,51.8501,47.2417,40.0655,31.0431,22.7658,11.2227
99980,-0.00913045,-0.00302988,0.00318209,0.00822276,0.333439,0.0,6748.14,1,0.45,0.0,-0.1507030809728281,170,SHALLOW,APEX,62.0267,0.0,4,90.9268,-4,0.38260171114337566,-0.12,0.0,False,21,5.70304,12.6267,22.455,140.486,90.9268,77.357,71.6721,67.3518,64.5773,62.0267,59.6744,57.4982,54.7119,51.8501,47.2417,40.0655,31.0431,22.7658,11.2227
99979,-0.00913045,-0.00302988,0.00318209,0.00822276,0.333439,0.0,6833.45,1,0.45,0.0,-0.15112992187163882,170,SHALLOW,APEX,62.0267,0.0,4,90.9268,-4,0.38260171114337566,-0.12,0.0,False,22,5.70304,12.6267,22.455,140.486,90.9268,77.357,71.6721,67.3518,64.5773,62.0267,59.6744,57.4982,54.7119,51.8501,47.2417,40.0655,31.0431,22.7658,11.2227
99978,-0.00913045,-0.00302988,0.00318209,0.00822276,0.333439,0.0,6919.74,1,0.45,0.0,-0.1514799314086636,170,SHALLOW,APEX,62.0267,0.0,4,90.9268,-4,0.38260171114337566,-0.12,0.0,False,23,5.70304,12.6267,22.455,140.486,90.9268,77.357,71.6721,67.3518,64.5773,62.0267,59.6744,57.4982,54.7119,51.8501,47.2417,40.0655,31.0431,22.7658,11.2227
99977,-0.00913045,-0.00302988,0.00318209,0.00822276,0.333439,0.0,7007.01,1,0.45,0.0,-0.1517669392290239,170,SHALLOW,APEX,62.0267,0.0,4,90.9268,-4,0.38260171114337566,-0.12,0.0,False,24,5.70304,12.6267,22.455,140.486,90.9268,77.357,71.6721,67.3518,64.5773,62.0267,59.6744,57.4982,54.7119,51.8501,47.2417,40.0655,31.0431,22.7658,11.2227
99976,-0.00913045,-0.00302988,0.00318209,0.00822276,0.333439,0.0,7095.25,1,0.45,0.0,-0.15200228564171936,170,SHALLOW,APEX,62.0267,0.0,4,90.9268,-4,0.38260171114337566,-0.12,0.0,False,25,5.70304,12.6267,22.455,140.486,90.9268,77.357,71.6721,67.3518,64.5773,62.0267,59.6744,57.4982,54.7119,51.8501,47.2417,40.0655,31.0431,22.7658,11.2227
99975,-0.00913045,-0.00302988,0.00318209,0.00822276,0.333439,0.0,7184.49,1,0.45,0.0,-0.15219526970012964,170,SHALLOW,APEX,62.0267,0.0,4,90.9268,-4,0.38260171114337566,-0.12,0.0,False,26,5.70304,12.6267,22.455,140.486,90.9268,77.357,71.6721,67.3518,64.5773,62.0267,59.6744,57.4982,54.7119,51.8501,47.2417,40.0655,31.0431,22.7658,11.2227
99974,-0.00913045,-0.00302988,0.00318209,0.00822276,0.333439,0.0,7274.71,1,0.45,0.0,-0.15235351662802607,170,SHALLOW,APEX,62.0267,0.0,4,90.9268,-4,0.38260171114337566,-0.12,0.0,False,27,5.70304,12.6267,22.455,140.486,90.9268,77.357,71.6721,67.3518,64.5773,62.0267,59.6744,57.4982,54.7119,51.8501,47.2417,40.0655,31.0431,22.7658,11.2227
99973,-0.00913045,-0.00302988,0.00318209,0.00822276,0.333439,0.0,7365.93,1,0.45,0.0,-0.15248327910890114,170,SHALLOW,APEX,62.0267,0.0,4,90.9268,-4,0.38260171114337566,-0.12,0.0,False,28,5.70304,12.6267,22.455,140.486,90.9268,77.357,71.6721,67.3518,64.5773,62.0267,59.6744,57.4982,54.7119,51.8501,47.2417,40.0655,31.0431,22.7658,11.2227
99972,-0.00913045,-0.00302988,0.00318209,0.00822276,0.333439,0.0,7458.15,1,0.45,0.0,-0.1525896843432187,170,SHALLOW,APEX,62.0267,0.0,4,90.9268,-4,0.38260171114337566,-0.12,0.0,False,29,5.70304,12.6267,22.455,140.486,90.9268,77.357,71.6721,67.3518,64.5773,62.0267,59.6744,57.4982,54.7119,51.8501,47.2417,40.0655,31.0431,22.7658,11.2227
99971,-0.00913045,-0.00302988,0.00318209,0.00822276,0.333439,0.0,7551.38,1,0.45,0.0,-0.1526769366353591,170,SHALLOW,APEX,62.0267,0.0,4,90.9268,-4,0.38260171114337566,-0.12,0.0,False,30,5.70304,12.6267,22.455,140.486,90.9268,77.357,71.6721,67.3518,64.5773,62.0267,59.6744,57.4982,54.7119,51.8501,47.2417,40.0655,31.0431,22.7658,11.2227
99970,-0.00913045,-0.00302988,0.00318209,0.00822276,0.333439,0.0,7645.62,1,0.45,0.0,-0.15274848351491424,170,SHALLOW,APEX,62.0267,0.0,4,90.9268,-4,0.38260171114337566,-0.12,0.0,False,31,5.70304,12.6267,22.455,140.486,90.9268,77.357,71.6721,67.3518,64.5773,62.0267,59.6744,57.4982,54.7119,51.8501,47.2417,40.0655,31.0431,22.7658,11.2227
99969,-0.00913045,-0.00302988,0.00318209,0.00822276,0.333439,0.0,7740.87,1,0.45,0.0,-0.15280715195614944,170,SHALLOW,APEX,62.0267,0.0,4,90.9268,-4,0.38260171114337566,-0.12,0.0,False,32,5.70304,12.6267,22.455,140.486,90.9268,77.357,71.6721,67.3518,64.5773,62.0267,59.6744,57.4982,54.7119,51.8501,47.2417,40.0655,31.0431,22.7658,11.2227
99968,-0.00913045,-0.00302988,0.00318209,0.00822276,0.333439,0.0,7837.14,1,0.45,0.0,-0.1528552600779623,170,SHALLOW,APEX,62.0267,0.0,4,90.9268,-4,0.38260171114337566,-0.12,0.0,False,33,5.70304,12.6267,22.455,140.486,90.9268,77.357,71.6721,67.3518,64.5773,62.0267,59.6744,57.4982,54.7119,51.8501,47.2417,40.0655,31.0431,22.7658,11.2227
99967,-0.00913045,-0.00302988,0.00318209,0.00822276,0.333439,0.0,7934.43,1,0.45,0.0,-0.15289470873784886,170,SHALLOW,APEX,62.0267,0.0,4,90.9268,-4,0.38260171114337566,-0.12,0.0,False,34,5.70304,12.6267,22.455,140.486,90.9268,77.357,71.6721,67.3518,64.5773,62.0267,59.6744,57.4982,54.7119,51.8501,47.2417,40.0655,31.0431,22.7658,11.2227
99966,-0.00913045,-0.00302988,0.00318209,0.00822276,0.333439,0.0,8032.76,1,0.45,0.0,-0.15292705663895584,170,SHALLOW,APEX,62.0267,0.0,4,90.9268,-4,0.38260171114337566,-0.12,0.0,False,35,5.70304,12.6267,22.455,140.486,90.9268,77.357,71.6721,67.3518,64.5773,62.0267,59.6744,57.4982,54.7119,51.8501,47.2417,40.0655,31.0431,22.7658,11.2227
99965,-0.00913045,-0.00302988,0.00318209,0.00822276,0.333439,0.0,8132.11,1,0.45,0.0,-0.15295358191786354,170,SHALLOW,APEX,62.0267,0.0,4,90.9268,-4,0.38260171114337566,-0.12,0.0,False,36,5.70304,12.6267,22.455,140.486,90.9268,77.357,71.6721,67.3518,64.5773,62.0267,59.6744,57.4982,54.7119,51.8501,47.2417,40.0655,31.0431,22.7658,11.2227
99964,-0.00913045,-0.00302988,0.00318209,0.00822276,0.333439,0.0,8232.5,1,0.45,0.0,-0.15297533264656787,170,SHALLOW,APEX,62.0267,0.0,4,90.9268,-4,0.38260171114337566,-0.12,0.0,False,37,5.70304,12.6267,22.455,140.486,90.9268,77.357,71.6721,67.3518,64.5773,62.0267,59.6744,57.4982,54.7119,51.8501,47.2417,40.0655,31.0431,22.7658,11.2227
99963,-0.00913045,-0.00302988,0.00318209,0.00822276,0.333439,0.0,8333.92,1,0.45,0.0,-0.15299316824410542,170,SHALLOW,APEX,62.0267,0.0,4,90.9268,-4,0.38260171114337566,-0.12,0.0,False,38,5.70304,12.6267,22.455,140.486,90.9268,77.357,71.6721,67.3518,64.5773,62.0267,59.6744,57.4982,54.7119,51.8501,47.2417,40.0655,31.0431,22.7658,11.2227
99962,-0.00913045,-0.00302988,0.00318209,0.00822276,0.333439,0.0,8436.39,1,0.45,0.0,-0.15300779343408621,170,SHALLOW,APEX,62.0267,0.0,4,90.9268,-4,0.38260171114337566,-0.12,0.0,False,39,5.70304,12.6267,22.455,140.486,90.9268,77.357,71.6721,67.3518,64.5773,62.0267,59.6744,57.4982,54.7119,51.8501,47.2417,40.0655,31.0431,22.7658,11.2227
99961,-0.00913045,-0.00302988,0.00318209,0.00822276,0.333439,0.0,8539.9,1,0.45,0.0,-0.15301978608987046,170,SHALLOW,APEX,62.0267,0.0,4,90.9268,-4,0.38260171114337566,-0.12,0.0,False,40,5.70304,12.6267,22.455,140.486,90.9268,77.357,71.6721,67.3518,64.5773,62.0267,59.6744,57.4982,54.7119,51.8501,47.2417,40.0655,31.0431,22.7658,11.2227
99960,-0.00913045,-0.00302988,0.00318209,0.00822276,0.333439,0.0,8644.46,1,0.45,0.0,-0.15302962006761356,170,SHALLOW,APEX,62.0267,0.0,4,90.9268,-4,0.38260171114337566,-0.12,0.0,False,41,5.70304,12.6267,22.455,140.486,90.9268,77.357,71.6721,67.3518,64.5773,62.0267,59.6744,57.4982,54.7119,51.8501,47.2417,40.0655,31.0431,22.7658,11.2227
99959,-0.00913045,-0.00302988,0.00318209,0.00822276,0.333439,0.0,8750.07,1,0.45,0.0,-0.15303768392936287,170,SHALLOW,APEX,62.0267,0.0,4,90.9268,-4,0.38260171114337566,-0.12,0.0,False,42,5.70304,12.6267,22.455,140.486,90.9268,77.357,71.6721,67.3518,64.5773,62.0267,59.6744,57.4982,54.7119,51.8501,47.2417,40.0655,31.0431,22.7658,11.2227
99958,-0.00913045,-0.00302988,0.00318209,0.00822276,0.333439,0.0,8856.73,1,0.45,0.0,-0.15304429629599733,170,SHALLOW,APEX,62.0267,0.0,4,90.9268,-4,0.38260171114337566,-0.12,0.0,False,43,5.70304,12.6267,22.455,140.486,90.9268,77.357,71.6721,67.3518,64.5773,62.0267,59.6744,57.4982,54.7119,51.8501,47.2417,40.0655,31.0431,22.7658,11.2227
99957,-0.00913045,-0.00302988,0.00318209,0.00822276,0.333439,0.0,8964.44,1,0.45,0.0,-0.1530497184366376,170,SHALLOW,APEX,62.0267,0.0,4,90.9268,-4,0.38260171114337566,-0.12,0.0,False,44,5.70304,12.6267,22.455,140.486,90.9268,77.357,71.6721,67.3518,64.5773,62.0267,59.6744,57.4982,54.7119,51.8501,47.2417,40.0655,31.0431,22.7658,11.2227
99956,-0.00913045,-0.00302988,0.00318209,0.00822276,0.333439,0.0,9073.21,1,0.45,0.0,-0.15305416459196258,170,SHALLOW,APEX,62.0267,0.0,4,90.9268,-4,0.38260171114337566,-0.12,0.0,False,45,5.70304,12.6267,22.455,140.486,90.9268,77.357,71.6721,67.3518,64.5773,62.0267,59.6744,57.4982,54.7119,51.8501,47.2417,40.0655,31.0431,22.7658,11.2227
99955,-0.00913045,-0.00302988,0.00318209,0.00822276,0.333439,0.0,9183.03,1,0.45,0.0,-0.1530578104393291,170,SHALLOW,APEX,62.0267,0.0,4,90.9268,-4,0.38260171114337566,-0.12,0.0,False,46,5.70304,12.6267,22.455,140.486,90.9268,77.357,71.6721,67.3518,64.5773,62.0267,59.6744,57.4982,54.7119,51.8501,47.2417,40.0655,31.0431,22.7658,11.2227
99954,-0.00913045,-0.00302988,0.00318209,0.00822276,0.333439,0.0,9293.92,1,0.45,0.0,-0.1530608000341696,170,SHALLOW,APEX,62.0267,0.0,4,90.9268,-4,0.38260171114337566,-0.12,0.0,False,47,5.70304,12.6267,22.455,140.486,90.9268,77.357,71.6721,67.3518,64.5773,62.0267,59.6744,57.4982,54.7119,51.8501,47.2417,40.0655,31.0431,22.7658,11.2227
99953,-0.00913045,-0.00302988,0.00318209,0.00822276,0.333439,0.0,9405.86,1,0.45,0.0,-0.15306325150193884,170,SHALLOW,APEX,62.0267,0.0,4,90.9268,-4,0.38260171114337566,-0.12,0.0,False,48,5.70304,12.6267,22.455,140.486,90.9268,77.357,71.6721,67.3518,64.5773,62.0267,59.6744,57.4982,54.7119,51.8501,47.2417,40.0655,31.0431,22.7658,11.2227
99952,-0.00913045,-0.00302988,0.00318209,0.00822276,0.333439,0.0,9518.43,1,0.45,0.0,-0.1530652617055096,170,SHALLOW,APEX,62.0267,0.0,4,90.9268,-4,0.38260171114337566,-0.12,0.0,False,49,5.70304,12.6267,22.455,140.486,90.9268,77.357,71.6721,67.3518,64.5773,62.0267,59.6744,57.4982,54.7119,51.8501,47.2417,40.0655,31.0431,22.7658,11.2227
99951,-0.0172761,0.014326,0.00250351,0.00871485,0.33345,0.0,9742.55,1,0.45,0.0,-0.15258835291004755,170,SHALLOW,APEX,61.8894,-0.1372999999999962,4,90.6279,-4,0.3833864945916515,-0.12,0.0,False,50,5.70581,12.6459,22.5469,139.769,90.6279,77.1414,71.4874,67.1892,64.4279,61.8894,59.5475,57.3807,54.6057,51.7549,47.1633,40.0059,31.0009,22.7403,11.2174
99950,0.0478449,-0.00370763,0.00297832,0.00860804,0.333452,0.0,5249.36,1,0.45,0.0,-0.15230146045533513,170,SHALLOW,APEX,61.9188,0.02939999999999543,4,90.6919,-4,0.38321845321234116,-0.12,0.0,False,51,5.70517,12.6417,22.527,139.923,90.6919,77.1878,71.5271,67.2241,64.4599,61.9188,59.5746,57.4059,54.6286,51.7752,47.1801,40.0187,31.0099,22.7458,11.2186
99949,0.114438,-0.00207571,0.00301034,0.00858801,0.333449,0.0,5264.23,1,0.45,0.0,-0.15208551322835295,170,SHALLOW,APEX,61.9237,0.004899999999999238,4,90.7032,-4,0.3831896863157895,-0.12,0.0,False,52,5.70508,12.6409,22.5238,139.951,90.7032,77.1956,71.5338,67.23,64.4653,61.9237,59.5793,57.4101,54.6323,51.7785,47.1828,40.0207,31.0113,22.7467,11.2188
99948,0.215319,-0.0131065,0.00232995,0.00848788,0.333444,0.0,5235.99,1,0.45,0.0,-0.15200562395107253,170,SHALLOW,APEX,61.9511,0.02740000000000009,4,90.7632,-4,0.38303265183303087,-0.12,0.0,False,53,5.70454,12.6372,22.5054,140.096,90.7632,77.2389,71.5708,67.2624,64.4951,61.9511,59.6045,57.4334,54.6533,51.7975,47.1982,40.0325,31.0198,22.7518,11.2198
99947,0.534222,-0.0164747,0.0048649,0.00852602,0.333424,0.0,5235.99,1,0.45,0.0,-0.1519015973061819,170,SHALLOW,APEX,61.9381,-0.012999999999998124,4,90.7367,-4,0.3831047966606171,-0.12,0.0,False,54,5.70493,12.6391,22.5149,140.035,90.7367,77.2195,71.5537,67.2474,64.4812,61.9381,59.5923,57.4222,54.6431,51.7882,47.1905,40.0264,31.0154,22.7492,11.2192
99946,0.92084,-0.0418622,0.0116406,0.00845116,0.333385,0.0,5235.99,1,0.45,0.0,-0.15188654361229553,170,SHALLOW,APEX,61.9542,0.016100000000001558,4,90.7749,-4,0.38300899114337567,-0.12,0.0,False,55,5.70483,12.6371,22.5056,140.132,90.7749,77.2458,71.5761,67.2665,64.4987,61.9542,59.6069,57.4353,54.6548,51.7984,47.1986,40.0324,31.0196,22.7518,11.2197
99945,1.31529,-0.0486876,0.0206024,0.00853747,0.333334,0.0,5235.99,1,0.45,0.0,-0.15178664280490253,170,SHALLOW,APEX,61.9224,-0.03179999999999694,4,90.7115,-4,0.38318376079854805,-0.12,0.0,False,56,5.70577,12.6418,22.5288,139.99,90.7115,77.1988,71.5352,67.2301,64.4649,61.9224,59.5776,57.4078,54.6297,51.7756,47.1792,40.0172,31.0089,22.7454,11.2183
99944,1.70592,-0.0618262,0.0291949,0.0085594,0.33327,0.0,5235.99,1,0.45,0.0,-0.15167898610328,170,SHALLOW,APEX,61.9064,-0.016000000000005343,4,90.6838,-4,0.3832666559709619,-0.12,0.0,False,57,5.70644,12.6443,22.542,139.936,90.6838,77.1768,71.5154,67.2121,64.4477,61.9064,59.5624,57.3936,54.6161,51.7631,47.1681,40.0082,31.0027,22.7418,11.2176
99943,2.11188,-0.0646413,0.0358001,0.00869768,0.333197,0.0,5235.99,1,0.45,0.0,-0.15145102578130137,170,SHALLOW,APEX,61.8557,-0.05069999999999908,4,90.5815,-4,0.3835467607985481,-0.12,0.0,False,58,5.70788,12.6517,22.5792,139.706,90.5815,77.1009,71.4493,67.1529,64.3931,61.8557,59.5147,57.349,54.5754,51.7259,47.1366,39.9835,30.9855,22.7315,11.2154
99942,2.48892,-0.0555656,0.0394473,0.00884598,0.333124,0.0,5235.99,1,0.45,0.0,-0.15111465672754845,170,SHALLOW,APEX,61.7999,-0.05579999999999785,4,90.4712,-4,0.3838522932123412,-0.12,0.0,False,59,5.70936,12.6596,22.6201,139.46,90.4712,77.0184,71.3773,67.0888,64.3333,61.7999,59.4629,57.3004,54.531,51.6854,47.1022,39.9567,30.9666,22.7204,11.2132
99941,2.8748,-0.0611528,0.0399106,0.00917214,0.333054,0.0,5235.99,1,0.45,0.0,-0.15051635704888927,170,SHALLOW,APEX,61.6929,-0.10699999999999932,4,90.2499,-4,0.3844499221778584,-0.12,0.0,False,60,5.71186,12.6747,22.697,138.952,90.2499,76.856,71.2365,66.9635,64.2176,61.6929,59.3632,57.2074,54.4464,51.6091,47.038,39.9068,30.9318,22.6998,11.209
99940,3.23298,-0.0821582,0.0400403,0.00937146,0.332951,0.0,5235.99,1,0.45,0.0,-0.14982456280125545,170,SHALLOW,APEX,61.6184,-0.07450000000000045,4,90.1025,-4,0.3848580090744101,-0.12,0.0,False,61,5.7139,12.6854,22.7533,138.624,90.1025,76.7458,71.1405,66.8773,64.1377,61.6184,59.2938,57.1424,54.3867,51.5548,46.9918,39.8705,30.9065,22.6848,11.2059
99939,3.71161,-0.090712,0.0419765,0.00971621,0.332832,0.0,5235.99,1,0.45,0.0,-0.1489133556784144,170,SHALLOW,APEX,61.4993,-0.11910000000000309,4,89.8615,-4,0.38551682976406526,-0.12,0.0,False,62,5.71692,12.7026,22.8429,138.079,89.8615,76.5666,70.9852,66.7388,64.0097,61.4993,59.1827,57.0386,54.292,51.4687,46.9192,39.8138,30.8668,22.6614,11.2012
99938,4.09208,-0.094374,0.0460547,0.0100576,0.332715,0.0,5235.99,1,0.45,0.0,-0.14782563953282923,170,SHALLOW,APEX,61.3812,-0.11809999999999832,4,89.6231,-4,0.38616942700544465,-0.12,0.0,False,63,5.71992,12.7197,22.933,137.542,89.6231,76.3899,70.8315,66.6016,63.8826,61.3812,59.0729,56.9359,54.1979,51.3834,46.8471,39.7575,30.8274,22.6382,11.1964
99937,4.52097,-0.111907,0.0515489,0.0103967,0.332583,0.0,5235.99,1,0.45,0.0,-0.14659439051329032,170,SHALLOW,APEX,61.2618,-0.11939999999999884,4,89.3837,-4,0.38682725872958257,-0.12,0.0,False,64,5.72303,12.7371,23.0268,137.008,89.3837,76.2116,70.6762,66.463,63.7541,61.2618,58.9614,56.8317,54.1026,51.2969,46.7738,39.7,30.7872,22.6144,11.1916
99936,4.93149,-0.112411,0.0580469,0.0108325,0.332436,0.0,5235.99,1,0.45,0.0,-0.1451502300051678,170,SHALLOW,APEX,61.1139,-0.14789999999999992,4,89.0844,-4,0.3876454187295826,-0.12,0.0,False,65,5.72684,12.759,23.1442,136.336,89.0844,75.9896,70.4833,66.2909,63.5948,61.1139,58.8233,56.7025,53.9847,51.1899,46.6835,39.6294,30.7379,22.5852,11.1856
99935,5.29788,-0.119036,0.0650797,0.0112674,0.332277,0.0,5235.99,1,0.45,0.0,-0.14353153790183326,170,SHALLOW,APEX,60.9643,-0.1495999999999995,4,88.7845,-4,0.38846957459165155,-0.12,0.0,False,0,5.73075,12.7813,23.2658,135.668,88.7845,75.7663,70.2891,66.1173,63.4338,60.9643,58.6839,56.5724,53.8656,51.0816,46.5918,39.5577,30.6877,22.5555,11.1795
99934,5.62903,-0.125351,0.0719755,0.0117518,0.332106,0.0,5235.99,1,0.45,0.0,-0.1417206946919646,170,SHALLOW,APEX,60.7994,-0.16490000000000293,4,88.4541,-4,0.3893778132123412,-0.12,0.0,False,0,5.73506,12.806,23.4031,134.932,88.4541,75.5205,70.0751,65.9262,63.2569,60.7994,58.5303,56.4287,53.7343,50.9625,46.4909,39.4785,30.6325,22.5228,11.1728
99933,5.97882,-0.132366,0.0784312,0.0122544,0.33192,0.0,5235.99,1,0.45,0.0,-0.13973353426055662,170,SHALLOW,APEX,60.6282,-0.1711999999999989,4,88.1117,-4,0.3903200035571688,-0.12,0.0,False,0,5.73961,12.8321,23.5499,134.174,88.1117,75.2653,69.8528,65.7274,63.0724,60.6282,58.3707,56.2792,53.5976,50.8384,46.3857,39.3959,30.5748,22.4886,11.1657
99932,6.38487,-0.137543,0.0842135,0.0127818,0.331721,0.0,5235.99,1,0.45,0.0,-0.13757674860684369,170,SHALLOW,APEX,60.4488,-0.17940000000000111,4,87.7538,-4,0.39130624217785837,-0.12,0.0,False,0,5.74443,12.8598,23.7085,133.386,87.7538,74.9986,69.6202,65.5193,62.8796,60.4488,58.2031,56.1224,53.4541,50.708,46.2754,39.3092,30.5142,22.4526,11.1583
99931,6.8296,-0.148143,0.0893978,0.0133406,0.331507,0.0,5235.99,1,0.45,0.0,-0.13524925978373661,170,SHALLOW,APEX,60.2593,-0.18949999999999534,4,87.3774,-4,0.3923460256261343,-0.12,0.0,False,0,5.74956,12.8894,23.8816,132.558,87.3774,74.7166,69.3748,65.2999,62.676,60.2593,58.0262,55.9569,53.3024,50.5701,46.1584,39.2172,30.45,22.4146,11.1505
99930,7.26487,-0.15475,0.0941787,0.0139157,0.33128,0.0,5235.99,1,0.45,0.0,-0.13276502850122326,170,SHALLOW,APEX,60.0641,-0.19519999999999982,4,86.991,-4,0.3934154987295826,-0.12,0.0,False,0,5.75491,12.9203,24.0657,131.714,86.991,74.4274,69.1223,65.0737,62.4663,60.0641,57.844,55.7863,53.1462,50.4282,46.0379,39.1222,30.3835,22.3752,11.1423
99929,7.65911,-0.160189,0.0986835,0.0145089,0.331039,0.0,5235.99,1,0.45,0.0,-0.1301336808906406,170,SHALLOW,APEX,59.8625,-0.20160000000000622,4,86.5937,-4,0.3945179139019964,-0.12,0.0,False,0,5.7605,12.9527,24.2632,130.851,86.5937,74.1294,68.8619,64.8409,62.25,59.8625,57.6559,55.61,52.9848,50.2812,45.9131,39.0238,30.3149,22.3346,11.1339
99928,8.0199,-0.164385,0.103113,0.0151121,0.330784,0.0,5235.99,1,0.45,0.0,-0.12737100000852383,170,SHALLOW,APEX,59.6572,-0.20529999999999404,4,86.1906,-4,0.3956387718330308,-0.12,0.0,False,0,5.76628,12.9861,24.4727,129.979,86.1906,73.8266,68.5972,64.6036,62.0297,59.6572,57.464,55.4302,52.82,50.1311,45.7855,38.9229,30.2445,22.2928,11.1252
99927,8.37914,-0.166142,0.107976,0.015794,0.330487,0.0,5235.99,1,0.45,0.0,-0.1244210970203386,170,SHALLOW,APEX,59.4251,-0.23210000000000264,4,85.7369,-4,0.3969035221778584,-0.12,0.0,False,0,5.7729,13.0245,24.7205,129.003,85.7369,73.4848,68.2983,64.3354,61.7805,59.4251,57.247,55.2268,52.6334,49.9612,45.6408,38.8084,30.1646,22.2455,11.1154
99926,8.79333,-0.170925,0.112434,0.0164401,0.330201,0.0,5235.99,1,0.45,0.0,-0.12135329451658886,170,SHALLOW,APEX,59.206,-0.2190999999999974,4,85.3097,-4,0.3980961276950998,-0.12,0.0,False,0,5.77922,13.0613,24.9654,128.09,85.3097,73.1631,68.0166,64.0825,61.5455,59.206,57.0419,55.0348,52.4571,49.8005,45.5039,38.7,30.089,22.2007,11.1061
99925,9.22039,-0.175542,0.117154,0.0171,0.3299,0.0,5235.99,1,0.45,0.0,-0.11817434682020246,170,SHALLOW,APEX,58.9821,-0.22390000000000043,4,84.8754,-4,0.3993121497640653,-0.12,0.0,False,0,5.78576,13.0995,25.2277,127.166,84.8754,72.8347,67.7292,63.8243,61.3054,58.9821,56.8327,54.8384,52.2768,49.6361,45.364,38.5888,30.0114,22.1546,11.0965
99924,9.63323,-0.179533,0.122155,0.0177709,0.329584,0.0,5235.99,1,0.45,0.0,-0.11489251975508506,170,SHALLOW,APEX,58.7545,-0.22760000000000247,4,84.4353,-4,0.40054661459165153,-0.12,0.0,False,0,5.79251,13.1391,25.5093,126.235,84.4353,72.5018,67.437,63.5622,61.0615,58.7545,56.6195,54.6383,52.0932,49.4685,45.2209,38.4752,29.9321,22.1077,11.0866
99923,10.0219,-0.182062,0.1273,0.0184509,0.329254,0.0,5235.99,1,0.45,0.0,-0.11151651035051756,170,SHALLOW,APEX,58.5236,-0.23089999999999833,4,83.9907,-4,0.40179672079854806,-0.12,0.0,False,0,5.79945,13.1798,25.8114,125.3,83.9907,72.1648,67.1413,63.2963,60.8142,58.5236,56.4032,54.4354,51.9066,49.2983,45.0754,38.3594,29.8515,22.0598,11.0766
99922,10.3947,-0.183812,0.132544,0.0191376,0.32891,0.0,5235.99,1,0.45,0.0,-0.10805578783831443,170,SHALLOW,APEX,58.2898,-0.23380000000000223,4,83.5431,-4,0.4030594270054446,-0.12,0.0,False,0,5.80657,13.2218,26.1358,124.365,83.5431,71.825,66.8428,63.0276,60.5638,58.2898,56.1844,54.2297,51.7175,49.1256,44.9279,38.2419,29.7696,22.0111,11.0664
99921,10.7613,-0.183127,0.137718,0.0198275,0.32855,0.0,5235.99,1,0.45,0.0,-0.10452138928744459,170,SHALLOW,APEX,58.0544,-0.2353999999999985,4,83.0946,-4,0.4043281787295826,-0.12,0.0,False,0,5.81385,13.2648,26.4845,123.433,83.0946,71.4834,66.5427,62.7573,60.312,58.0544,55.964,54.0226,51.527,48.9516,44.7788,38.1228,29.6868,21.9619,11.0561
99920,11.1371,-0.183952,0.142865,0.0205237,0.328175,0.0,5235.99,1,0.45,0.0,-0.10091941400688217,170,SHALLOW,APEX,57.8164,-0.23799999999999955,4,82.6431,-4,0.40560859941923777,-0.12,0.0,False,0,5.82131,13.3091,26.8626,122.501,82.6431,71.1392,66.2398,62.4842,60.0575,57.8164,55.7409,53.8129,51.3339,48.7749,44.6274,38.002,29.6026,21.9119,11.0456
99919,11.525,-0.183358,0.147923,0.0212204,0.327785,0.0,5235.99,1,0.45,0.0,-0.09726051279384601,170,SHALLOW,APEX,57.5775,-0.238900000000001,4,82.1918,-4,0.4068915732123412,-0.12,0.0,False,0,5.82893,13.3544,27.2737,121.574,82.1918,70.7943,65.9358,62.2101,59.802,57.5775,55.5166,53.6022,51.1397,48.5971,44.475,37.8798,29.5177,21.8615,11.035
99918,11.9221,-0.182469,0.152936,0.0219147,0.327382,0.0,5235.99,1,0.45,0.0,-0.09355638078398548,170,SHALLOW,APEX,57.3383,-0.23920000000000385,4,81.7424,-4,0.40817319803992735,-0.12,0.0,False,0,5.83665,13.4006,27.7213,120.658,81.7424,70.4502,65.6324,61.9362,59.5463,57.3383,55.2923,53.3908,50.9451,48.4188,44.3219,37.7572,29.4323,21.8109,11.0243
99917,12.3225,-0.182888,0.157918,0.0226104,0.326964,0.0,5235.99,1,0.45,0.0,-0.08981276988117659,170,SHALLOW,APEX,57.0978,-0.24049999999999727,4,81.2932,-4,0.4094586173502722,-0.12,0.0,False,0,5.84453,13.448,28.2164,119.747,81.2932,70.1048,65.3279,61.6611,59.2895,57.0978,55.0664,53.1784,50.749,48.2393,44.1674,37.6334,29.3461,21.7596,11.0135
99916,12.7204,-0.181139,0.162834,0.0232989,0.32653,0.0,5235.99,1,0.45,0.0,-0.08604270488956241,170,SHALLOW,APEX,56.8582,-0.23960000000000292,4,80.8477,-4,0.4107368035571688,-0.12,0.0,False,0,5.85252,13.4961,28.7667,118.85,80.8477,69.7625,65.0252,61.3873,59.0337,56.8582,54.8413,52.9664,50.5532,48.0597,44.0129,37.5093,29.2599,21.7083,11.0026
99915,13.1134,-0.178543,0.167771,0.0239775,0.326081,0.0,5235.99,1,0.45,0.0,-0.08225956442481996,170,SHALLOW,APEX,56.6198,-0.2383999999999986,4,80.4075,-4,0.4120049056261343,-0.12,0.0,False,0,5.86059,13.5448,29.3877,117.969,80.4075,69.4228,64.7245,61.1154,58.7795,56.6198,54.6173,52.7552,50.3583,47.8808,43.8585,37.3852,29.1735,21.657,10.9918
99914,13.5028,-0.175287,0.17271,0.0246445,0.325619,0.0,5235.99,1,0.45,0.0,-0.07847611159983234,170,SHALLOW,APEX,56.3836,-0.23619999999999663,4,79.9733,-4,0.41325898010889295,-0.12,0.0,False,0,5.86871,13.5941,30.1041,117.107,79.9733,69.0869,64.4273,60.846,58.5276,56.3836,54.395,52.5457,50.1646,47.7028,43.7048,37.2614,29.0876,21.6058,10.981
99913,13.8908,-0.171472,0.177638,0.0252983,0.325143,0.0,5235.99,1,0.45,0.0,-0.07470430221236636,170,SHALLOW,APEX,56.1494,-0.2342000000000013,4,79.5458,-4,0.4144988076950998,-0.12,0.0,False,0,5.87689,13.6439,30.9612,116.265,79.5458,68.7557,64.1334,60.5794,58.278,56.1494,54.1746,52.3379,49.9722,47.526,43.5519,37.1382,29.002,21.555,10.9702
99912,14.2788,-0.169086,0.182586,0.0259439,0.324653,0.0,5235.99,1,0.45,0.0,-0.0709490698753323,170,SHALLOW,APEX,55.916,-0.23340000000000316,4,79.1221,-4,0.41573159252268604,-0.12,0.0,False,0,5.88516,13.6946,32.0749,115.435,79.1221,68.426,63.841,60.3144,58.0297,55.916,53.9549,52.1303,49.7803,47.3494,43.3988,37.0149,28.9163,21.504,10.9594
99911,14.6675,-0.164627,0.187546,0.0265738,0.324148,0.0,5235.99,1,0.45,0.0,-0.06722169696320442,170,SHALLOW,APEX,55.6854,-0.23059999999999548,4,78.706,-4,0.4169465676950998,-0.12,0.0,False,0,5.89347,13.7456,33.8653,114.625,78.706,68.102,63.5529,60.0524,57.7841,55.6854,53.7375,51.9251,49.5899,47.174,43.2467,36.8921,28.8311,21.4533,10.9487
99910,15.0567,-0.159475,0.192539,0.0271847,0.323629,0.0,5235.99,1,0.45,0.0,-0.06353471771628234,170,SHALLOW,APEX,55.458,-0.22740000000000293,4,78.2987,-4,0.4181410518330308,-0.12,0.0,False,0,5.9018,13.7971,200.0,113.839,78.2987,67.7837,63.2697,59.7948,57.5425,55.458,53.5232,51.7226,49.4022,47.0009,43.0963,36.7704,28.7466,21.403,10.9381
99909,15.4461,-0.155842,0.197518,0.0277826,0.323096,0.0,5235.99,1,0.45,0.0,-0.059892566042101414,170,SHALLOW,APEX,55.2326,-0.2254000000000005,4,77.8972,-4,0.41932236907441023,-0.12,0.0,False,0,5.91018,13.8491,200.0,113.069,77.8972,67.469,62.989,59.5394,57.3031,55.2326,53.3104,51.5213,49.2154,46.8285,42.9464,36.6493,28.6625,21.3529,10.9275
99908,15.8357,-0.150112,0.202516,0.0283596,0.322549,0.0,5235.99,1,0.45,0.0,-0.05630657256802923,170,SHALLOW,APEX,55.0107,-0.221899999999998,4,77.5047,-4,0.4204820242468239,-0.12,0.0,False,0,5.91856,13.9014,200.0,112.323,77.5047,67.1609,62.7142,59.2887,57.0675,55.0107,53.1009,51.3232,49.0313,46.6585,42.7979,36.5294,28.5792,21.3033,10.917
99907,16.2253,-0.14364,0.207518,0.0289118,0.32199,0.0,5235.99,1,0.45,0.0,-0.052789963918688926,130,MEDIUM,APEX,54.7932,-0.21750000000000114,4,77.1232,-4,0.42161482424682395,-0.12,0.0,False,0,5.92692,13.9537,200.0,111.604,77.1232,66.8602,62.4454,59.0433,56.8367,54.7932,52.8956,51.1285,48.8502,46.4912,42.6518,36.411,28.4971,21.2544,10.9067
99906,16.6148,-0.138752,0.212496,0.0294463,0.321417,0.0,5235.99,1,0.45,0.0,-0.04934653352568426,130,MEDIUM,APEX,54.5786,-0.21459999999999724,4,76.7489,-4,0.42272998424682395,-0.12,0.0,False,0,5.93529,14.0065,200.0,110.903,76.7489,66.5643,62.1804,58.8014,56.6092,54.5786,52.6925,50.9362,48.6712,46.3255,42.5068,36.2935,28.4156,21.2057,10.8965
99905,17.0044,-0.131758,0.217504,0.0299541,0.32083,0.0,5235.99,1,0.45,0.0,-0.045988158257195794,130,MEDIUM,APEX,54.3687,-0.20990000000000464,4,76.3859,-4,0.42381699803992745,-0.12,0.0,False,0,5.94362,14.0591,200.0,110.229,76.3859,66.276,61.9222,58.5651,56.3869,54.3687,52.4937,50.7477,48.4954,46.1627,42.3641,36.1778,28.3353,21.1579,10.8865
99904,17.3938,-0.12612,0.222492,0.030441,0.320231,0.0,5235.99,1,0.45,0.0,-0.042719064581271615,130,MEDIUM,APEX,54.162,-0.20669999999999789,4,76.031,-4,0.4248843607985481,-0.12,0.0,False,0,5.95195,14.1121,200.0,109.576,76.031,65.9937,61.6689,58.333,56.1679,54.162,52.298,50.5619,48.3222,46.0019,42.223,36.0631,28.2559,21.1106,10.8765
99903,17.7832,-0.120485,0.227458,0.0309069,0.319618,0.0,5235.99,1,0.45,0.0,-0.039542678804536324,130,MEDIUM,APEX,53.9584,-0.20360000000000156,4,75.6842,-4,0.4259323828675136,-0.12,0.0,False,0,5.96027,14.1655,200.0,108.943,75.6842,65.7171,61.42,58.1051,55.9528,53.9584,52.1051,50.3786,48.1512,45.843,42.0832,35.9497,28.1773,21.0636,10.8667
99902,18.2114,-0.114462,0.232959,0.0313951,0.318928,0.0,5235.99,1,0.45,0.0,-0.03641532587512251,130,MEDIUM,APEX,53.7383,-0.22009999999999508,4,75.3122,-4,0.42706185183303086,-0.12,0.0,False,0,5.96941,14.2245,200.0,108.269,75.3122,65.4192,61.1518,57.8585,55.7203,53.7383,51.8963,50.1803,47.9656,45.6707,41.931,35.8263,28.0917,21.0124,10.8561
99901,18.6006,-0.106279,0.237941,0.0318066,0.318289,0.0,5235.99,1,0.45,0.0,-0.03340637624741941,130,MEDIUM,APEX,53.5437,-0.19460000000000122,4,74.9865,-4,0.42805662286751356,-0.12,0.0,False,0,5.97763,14.2779,200.0,107.687,74.9865,65.1574,60.9155,57.6411,55.5147,53.5437,51.7115,50.0043,47.8011,45.5174,41.7957,35.7162,28.0153,20.9669,10.8466
99900,18.9897,-0.0991903,0.242909,0.0321905,0.317638,0.0,5235.99,1,0.45,0.0,-0.030520579706866644,130,MEDIUM,APEX,53.3536,-0.19010000000000105,4,74.6711,-4,0.42902506838475496,-0.12,0.0,False,0,5.98579,14.3312,200.0,107.127,74.6711,64.9028,60.6853,57.4292,55.3144,53.3536,51.5307,49.8321,47.6398,45.3669,41.6624,35.6079,27.9403,20.922,10.8373
99899,19.3788,-0.0943602,0.247887,0.0325577,0.316974,0.0,5235.99,1,0.45,0.0,-0.027751145769580904,130,MEDIUM,APEX,53.1654,-0.18820000000000192,4,74.3614,-4,0.42998077735027224,-0.12,0.0,False,0,5.99396,14.3851,200.0,106.583,74.3614,64.6521,60.4584,57.2199,55.1162,53.1654,51.352,49.6616,47.48,45.2177,41.53,35.5004,27.8657,20.8774,10.8281
99898,19.7677,-0.0876357,0.252473,0.0328981,0.316297,0.0,5235.99,1,0.45,0.0,-0.025102343924120297,130,MEDIUM,APEX,52.9813,-0.18410000000000082,4,74.0613,-4,0.4309122421778584,-0.12,0.0,False,0,6.00208,14.4389,200.0,106.06,74.0613,64.4078,60.2372,57.0155,54.9224,52.9813,51.1768,49.4946,47.3229,45.0711,41.3996,35.3941,27.7921,20.8333,10.819
99897,20.1567,-0.0801572,0.252922,0.0332095,0.315609,0.0,5235.99,1,0.45,0.0,-0.02257995481325624,130,MEDIUM,APEX,52.802,-0.1792999999999978,4,73.7715,-4,0.4318164504537205,-0.12,0.0,False,0,6.01012,14.4929,200.0,105.562,73.7715,64.1713,60.0222,56.8165,54.7337,52.802,51.0057,49.3311,47.1693,44.9274,41.2715,35.2901,27.7199,20.79,10.81
99896,20.5455,-0.0745788,0.251977,0.0335004,0.314909,0.0,5235.99,1,0.45,0.0,-0.018515562946870116,130,MEDIUM,APEX,52.6252,-0.17680000000000007,4,73.4885,-4,0.43270474010889287,-0.12,0.0,False,0,6.01814,14.5471,200.0,105.08,73.4885,63.9395,59.8109,56.6211,54.548,52.6252,50.8371,49.17,47.0178,44.7854,41.1446,35.1868,27.6483,20.747,10.801
99895,20.9344,-0.0647648,0.251404,0.0337512,0.3142,0.0,5235.99,1,0.45,0.0,-0.015182761616433494,130,MEDIUM,APEX,52.4552,-0.1700000000000017,4,73.2203,-4,0.43355416631578947,-0.12,0.0,False,0,6.02599,14.6004,200.0,104.63,73.2203,63.7184,59.609,56.4334,54.3697,52.4552,50.6747,49.0147,46.8712,44.648,41.0214,35.0865,27.5786,20.7053,10.7922
99894,21.3232,-0.0534624,0.252508,0.0339557,0.313484,0.0,5235.99,1,0.45,0.0,-0.012449864525475465,130,MEDIUM,APEX,52.2932,-0.16199999999999903,4,72.9691,-4,0.43435836493647917,-0.12,0.0,False,0,6.03359,14.6528,200.0,104.218,72.9691,63.5098,59.418,56.2555,54.2,52.2932,50.5197,48.8663,46.7308,44.516,40.9026,34.9897,27.5115,20.665,10.7838
99893,21.7119,-0.0437931,0.255419,0.0341222,0.312763,0.0,5235.99,1,0.45,0.0,-0.01020888891088988,130,MEDIUM,APEX,52.1376,-0.15559999999999974,4,72.7319,-4,0.4351259014882033,-0.12,0.0,False,0,6.04101,14.7043,200.0,103.836,72.7319,63.3113,59.2355,56.0851,54.0373,52.1376,50.3706,48.7231,46.5952,44.3882,40.7873,34.8957,27.4463,20.6258,10.7755
99892,22.1005,-0.0367311,0.259843,0.0342619,0.312033,0.0,5235.99,1,0.45,0.0,-0.0083712889069297,130,MEDIUM,APEX,51.9856,-0.15200000000000102,4,72.5028,-4,0.43587254562613426,-0.12,0.0,False,0,6.04833,14.7557,200.0,103.473,72.5028,63.1186,59.0579,55.9192,53.8788,51.9856,50.2248,48.583,46.4625,44.2629,40.6736,34.8031,27.3821,20.5873,10.7674
99891,22.489,-0.0302764,0.265267,0.0343768,0.311293,0.0,5235.99,1,0.45,0.0,-0.006864456903682354,130,MEDIUM,APEX,51.837,-0.14859999999999474,4,72.2814,-4,0.43659939803992737,-0.12,0.0,False,0,6.05558,14.8074,200.0,103.127,72.2814,62.9315,58.885,55.7572,53.7236,51.837,50.0818,48.4456,46.332,44.1393,40.5618,34.7117,27.3187,20.5492,10.7592
99890,22.8775,-0.0262326,0.271338,0.0344774,0.310544,0.0,5235.99,1,0.45,0.0,-0.00562885466101953,130,MEDIUM,APEX,51.6893,-0.1477000000000004,4,72.0637,-4,0.43731901735027223,-0.12,0.0,False,0,6.06282,14.8597,200.0,102.791,72.0637,62.7465,58.7141,55.5966,53.5697,51.6893,49.94,48.3089,46.2022,44.0165,40.4499,34.6205,27.2554,20.511,10.751
99889,23.2658,-0.0228464,0.277549,0.0345656,0.309784,0.0,5235.99,1,0.45,0.0,-0.0046156608220360145,130,MEDIUM,APEX,51.5421,-0.1472000000000051,4,71.8477,-4,0.4380350449364791,-0.12,0.0,False,0,6.07007,14.9129,200.0,102.46,71.8477,62.5629,58.544,55.4366,53.4164,51.5421,49.7986,48.1726,46.0726,43.8936,40.3383,34.5293,27.1919,20.4727,10.7427
99888,23.6541,-0.0195827,0.283621,0.034641,0.309012,0.0,5235.99,1,0.45,0.0,-0.0037848418740695318,130,MEDIUM,APEX,51.3956,-0.14649999999999608,4,71.6346,-4,0.43874542010889295,-0.12,0.0,False,0,6.07735,14.9672,200.0,102.138,71.6346,62.381,58.375,55.2778,53.2639,51.3956,49.6575,48.0367,45.9432,43.771,40.2265,34.4378,27.1284,20.4342,10.7343
99887,24.0423,-0.0162873,0.289344,0.034703,0.30823,0.0,5235.99,1,0.45,0.0,-0.003103570336737016,130,MEDIUM,APEX,51.2498,-0.14580000000000126,4,71.4241,-4,0.43945050286751364,-0.12,0.0,False,0,6.08464,15.0225,200.0,101.821,71.4241,62.2003,58.2072,55.12,53.1123,51.2498,49.5172,47.9013,45.8141,43.6487,40.1147,34.3465,27.0649,20.3956,10.7258
99886,24.4305,-0.0129156,0.294681,0.0347516,0.307438,0.0,5235.99,1,0.45,0.0,-0.002544927676124353,130,MEDIUM,APEX,51.1048,-0.14500000000000313,4,71.2163,-4,0.44014986286751356,-0.12,0.0,False,0,6.09192,15.0786,200.0,101.513,71.2163,62.0216,58.041,54.9631,52.9616,51.1048,49.3774,47.7664,45.6855,43.5264,40.0029,34.2552,27.0012,20.357,10.7171
99885,24.8186,-0.0118971,0.299589,0.0347969,0.306634,0.0,5235.99,1,0.45,0.0,-0.002086840694421969,130,MEDIUM,APEX,50.9582,-0.1465999999999994,4,71.0068,-4,0.4408562283847549,-0.12,0.0,False,0,6.0993,15.1365,200.0,101.203,71.0068,61.8413,57.8731,54.8048,52.8095,50.9582,49.2362,47.6299,45.5554,43.4029,39.89,34.1625,26.9366,20.3179,10.7082
99884,25.2066,-0.00920897,0.304154,0.0348317,0.305817,0.0,5235.99,1,0.45,0.0,-0.0017112093694260145,130,MEDIUM,APEX,50.8119,-0.14629999999999654,4,70.7986,-4,0.44156010286751357,-0.12,0.0,False,0,6.10671,15.1958,200.0,100.898,70.7986,61.6617,57.7058,54.6466,52.6577,50.8119,49.095,47.4936,45.4253,43.279,39.7767,34.0697,26.8719,20.2784,10.6992
99883,25.5945,-0.00834523,0.308541,0.0348632,0.304988,0.0,5235.99,1,0.45,0.0,-0.0014031916829293318,130,MEDIUM,APEX,50.6639,-0.14800000000000324,4,70.5891,-4,0.44227081321234124,-0.12,0.0,False,0,6.11421,15.2569,200.0,100.591,70.5891,61.4804,57.5365,54.487,52.5041,50.6639,48.9524,47.3558,45.2938,43.154,39.662,33.9759,26.8062,20.2383,10.6899
99882,25.9824,-0.00564432,0.312813,0.0348837,0.304149,0.0,5235.99,1,0.45,0.0,-0.001150617180002052,130,MEDIUM,APEX,50.5164,-0.14750000000000085,4,70.3809,-4,0.4429784118330308,-0.12,0.0,False,0,6.12172,15.3192,200.0,100.289,70.3809,61.3001,57.3682,54.3278,52.351,50.5164,48.8098,47.2181,45.1621,43.0288,39.5472,33.8816,26.7404,20.1979,10.6804
99881,26.3702,-0.00471689,0.317102,0.0349004,0.303298,0.0,5235.99,1,0.45,0.0,-0.0009435060876016825,130,MEDIUM,APEX,50.3673,-0.14909999999999712,4,70.1711,-4,0.4436928959709619,-0.12,0.0,False,0,6.12932,15.3835,200.0,99.9868,70.1711,61.1184,57.1985,54.1675,52.1964,50.3673,48.6661,47.0791,45.0293,42.9024,39.4311,33.7864,26.6737,20.157,10.6706
99880,26.7579,-0.00442352,0.321449,0.0349171,0.302435,0.0,5235.99,1,0.45,0.0,-0.0007736749918333797,130,MEDIUM,APEX,50.2161,-0.1512000000000029,4,69.9588,-4,0.44441689735027223,-0.12,0.0,False,0,6.13702,15.4501,200.0,99.6796,69.9588,60.9342,57.0263,54.0047,52.0397,50.2161,48.52,46.9381,44.8945,42.7741,39.3135,33.6897,26.606,20.1153,10.6606
99879,27.1455,-0.00434906,0.325963,0.0349337,0.301559,0.0,5235.99,1,0.45,0.0,-0.0006344134933033713,130,MEDIUM,APEX,50.0628,-0.15329999999999444,4,69.7432,-4,0.4451513759709618,-0.12,0.0,False,0,6.14483,15.5189,200.0,99.3686,69.7432,60.7472,56.8518,53.8393,51.8806,50.0628,48.3721,46.795,44.7577,42.644,39.194,33.5916,26.5371,20.0728,10.6503
99878,27.5331,-0.00435268,0.330525,0.0349509,0.30067,0.0,5235.99,1,0.45,0.0,-0.0005202190645087644,130,MEDIUM,APEX,49.9073,-0.15550000000000352,4,69.5247,-4,0.44589616217785843,-0.12,0.0,False,0,6.15277,15.5903,200.0,99.053,69.5247,60.5575,56.6746,53.6718,51.7192,49.9073,48.222,46.6498,44.619,42.512,39.0729,33.492,26.4671,20.0296,10.6396
99877,27.9205,-0.00438266,0.335183,0.0349681,0.299768,0.0,5235.99,1,0.45,0.0,-0.00042657963289718676,130,MEDIUM,APEX,49.7496,-0.1576999999999984,4,69.3028,-4,0.4466518559709619,-0.12,0.0,False,0,6.16085,15.6643,200.0,98.7328,69.3028,60.3653,56.4947,53.5019,51.5557,49.7496,48.0695,46.5026,44.4784,42.3781,38.9502,33.3908,26.3959,19.9855,10.6286
99876,28.3078,-0.00188939,0.339548,0.0349738,0.298855,0.0,5235.99,1,0.45,0.0,-0.00034979529897569313,130,MEDIUM,APEX,49.5921,-0.15749999999999886,4,69.0829,-4,0.44740452907441014,-0.12,0.0,False,0,6.16916,15.7399,200.0,98.418,69.0829,60.1738,56.3158,53.3324,51.3924,49.5921,47.9174,46.3556,44.3377,42.244,38.827,33.2896,26.3246,19.9413,10.6173
99875,28.6936,-0.000939552,0.331518,0.0349714,0.29793,0.0,5235.99,1,0.45,0.0,-0.00028683214516006837,130,MEDIUM,APEX,49.4342,-0.15790000000000504,4,68.8631,-4,0.4481583235571688,-0.12,0.0,False,0,6.17782,15.8176,200.0,98.105,68.8631,59.9821,56.1364,53.1626,51.2287,49.4342,47.7648,46.2077,44.1964,42.1094,38.7032,33.1875,26.2526,19.8964,10.6059
99874,29.0816,-0.000586785,0.325638,0.0349724,0.296993,0.0,5235.99,1,0.45,0.0,-0.00023520235903125604,130,MEDIUM,APEX,49.2734,-0.16079999999999472,4,68.6389,-4,0.44892639803992734,-0.12,0.0,False,0,6.18689,15.8983,200.0,97.7859,68.6389,59.7871,55.9541,52.9896,51.0621,49.2734,47.6094,46.0574,44.0527,41.9725,38.5772,33.0838,26.1793,19.8507,10.594
99873,29.4691,-0.000437203,0.323383,0.0349728,0.296044,0.0,5235.99,1,0.45,0.0,-0.00019286593440562993,130,MEDIUM,APEX,49.1106,-0.16280000000000427,4,68.4121,-4,0.44970379941923777,-0.12,0.0,False,0,6.19635,15.9819,200.0,97.4624,68.4121,59.5896,55.7689,52.8143,50.8931,49.1106,47.452,45.9052,43.9071,41.8337,38.4499,32.9786,26.105,19.8042,10.5818
99872,29.8564,-0.000379379,0.323711,0.0349733,0.295083,0.0,5235.99,1,0.45,0.0,-0.00015815006621261652,130,MEDIUM,APEX,48.9455,-0.16509999999999536,4,68.182,-4,0.4504922987295825,-0.12,0.0,False,0,6.20623,16.0685,200.0,97.135,68.182,59.3892,55.5815,52.6372,50.7221,48.9455,47.2926,45.7509,43.7597,41.6932,38.3206,32.8718,26.0294,19.7568,10.5692
99871,30.2434,-0.000355397,0.326721,0.0349733,0.294109,0.0,5235.99,1,0.6,0.0,-0.00012968305429434553,130,MEDIUM,APEX,48.7785,-0.1670000000000016,4,67.9494,-4,0.45128969459165147,-0.12,0.0,False,0,6.21654,16.1583,200.0,96.8028,67.9494,59.1864,55.3918,52.4574,50.5491,48.7785,47.1312,45.5948,43.6101,41.551,38.1899,32.7638,25.9529,19.7087,10.5562
99870,30.7328,-0.000359891,0.332082,0.0349733,0.293121,0.0,5235.99,1,0.6,0.0,-0.00010634010452136333,130,MEDIUM,APEX,48.6091,-0.1694000000000031,4,67.7134,-4,0.45209861872958257,-0.12,0.0,False,0,6.22727,16.2513,200.0,96.4669,67.7134,58.9809,55.1995,52.2752,50.3736,48.6091,46.9676,45.4365,43.4587,41.4066,38.0573,32.6542,25.8751,19.6597,10.5429
99869,31.2572,-0.000368799,0.340177,0.0349733,0.292117,0.0,5235.99,1,0.6,0.0,-8.719888570751792e-05,130,MEDIUM,APEX,48.4367,-0.1723999999999961,4,67.4733,-4,0.4529217732123412,-0.12,0.0,False,0,6.23856,16.3482,200.0,96.125,67.4733,58.7718,55.0038,52.0898,50.195,48.4367,46.8008,45.2754,43.3047,41.2597,37.9223,32.5425,25.7957,19.6095,10.5291
99868,31.7807,-0.000376151,0.349658,0.0349733,0.291095,0.0,5235.99,1,0.6,0.0,-7.150308628016469e-05,130,MEDIUM,APEX,48.2615,-0.1752000000000038,4,67.2291,-4,0.4537585373502722,-0.12,0.0,False,0,6.25036,16.4491,200.0,95.7772,67.2291,58.5591,54.8047,51.9015,50.0135,48.2615,46.6316,45.1117,43.148,41.1106,37.7851,32.429,25.7149,19.5583,10.5149
99867,32.3033,-0.00038222,0.359088,0.0349728,0.290057,0.0,5235.99,1,0.6,0.0,-5.8632530749735045e-05,130,MEDIUM,APEX,48.0834,-0.1781000000000006,4,66.9813,-4,0.45460862148820325,-0.12,0.0,False,0,6.26271,16.554,200.0,95.4236,66.9813,58.343,54.6024,51.7097,49.8289,48.0834,46.4595,44.9451,42.9888,40.9589,37.6456,32.3134,25.6325,19.5061,10.5001
99866,32.8269,-0.000388431,0.367288,0.0349728,0.289001,0.0,5323.69,1,0.6,0.0,-4.8078675214782737e-05,130,MEDIUM,APEX,47.9023,-0.1811000000000007,4,66.7288,-4,0.4554736559709619,-0.12,0.0,False,0,6.27559,16.6635,200.0,95.0648,66.7288,58.1235,54.397,51.5151,49.6412,47.9023,46.2847,44.7757,42.8268,40.8045,37.5039,32.196,25.5488,19.4527,10.4849
99865,33.3587,-0.00039602,0.373825,0.0349728,0.287928,0.0,5418.13,1,0.6,0.0,-3.942451367612184e-05,130,MEDIUM,APEX,47.7183,-0.1839999999999975,4,66.4727,-4,0.45635201045372054,-0.12,0.0,False,0,6.28907,16.7773,200.0,94.6997,66.4727,57.9,54.188,51.3172,49.4506,47.7183,46.1068,44.6037,42.6624,40.6478,37.3598,32.0764,25.4634,19.3982,10.4692
99864,33.9,-0.000405017,0.378961,0.0349728,0.286839,0.0,5515.29,1,0.6,0.0,-3.232810121441991e-05,130,MEDIUM,APEX,47.5313,-0.1869999999999976,4,66.212,-4,0.4572451952813067,-0.12,0.0,False,0,6.30319,16.8963,200.0,94.3285,66.212,57.6733,53.9757,51.1162,49.2567,47.5313,45.9262,44.429,42.4952,40.4885,37.2135,31.9548,25.3765,19.3425,10.453
99863,34.4513,-0.000413786,0.383238,0.0349728,0.285731,0.0,5614.8,1,0.6,0.0,-2.650904299582432e-05,130,MEDIUM,APEX,47.3412,-0.19010000000000105,4,65.9473,-4,0.4581528007985481,-0.12,0.0,False,0,6.31789,17.0202,200.0,93.9513,65.9473,57.4425,53.7597,50.9119,49.0598,47.3412,45.7425,44.2514,42.3253,40.3265,37.0646,31.8312,25.288,19.2858,10.4363
99862,35.0132,-0.000423535,0.38767,0.0349728,0.284605,0.0,5715.89,1,0.6,0.0,0.001820407405527928,130,MEDIUM,APEX,47.1481,-0.19310000000000116,4,65.6782,-4,0.4590749966606171,-0.12,0.0,False,0,6.33329,17.1496,200.0,93.568,65.6782,57.2081,53.5403,50.7041,48.8597,47.1481,45.5559,44.0709,42.1526,40.1621,36.9134,31.7056,25.1977,19.2278,10.419
99861,35.5854,0.00449859,0.392289,0.0349457,0.283464,0.0,5819.1,1,0.6,0.0,0.003386527127695725,130,MEDIUM,APEX,46.957,-0.19109999999999872,4,65.415,-4,0.45998390562613434,-0.12,0.0,False,0,6.34911,17.2821,200.0,93.1992,65.415,56.9779,53.3243,50.4991,48.6618,46.957,45.371,43.892,41.9813,39.9987,36.7629,31.5802,25.1077,19.1696,10.4014
99860,36.1708,0.00792379,0.285806,0.0349018,0.282309,0.0,5929.85,1,0.6,0.0,0.004706987459622707,130,MEDIUM,APEX,46.7659,-0.19109999999999872,4,65.1536,-4,0.4608906545916515,-0.12,0.0,False,0,6.36554,17.419,200.0,92.8362,65.1536,56.7482,53.1085,50.2941,48.464,46.7659,45.1861,43.7128,41.8096,39.8346,36.6117,31.454,25.0169,19.1109,10.3834
99859,36.7639,0.0106522,0.235478,0.0348508,0.281139,0.0,6041.46,1,0.6,0.0,0.005820117490964989,130,MEDIUM,APEX,46.5728,-0.19310000000000116,4,64.8902,-4,0.4618060104537205,-0.12,0.0,False,0,6.38257,17.5617,200.0,92.4729,64.8902,56.5163,52.8911,50.0874,48.2643,46.5728,44.9992,43.5316,41.636,39.669,36.4589,31.3263,24.9249,19.0512,10.365
99858,37.3704,0.0168172,0.210884,0.034764,0.279957,0.0,6152.95,1,0.6,0.0,0.00672918726441616,130,MEDIUM,APEX,46.3833,-0.18950000000000244,4,64.6354,-4,0.46269987390199635,-0.12,0.0,False,0,6.40008,17.7072,200.0,92.1293,64.6354,56.2909,52.6782,49.8849,48.0686,46.3833,44.8156,43.3535,41.4648,39.5052,36.3075,31.1996,24.8334,18.9916,10.3463
99857,37.9891,0.0222319,0.207505,0.0346386,0.278764,0.0,6265.54,1,0.6,0.0,0.007434082535880125,130,MEDIUM,APEX,46.1975,-0.1858000000000004,4,64.3899,-4,0.4635710945916516,-0.12,0.0,False,0,6.41802,17.8556,200.0,91.8083,64.3899,56.0717,52.4708,49.687,47.877,46.1975,44.6354,43.1784,41.2966,39.344,36.1579,31.0739,24.7424,18.9322,10.3273
99856,38.6199,0.0273075,0.219531,0.0344817,0.27756,0.0,6378.99,1,0.6,0.0,0.00794162522578533,130,MEDIUM,APEX,46.0142,-0.18329999999999558,4,64.1512,-4,0.464426396660617,-0.12,0.0,False,0,6.43644,18.0079,200.0,91.5033,64.1512,55.8571,52.2675,49.4923,47.6881,46.0142,44.4572,43.0051,41.1296,39.1839,36.0091,30.9487,24.6515,18.8726,10.308
99855,39.2627,0.0297242,0.24093,0.0343091,0.276345,0.0,6494.32,1,0.6,0.0,0.0065121326851439705,130,MEDIUM,APEX,45.8303,-0.18390000000000128,4,63.9131,-4,0.46528284079854815,-0.12,0.0,False,0,6.45554,18.1659,200.0,91.2033,63.9131,55.6426,52.0638,49.2971,47.4987,45.8303,44.2782,42.831,40.962,39.023,35.8593,30.8224,24.5599,18.8122,10.2883
99854,39.917,0.0334556,0.266044,0.0341164,0.27512,0.0,6613.21,1,0.6,0.0,0.005339948801818055,130,MEDIUM,APEX,45.6462,-0.18410000000000082,4,63.677,-4,0.4661375056261343,-0.12,0.0,False,0,6.4753,18.3295,200.0,90.91,63.677,55.4287,51.8604,49.1023,47.3094,45.6462,44.0991,42.6567,40.794,38.8615,35.709,30.6951,24.4673,18.7512,10.268
99853,40.5824,0.032662,0.290318,0.0342227,0.273181,0.0,6737.28,1,0.6,0.0,0.006271685846658343,130,MEDIUM,APEX,45.4523,-0.1938999999999993,4,63.4273,-4,0.4670389042468239,-0.12,0.0,False,0,6.50166,18.5162,200.0,90.5981,63.4273,55.2033,51.6462,48.8968,47.1101,45.4523,43.9107,42.4733,40.617,38.6916,35.5506,30.5604,24.3667,18.6825,10.2424
99852,41.3274,0.0273031,0.313106,0.0356984,0.271751,0.0,6881.07,1,0.48,0.0,0.008570895714494115,130,MEDIUM,APEX,45.2337,-0.21860000000000213,4,63.1402,-4,0.46806183803992735,-0.12,0.0,False,0,6.5257,18.7196,200.0,90.2268,63.1402,54.9464,51.4028,48.6644,46.8847,45.2337,43.6984,42.2669,40.4186,38.5013,35.374,30.411,24.2579,18.6105,10.2182
99851,42.0864,0.0277835,0.330532,0.0372084,0.270231,0.0,7033.51,1,0.48,0.0,0.012030998466220279,130,MEDIUM,APEX,45.0097,-0.22399999999999665,4,62.8449,-4,0.4691113704537205,-0.12,0.0,False,0,6.55091,18.935,200.0,89.8421,62.8449,54.6823,51.1531,48.4259,46.6535,45.0097,43.4808,42.0556,40.2152,38.3065,35.1932,30.2582,24.1463,18.5365,10.1931
99850,42.7736,0.0360114,0.340962,0.0386891,0.268623,0.0,6940.99,1,0.6,0.0,0.01642051355496108,130,MEDIUM,APEX,44.7915,-0.21820000000000306,4,62.5642,-4,0.4701253828675136,-0.12,0.0,False,0,6.57683,19.156,200.0,89.4916,62.5642,54.4288,50.9119,48.1949,46.4291,44.7915,43.2688,41.8492,40.0163,38.1154,35.0154,30.1071,24.0356,18.4627,10.1677
99849,43.3762,0.0480553,0.341194,0.0401136,0.266935,0.0,7045.45,1,0.6,0.0,0.021522878372307104,130,MEDIUM,APEX,44.5843,-0.20720000000000027,4,62.3069,-4,0.4710771773502722,-0.12,0.0,False,0,6.60316,19.3794,200.0,89.1926,62.3069,54.1922,50.6853,47.9767,46.2166,44.5843,43.0667,41.652,39.8255,37.9316,34.8433,29.9602,23.9276,18.3902,10.1422
99848,44.0668,0.0625826,0.323704,0.0414391,0.265177,0.0,7439.64,1,0.48,0.0,0.027118139170188876,130,MEDIUM,APEX,44.396,-0.18829999999999814,4,62.0891,-4,0.47192291666061703,-0.12,0.0,False,0,6.62945,19.5994,200.0,88.978,62.0891,53.9846,50.484,47.7808,46.0245,44.396,42.8821,41.471,39.6495,37.7609,34.682,29.8208,23.8249,18.3207,10.117
99847,44.5328,0.0620766,0.07006,0.0424686,0.263349,0.0,8517.24,1,0.48,0.0,0.03283405030960014,130,MEDIUM,APEX,44.2614,-0.13459999999999894,4,61.9797,-4,0.47247192079854805,-0.12,0.0,False,0,6.65422,19.7914,200.0,88.9916,61.9797,53.8583,50.3532,47.6475,45.8903,44.2614,42.7474,41.3364,39.5157,37.6282,34.5524,29.7051,23.7382,18.261,10.0939
99846,45.3814,0.0721256,0.0356747,0.0433941,0.261452,0.0,8335.54,2,0.48,0.0,0.03855231539088646,130,MEDIUM,APEX,44.1467,-0.11469999999999914,4,61.9123,-4,0.47290876631578943,-0.12,0.0,False,0,6.67887,19.9772,200.0,89.0986,61.9123,53.7627,50.2488,47.5377,45.7778,44.1467,42.6309,41.2188,39.397,37.5091,34.4336,29.597,23.6567,18.2042,10.0712
99845,46.2717,0.084182,0.0416034,0.0440846,0.259483,0.0,8035.96,2,0.48,0.0,0.044048538865355556,130,MEDIUM,APEX,44.0756,-0.07110000000000127,4,61.9362,-4,0.47310074148820325,-0.12,0.0,False,0,6.70244,20.1395,200.0,89.4034,61.9362,53.7343,50.2025,47.4794,45.7123,44.0756,42.555,41.1388,39.3123,37.4205,34.3402,29.5071,23.5875,18.1548,10.0499
99844,46.6278,0.133635,0.0733238,0.0446953,0.257487,0.0,5917.28,2,0.6,0.0,0.04928680756774709,130,MEDIUM,APEX,44.0216,-0.054000000000002046,4,61.9973,-4,0.4731950076950998,-0.12,0.0,False,0,6.72563,20.2948,200.0,89.7937,61.9973,53.7328,50.179,47.4413,45.6658,44.0216,42.4947,41.0734,39.2407,37.3436,34.2561,29.4234,23.5225,18.108,10.0292
99843,46.6017,0.185494,0.111801,0.0452167,0.255516,0.0,5933.57,2,0.6,0.0,0.0542248626341562,130,MEDIUM,APEX,43.9861,-0.03549999999999898,4,62.0961,-4,0.4731866201088929,-0.12,0.0,False,0,6.74796,20.4396,200.0,90.2688,62.0961,53.7594,50.1801,47.4248,45.6391,43.9861,42.4517,41.0239,39.1839,37.2797,34.1833,29.3474,23.4631,18.0646,10.0094
99842,46.6143,0.224076,0.13227,0.0455331,0.253571,0.0,5388.62,2,0.6,0.0,0.05871528832745664,130,MEDIUM,APEX,43.9908,0.004699999999999704,4,62.277,-4,0.4729549539019963,-0.12,0.0,False,0,6.76843,20.5577,200.0,90.9251,62.277,53.8465,50.2338,47.4553,45.6555,43.9908,42.4462,41.0094,39.1586,37.2446,34.1343,29.2884,23.4155,18.0286,9.99149
99841,46.9847,0.253412,0.1478,0.0457061,0.251643,0.0,5603.3,2,0.6,0.0,0.06269781948351098,130,MEDIUM,APEX,44.0253,0.03450000000000131,4,62.5211,-4,0.47255496493647914,-0.12,0.0,False,0,6.78765,20.6567,200.0,91.7269,62.5211,53.9799,50.327,47.5208,45.7045,44.0253,42.4681,41.0204,39.1566,37.2302,34.1026,29.2414,23.3763,17.9979,9.97493
99840,47.4404,0.280909,0.164804,0.0457522,0.249715,0.0,5653.08,2,0.6,0.0,0.06614027293387995,130,MEDIUM,APEX,44.0876,0.062300000000000466,4,62.8263,-4,0.47199538010889286,-0.12,0.0,False,0,6.80582,20.7394,200.0,92.6761,62.8263,54.1573,50.4578,47.6193,45.7836,44.0876,42.5156,41.0552,39.176,37.2351,34.0867,29.2044,23.3441,17.9715,9.95946
99839,47.8977,0.30817,0.210406,0.0456721,0.24779,0.0,5705.74,2,0.6,0.0,0.06901673510021952,130,MEDIUM,APEX,44.1784,0.09080000000000155,4,63.1955,-4,0.47127054700544463,-0.12,0.0,False,0,6.82297,20.8048,200.0,93.7843,63.1955,54.3801,50.6274,47.7517,45.8938,44.1784,42.5896,41.1143,39.2172,37.2593,34.0868,29.1776,23.319,17.9494,9.9451
99838,48.3591,0.329894,0.267639,0.0454682,0.245878,0.0,5759.48,2,0.6,0.0,0.07130761051609177,130,MEDIUM,APEX,44.2986,0.12019999999999698,4,63.6317,-4,0.47037407252268604,-0.12,0.0,False,0,6.83904,20.8524,200.0,95.0631,63.6317,54.6503,50.8372,47.9194,46.0362,44.2986,42.6906,41.1983,39.281,37.3038,34.1032,29.1609,23.3009,17.9318,9.93182
99837,48.8241,0.347568,0.311738,0.0451846,0.243978,0.0,5814.56,2,0.6,0.0,0.07303985394491856,130,MEDIUM,APEX,44.4408,0.14220000000000255,4,64.1213,-4,0.46934524217785845,-0.12,0.0,False,0,6.85432,20.8888,200.0,96.4879,64.1213,54.957,51.0775,48.1135,46.2025,44.4408,42.8117,41.3008,39.3612,37.3627,34.1314,29.151,23.2874,17.917,9.9193
99836,49.2929,0.360058,0.340052,0.0448455,0.242083,0.0,5871.62,2,0.6,0.0,0.07425961857639746,130,MEDIUM,APEX,44.6013,0.16049999999999898,4,64.6568,-4,0.4682045387295825,-0.12,0.0,False,0,6.86907,20.9171,200.0,98.0487,64.6568,55.2948,51.3437,48.3298,46.389,44.6013,42.9493,41.4185,39.4548,37.4332,34.169,29.1473,23.2772,17.9042,9.90735
99835,49.7652,0.369725,0.350413,0.0444604,0.240199,0.0,5930.79,2,0.6,0.0,0.07501359289447185,130,MEDIUM,APEX,44.7785,0.17719999999999914,4,65.2373,-4,0.46695800769509976,-0.12,0.0,False,0,6.88339,20.9387,200.0,99.7499,65.2373,55.6621,51.6343,48.567,46.5942,44.7785,43.1023,41.5501,39.5607,37.5147,34.2151,29.1493,23.2696,17.8932,9.89578
99834,50.2415,0.375171,0.344887,0.0440414,0.238319,0.0,5991.92,2,0.6,0.0,0.07535232599782117,130,MEDIUM,APEX,44.9712,0.1927000000000021,4,65.8612,-4,0.4656112932123412,-0.12,0.0,False,0,6.89736,20.9554,200.0,101.592,65.8612,56.0575,51.9476,48.8233,46.8165,44.9712,43.2692,41.6943,39.6777,37.6057,34.2688,29.1561,23.2639,17.8833,9.88452
99833,50.7221,0.378891,0.328139,0.0435892,0.236445,0.0,6054.32,2,0.6,0.0,0.07531781316713874,130,MEDIUM,APEX,45.1798,0.208599999999997,4,66.5304,-4,0.46416087390199634,-0.12,0.0,False,0,6.91101,20.9671,200.0,103.59,66.5304,56.4819,52.2844,49.0996,47.0565,45.1798,43.4505,41.8514,39.806,37.7066,34.3301,29.1681,23.2603,17.8746,9.87361
99832,51.2079,0.379626,0.30836,0.0431124,0.234573,0.0,6116.36,2,0.6,0.0,0.07495314077555792,130,MEDIUM,APEX,45.4033,0.22350000000000136,4,67.2444,-4,0.4626104532123412,-0.12,0.0,False,0,6.92442,20.9753,200.0,105.749,67.2444,56.9342,52.6437,49.3945,47.3133,45.4033,43.6449,42.0207,39.9446,37.8164,34.3983,29.1844,23.258,17.8668,9.86288
99831,51.6987,0.379696,0.293042,0.042618,0.232707,0.0,6178.01,2,0.6,0.0,0.07430018424681009,130,MEDIUM,APEX,45.641,0.2376999999999967,4,68.0031,-4,0.46096232355716876,-0.12,0.0,False,0,6.93762,20.9808,200.0,108.078,68.0031,57.4142,53.0248,49.7078,47.5858,45.641,43.852,42.2011,40.093,37.9345,34.4728,29.2046,23.2568,17.8596,9.85238
99830,52.1943,0.379756,0.286056,0.0421053,0.230845,0.0,6239.68,2,0.6,0.0,0.0733927364085788,130,MEDIUM,APEX,45.8937,0.25270000000000437,4,68.81,-4,0.4592098021778584,-0.12,0.0,False,0,6.95064,20.9838,200.0,110.597,68.81,57.9232,53.4293,50.0403,47.8757,45.8937,44.0726,42.3936,40.252,38.0615,34.5543,29.2292,23.2566,17.8531,9.84201
99829,52.7091,0.383266,0.350464,0.0416419,0.228989,0.0,6271.49,2,0.6,0.0,0.07232421488938097,130,MEDIUM,APEX,46.1476,0.25389999999999446,4,69.6351,-4,0.45743171666061705,-0.12,0.0,False,0,6.96398,20.993,200.0,113.237,69.6351,58.4398,53.8382,50.3756,48.1671,46.1476,44.2937,42.5863,40.4105,38.1878,34.6343,29.2525,23.2538,17.845,9.8313
99828,53.2099,0.38615,0.4293,0.0412398,0.22714,0.0,6335.22,2,0.6,0.0,0.07118284208362118,130,MEDIUM,APEX,46.3999,0.2523000000000053,4,70.4715,-4,0.455645036660617,-0.12,0.0,False,0,6.97772,21.0102,200.0,115.989,70.4715,58.9595,54.248,50.7103,48.4575,46.3999,44.513,42.7768,40.5667,38.3115,34.712,29.2733,23.2478,17.8349,9.82013
99827,53.712,0.383878,0.492875,0.0408555,0.225288,0.0,6407.34,2,0.6,0.0,0.06999927412576123,130,MEDIUM,APEX,46.66,0.2600999999999942,4,71.3434,-4,0.4537915497640653,-0.12,0.0,False,0,6.99162,21.0299,200.0,118.924,71.3434,59.498,54.6718,51.0561,48.7572,46.66,44.7389,42.9729,40.7275,38.439,34.7921,29.2953,23.2406,17.824,9.80877
99826,54.2186,0.376077,0.525545,0.0404679,0.223434,0.0,6483.71,2,0.6,0.0,0.06877802864994847,130,MEDIUM,APEX,46.9333,0.2733000000000061,4,72.2643,-4,0.45183829735027226,-0.12,0.0,False,0,7.00557,21.0496,200.0,122.096,72.2643,60.0648,55.1171,51.4193,49.0721,46.9333,44.9765,43.1794,40.897,38.5737,34.8776,29.3206,23.2336,17.8133,9.79741
99825,54.7339,0.365076,0.536226,0.0400786,0.221568,0.0,6556.64,2,0.6,0.0,0.06752505256138647,130,MEDIUM,APEX,47.2202,0.2868999999999957,4,73.2374,-4,0.4497801980399274,-0.12,0.0,False,0,7.01953,21.0689,200.0,125.53,73.2374,60.6605,55.5849,51.8006,49.4024,47.2202,45.2259,43.3961,41.0751,38.7158,34.9682,29.3489,23.2263,17.8025,9.78598
99824,55.2575,0.353374,0.535658,0.0397017,0.219691,0.0,6626.02,2,0.6,0.0,0.06625888772069147,130,MEDIUM,APEX,47.5179,0.29769999999999897,4,74.2579,-4,0.44763170148820325,-0.12,0.0,False,0,7.0337,21.0904,172.62,129.234,74.2579,61.2816,56.0714,52.1965,49.7455,47.5179,45.4844,43.6211,41.2601,38.8631,35.0627,29.3791,23.2183,17.791,9.77435
99823,55.7883,0.342308,0.530403,0.0393494,0.217804,0.0,6692.96,2,0.6,0.0,0.06500655319823975,130,MEDIUM,APEX,47.8237,0.30580000000000496,4,75.3216,-4,0.44540622700544463,-0.12,0.0,False,0,7.04819,21.1156,152.9,133.215,75.3216,61.9247,56.5737,52.6045,50.0985,47.8237,45.75,43.8519,41.4496,39.0142,35.1594,29.4102,23.2087,17.7785,9.76243
99822,56.3242,0.333513,0.56013,0.039028,0.215902,0.0,6758.29,2,0.6,0.0,0.06379668300972577,130,MEDIUM,APEX,48.1368,0.3130999999999986,4,76.4273,-4,0.4431076973502722,-0.12,0.0,False,0,7.06302,21.1452,137.863,137.493,76.4273,62.5881,57.0902,53.0233,50.4601,48.1368,46.0216,44.0874,41.6427,39.1678,35.2576,29.4417,23.1972,17.7648,9.75012
99821,56.8659,0.325543,0.600917,0.0387263,0.213992,0.0,6823.55,2,0.6,0.0,0.06264136913159966,130,MEDIUM,APEX,48.4606,0.32379999999999853,4,77.5859,-4,0.44071248079854813,-0.12,0.0,False,0,7.07809,21.1778,125.953,142.129,77.5859,63.2783,57.6263,53.4566,50.8343,48.4606,46.3021,44.3307,41.8423,39.3265,35.3592,29.4748,23.1843,17.7503,9.73759
99820,57.4121,0.317013,0.632657,0.038471,0.212067,0.0,6890.17,2,0.6,0.0,0.06157701233887153,130,MEDIUM,APEX,48.7882,0.3276000000000039,4,78.7826,-4,0.4382597511433757,-0.12,0.0,False,0,7.09367,21.2172,116.401,147.106,78.7826,63.9846,58.1726,53.8975,51.2139,48.7882,46.5853,44.5762,42.0429,39.4857,35.4605,29.5072,23.1687,17.734,9.72458
99819,57.963,0.30846,0.656276,0.0382678,0.210124,0.0,6957.96,2,0.6,0.0,0.06063921842808446,130,MEDIUM,APEX,49.1183,0.3300999999999945,4,80.0148,-4,0.4357566628675136,-0.12,0.0,False,0,7.10983,21.2643,108.596,152.446,80.0148,64.7044,58.7274,54.3435,51.597,49.1183,46.8703,44.8224,42.2435,39.6443,35.5605,29.5379,23.1496,17.7156,9.71091
99818,58.5185,0.299644,0.670292,0.0381178,0.208158,0.0,7027.42,2,0.6,0.0,0.05985859758348071,130,MEDIUM,APEX,49.4506,0.3323000000000036,4,81.2828,-4,0.43320378700544465,-0.12,0.0,False,0,7.12666,21.3197,102.106,158.187,81.2828,65.4381,59.2901,54.7943,51.9834,49.4506,47.1565,45.069,42.4441,39.8021,35.6593,29.5671,23.1279,17.695,9.69667
99817,59.0785,0.290551,0.67515,0.0380187,0.206172,0.0,7098.66,2,0.6,0.0,0.05925780469115994,130,MEDIUM,APEX,49.7856,0.33500000000000085,4,82.5913,-4,0.43059393183303085,-0.12,0.0,False,0,7.14406,21.3805,96.6236,164.385,82.5913,66.1871,59.8621,55.2511,52.3743,49.7856,47.4444,45.3167,42.6449,39.9596,35.757,29.595,23.1049,17.6724,9.68186
99816,59.6433,0.281285,0.673227,0.0379657,0.20416,0.0,7171.43,2,0.6,0.0,0.058851151822115616,130,MEDIUM,APEX,50.1252,0.33959999999999724,4,83.9454,-4,0.4279150807985481,-0.12,0.0,False,0,7.16208,21.4415,91.9217,171.113,83.9454,66.9544,60.4457,55.7157,52.7706,50.1252,47.7355,45.5668,42.8469,40.1176,35.8544,29.622,23.081,17.648,9.66645
99815,60.2132,0.271972,0.667822,0.0379524,0.202118,0.0,7245.25,2,0.6,0.0,0.05864441469375137,130,MEDIUM,APEX,50.4704,0.3451999999999984,4,85.3528,-4,0.4251548904537205,-0.12,0.0,False,0,7.1807,21.5018,87.8334,176.382,85.3528,67.7439,61.0438,56.1901,53.1749,50.4704,48.0312,45.8203,43.0512,40.2772,35.9524,29.6485,23.0565,17.6216,9.65048
99814,60.8031,0.267747,0.688284,0.0379675,0.200045,0.0,7291.36,2,0.6,0.0,0.058631391275093696,130,MEDIUM,APEX,50.8258,0.35540000000000305,4,86.8278,-4,0.4222819249364791,-0.12,0.0,False,0,7.19988,21.5599,84.223,179.446,86.8278,68.5635,61.6624,56.6796,53.5913,50.8258,48.3351,46.0805,43.261,40.4405,36.0526,29.6761,23.0322,17.5939,9.634
99813,61.3874,0.272218,0.753316,0.0380397,0.197947,0.0,7352.8,2,0.6,0.0,0.058834540111568766,130,MEDIUM,APEX,51.183,0.35719999999999885,4,88.3497,-4,0.4193470932123412,-0.12,0.0,False,0,7.21974,21.619,81.061,181.756,88.3497,69.3989,62.29,57.1746,54.011,51.183,48.64,46.341,43.47,40.6028,36.1513,29.7017,23.0065,17.5639,9.61687
99812,61.9669,0.274937,0.815202,0.0381261,0.195824,0.0,7432.73,2,0.6,0.0,0.05923049139842714,130,MEDIUM,APEX,51.5557,0.3727000000000018,4,89.9609,-4,0.4162569980399274,-0.12,0.0,False,0,7.23996,21.6734,78.2011,183.694,89.9609,70.2757,62.9464,57.6911,54.449,51.5557,48.9578,46.6126,43.6883,40.7723,36.2548,29.73,22.982,17.5331,9.59944
99811,62.5471,0.272028,0.854909,0.0381842,0.193675,0.0,7524.17,2,0.6,0.0,0.05975875409507607,130,MEDIUM,APEX,51.9579,0.40220000000000056,4,91.7125,-4,0.4129068711433757,-0.12,0.0,False,0,7.26019,21.7182,75.5346,185.426,91.7125,71.2223,63.6546,58.2485,54.9217,51.9579,49.3014,46.9067,43.9254,40.9577,36.37,29.7653,22.9613,17.5029,9.58202
99810,63.136,0.263663,0.873277,0.038198,0.191495,0.0,7614.16,2,0.6,0.0,0.060354483096201963,130,MEDIUM,APEX,52.3973,0.4393999999999991,4,93.6368,-4,0.4092340559709619,-0.12,0.0,False,0,7.28033,21.7516,73.0184,187.023,93.6368,72.255,64.4263,58.8558,55.437,52.3973,49.6774,47.2293,44.1864,41.163,36.5,29.8096,22.9453,17.4738,9.56474
99809,63.7349,0.255162,0.879385,0.0381538,0.189285,0.0,7699.33,2,0.6,0.0,0.06095109282839907,130,MEDIUM,APEX,52.8809,0.4835999999999956,4,95.7682,-4,0.405175548384755,-0.12,0.0,False,0,7.30025,21.7723,70.6228,188.529,95.7682,73.3905,65.2735,59.5226,56.0032,52.8809,50.0916,47.5855,44.4759,41.3922,36.6474,29.8647,22.9352,17.4463,9.54767
99808,64.3426,0.245355,0.887703,0.0380667,0.187045,0.0,7780.01,2,0.6,0.0,0.06971669094807569,160,MEDIUM,EXIT,53.4062,0.5253000000000014,4,98.1166,-4,0.4007272270054446,0.0,0.0,False,0,7.32012,21.7823,68.3594,189.95,98.1166,74.6285,66.1951,60.2474,56.6186,53.4062,50.5423,47.9735,44.7921,41.6433,36.8112,29.9295,22.9303,17.4199,9.53072
99807,64.9582,0.241269,0.927746,0.0379015,0.184786,0.0,7856.38,2,0.6,0.0,0.07689808753902595,160,MEDIUM,EXIT,53.9904,0.5842000000000027,4,100.754,-4,0.395749312522686,0.0,0.0,False,0,7.33944,21.7775,66.1766,191.329,100.754,76.0061,67.2184,61.0519,57.3023,53.9904,51.0441,48.406,45.1457,41.926,36.9982,30.0085,22.933,17.3958,9.51427
99806,65.5787,0.257099,0.961156,0.0375157,0.182526,0.0,7933.81,2,0.6,0.0,0.08256563664409067,160,MEDIUM,EXIT,54.6906,0.7002000000000024,4,103.916,-4,0.38978187803992737,0.0,0.0,False,0,7.35693,21.7411,63.9262,192.764,103.916,77.6457,68.437,62.0117,58.1194,54.6906,51.6478,48.9291,45.5763,42.2736,37.2343,30.1181,22.9526,17.3792,9.49956
99805,66.2035,0.272592,0.986484,0.0368285,0.180293,0.0,8013.36,2,0.6,0.0,0.0866964118956601,200,SHALLOW,EXIT,55.5512,0.860599999999998,4,107.818,-4,0.3824286504537205,0.0,0.0,False,0,7.37159,21.6648,61.5639,194.296,107.818,79.65,69.9258,63.1858,59.1208,55.5512,52.3918,49.5762,46.1126,42.7102,37.5373,30.2697,22.9954,17.3733,9.4875
99804,66.8334,0.284212,1.00403,0.035861,0.178103,0.0,8094.29,2,0.6,0.0,0.08929107126840563,200,SHALLOW,EXIT,56.5816,1.0304000000000002,4,112.588,-4,0.3735068573502722,0.0,0.0,False,0,7.38338,21.5523,59.1551,195.898,112.588,82.0602,71.7095,64.5909,60.3194,56.5816,53.2841,50.3533,46.7588,43.239,37.9088,30.4635,23.0613,17.3776,9.47812
99803,67.4684,0.288492,1.01393,0.034669,0.175972,0.0,8176.8,2,0.6,0.0,0.09040341067800385,200,SHALLOW,EXIT,57.7804,1.1987999999999985,4,118.339,-4,0.3628852435571688,0.0,0.0,False,0,7.39273,21.4122,56.7783,197.529,118.339,84.8992,73.797,66.2294,61.7147,57.7804,54.3213,51.2568,47.5105,43.8553,38.3446,30.6961,23.1478,17.3904,9.47097
99802,68.1087,0.284797,1.01789,0.0333236,0.173902,0.0,8261.08,2,0.6,0.0,0.09014665938400708,200,SHALLOW,EXIT,59.1375,1.3571000000000026,4,125.182,-4,0.35068035390199637,0.0,0.0,False,0,7.40019,21.2534,54.5002,199.146,125.182,88.1773,76.1864,68.0947,63.2983,59.1375,55.4937,52.2768,48.3585,44.5503,38.8368,30.9617,23.2515,17.4112,9.46556
99801,68.7544,0.275562,1.01813,0.0318777,0.171903,0.0,8347.09,2,0.6,0.0,0.08866450747376431,200,SHALLOW,EXIT,60.6496,1.5120999999999967,4,133.289,-4,0.34598762976406533,0.0,0.0,False,0,7.40616,21.0825,52.3549,200.0,133.289,91.9221,78.8858,70.1875,65.0685,60.6496,56.7968,53.4083,49.2969,45.3183,39.3802,31.2563,23.3698,17.4398,9.46156
99800,69.4277,0.273727,1.0637,0.0304231,0.169973,0.0,8391.08,2,0.6,0.0,0.08616433341240984,200,SHALLOW,EXIT,62.2915,1.6418999999999997,4,142.77,-4,0.3408920780399274,0.0,0.0,False,0,7.41141,20.9097,50.3853,200.0,142.77,96.1158,81.8693,72.4805,66.9982,62.2915,58.207,54.6289,50.3061,46.1417,39.9606,31.5704,23.4975,17.473,9.45814
99799,70.0848,0.275446,1.11679,0.0290398,0.168129,0.0,8471.52,2,0.6,0.0,0.08289294700149158,200,SHALLOW,EXIT,64.0372,1.7456999999999994,4,153.752,-4,0.33547438838475496,0.0,0.0,False,0,7.41647,20.7423,48.6107,200.0,153.752,100.735,85.1058,74.9436,69.0598,64.0372,59.6997,55.9166,51.3661,47.0033,40.5649,31.8956,23.6296,17.5085,9.45487
99798,70.7394,0.265224,1.16045,0.0277149,0.166356,0.0,8569.28,2,0.6,0.0,0.08358856173488423,200,SHALLOW,EXIT,65.9023,1.8650999999999982,9,65.9023,0,0.31639286068965516,0.0,0.0,False,0,7.42141,20.5786,46.9963,200.0,166.501,105.863,88.6404,77.6053,71.2739,65.9023,61.2879,57.2815,52.4849,47.909,41.1966,32.2336,23.767,17.5466,9.45168
99797,71.3974,0.241941,1.18522,0.0264316,0.164637,0.0,8676.24,2,0.6,0.0,0.08302657496083084,200,SHALLOW,EXIT,67.9084,2.0061000000000035,9,67.9084,0,0.3077597131034483,0.0,0.0,False,0,7.42616,20.4172,45.5134,200.0,173.155,111.614,92.5321,80.5025,73.6682,67.9084,62.9884,58.7373,53.6727,48.8666,41.8606,32.5869,23.911,17.588,9.44858
99796,72.0656,0.219345,1.19772,0.0251097,0.162974,0.0,8779.81,2,0.6,0.0,0.08139192706015522,200,SHALLOW,EXIT,70.1234,2.2150000000000034,9,70.1234,0,0.2982275751724138,0.0,0.0,False,0,7.43013,20.2509,44.1105,200.0,177.268,118.252,96.9361,83.7409,76.3268,70.1234,64.8572,60.3309,54.9675,49.9064,42.5784,32.9678,24.0677,17.6357,9.44624
99795,72.7441,0.192309,1.21487,0.0237247,0.161367,0.0,8877.5,2,0.48,0.0,0.0788124054529657,200,SHALLOW,EXIT,72.5952,2.4718000000000018,9,72.5952,0,0.2875903117241379,0.0,0.0,False,0,7.43303,20.0776,42.7708,200.0,180.555,126.046,101.988,87.4051,79.3115,72.5952,66.9321,62.0931,56.3925,51.0458,43.3611,33.3821,24.2398,17.691,9.44492
99794,73.4338,0.161485,1.24486,0.0222995,0.159815,0.0,8968.72,2,0.48,0.0,0.07541516947071551,198,FAST_BEND,STRAIGHT,75.3472,2.7519999999999953,9,75.3472,0,0.2757472220689655,0.0,0.0,False,0,7.43508,19.8995,41.4978,200.0,183.371,135.248,107.795,91.5496,82.6586,75.3472,69.2291,64.0342,57.9536,52.2885,44.2094,33.829,24.4264,17.7533,9.44439
99793,74.0448,0.148224,1.26933,0.0209962,0.158328,0.0,8863.83,2,0.6,0.0,0.07146169574480057,198,FAST_BEND,STRAIGHT,78.2901,2.9428999999999945,9,78.2901,0,0.26308260413793105,0.0,0.0,False,0,7.43762,19.7303,40.3429,200.0,185.769,145.791,114.24,96.0637,86.2677,78.2901,71.668,66.0835,59.5903,53.5831,45.0857,34.2855,24.6157,17.8168,9.44333
99792,74.5683,0.152127,1.28492,0.0200304,0.156916,0.0,8918.05,2,0.6,0.0,0.06737571160403683,198,FAST_BEND,STRAIGHT,81.2449,2.954800000000006,9,81.2449,0,0.2503667751724138,0.0,0.0,False,0,7.4423,19.5858,39.3605,146.422,187.726,157.237,120.989,100.693,89.9261,81.2449,74.0973,68.1106,61.1964,54.8437,45.9288,34.7173,24.7907,17.8731,9.44013
99791,75.1823,0.137395,1.29508,0.019255,0.155553,0.0,9167.27,2,0.48,0.0,0.063363172302225,198,FAST_BEND,STRAIGHT,84.3224,3.0775000000000006,9,84.3224,0,0.2371229131034483,0.0,0.0,False,0,7.44809,19.4535,38.4822,132.093,189.419,167.114,128.321,105.615,93.7717,84.3224,76.6082,70.1923,62.8333,56.1194,46.7737,35.1445,24.9615,17.9272,9.43567
99790,75.8796,0.0993235,1.30445,0.0185156,0.154205,0.0,9286.55,2,0.48,0.0,0.059444896785415764,198,FAST_BEND,STRAIGHT,87.6857,3.3632999999999953,9,87.6857,0,0.2226491255172414,0.0,0.0,False,0,7.45405,19.3212,37.6497,120.497,190.979,171.71,136.697,111.11,98.014,87.6857,79.3322,72.4366,64.5859,57.4772,47.6659,35.5921,25.1403,17.9852,9.43108
99789,76.5133,0.0751765,1.3122,0.0179596,0.152865,0.0,9169.74,2,0.6,0.0,0.05578200715367453,198,FAST_BEND,STRAIGHT,91.2043,3.5186000000000064,9,91.2043,0,0.2075070124137931,0.0,0.0,False,0,7.4615,19.2,36.9004,111.293,192.349,174.87,145.914,116.999,102.5,91.2043,82.157,74.7475,66.3757,58.8531,48.5605,36.0348,25.3149,18.0408,9.42496
99788,77.0645,0.082512,1.34643,0.0178124,0.151535,0.0,9200.45,2,0.6,0.0,0.05079340111804582,198,FAST_BEND,STRAIGHT,94.5945,3.390199999999993,6,155.304,-1.7,0.19222033575317607,0.0,0.0,False,0,7.47222,19.1054,36.2859,104.342,193.441,177.142,155.304,122.827,106.874,94.5945,84.8516,76.9338,68.0522,60.1299,49.3786,36.4302,25.465,18.0847,9.41554
99787,77.6991,0.0825748,1.38345,0.0179138,0.150202,0.0,9449.76,2,0.6,0.0,0.04689268783355492,198,FAST_BEND,STRAIGHT,97.9987,3.404200000000003,6,163.781,-1.7,0.1816555771324864,0.0,0.0,False,0,7.48501,19.0248,35.7501,98.7178,194.362,178.947,163.781,128.833,111.316,97.9987,87.5333,79.093,69.6936,61.37,50.1637,36.8034,25.6033,18.123,9.404
99786,78.411,0.0562334,1.41428,0.0180952,0.148829,0.0,9565.83,2,0.48,0.0,0.04396470486513483,198,FAST_BEND,STRAIGHT,101.633,3.634299999999996,6,167.859,-1.7,0.1703767150635209,0.0,0.0,False,0,7.49888,18.946,35.2436,93.8138,195.208,180.524,167.859,135.408,116.11,101.633,90.3717,81.3627,71.4063,62.6553,50.9708,37.1834,25.7435,18.1623,9.39146
99785,79.1316,0.0256715,1.43598,0.018423,0.147392,0.0,9663.17,2,0.48,0.0,0.04198133609194496,198,FAST_BEND,STRAIGHT,105.415,3.7820000000000107,6,170.595,-1.7,0.15863947368421052,0.0,0.0,False,0,7.51451,18.8738,34.7803,89.6063,195.956,181.878,170.595,142.445,121.159,105.415,93.2982,83.6852,73.1439,63.9497,51.7751,37.5571,25.8795,18.1995,9.37722
99784,79.7677,0.0118243,1.4489,0.0189635,0.145889,0.0,9554.19,2,0.6,0.0,0.042916872746932594,198,FAST_BEND,STRAIGHT,109.229,3.813999999999993,9,109.229,0,0.12993864827586207,0.0,0.0,False,0,7.53257,18.8125,34.3724,86.0695,196.582,183.005,172.636,149.757,126.317,109.229,96.2191,85.9848,74.8488,65.2087,52.5478,37.9099,26.0046,18.2316,9.36066
99783,80.3131,0.017975,1.45954,0.0197726,0.144318,0.0,9610.0,2,1.0,0.0,0.044579555462491045,198,FAST_BEND,STRAIGHT,112.936,3.707000000000008,9,112.936,0,0.11398576551724135,0.0,0.0,False,0,7.55355,18.7656,34.0288,83.1635,197.07,183.903,174.18,157.092,131.398,112.936,99.0287,88.1773,76.4578,66.3862,53.2606,38.2278,26.1129,18.2561,9.34137
99782,80.9437,0.0204719,1.4683,0.0206356,0.142667,0.0,9865.73,2,0.88,0.0,0.046896470070485405,198,FAST_BEND,STRAIGHT,116.896,3.9599999999999937,9,116.896,0,0.09694411034482758,0.0,0.0,False,0,7.57574,18.718,33.6968,80.5045,197.527,184.724,175.526,162.483,136.893,116.896,102.003,90.4825,78.1371,67.6076,53.9944,38.5531,26.2238,18.282,9.32122
99781,81.7863,-0.0223373,1.47917,0.0212473,0.140923,0.0,10935.8,2,0.88,0.0,0.04951144273061937,198,FAST_BEND,STRAIGHT,121.793,4.897000000000006,9,121.793,0,0.07587012413793101,0.0,0.0,False,0,7.59648,18.6496,33.3087,77.6905,198.109,185.645,176.94,165.794,143.769,121.793,105.651,93.2937,80.1755,69.086,54.8826,38.952,26.3671,18.3232,9.30421
99780,82.743,-0.126255,1.49315,0.0213462,0.139048,0.0,11401.2,2,0.88,0.0,0.05188030170602457,198,FAST_BEND,STRAIGHT,128.474,6.680999999999983,9,128.474,0,0.051287586206896586,0.0,0.0,False,0,7.61196,18.5444,32.8142,74.4837,198.939,186.797,178.586,168.808,153.298,128.474,110.577,97.0622,82.8903,71.0478,56.0609,39.4883,26.5699,18.3916,9.29264
99779,83.7379,-0.264027,1.5105,0.0209332,0.137037,0.0,11803.9,2,0.88,0.0,0.05355804479789548,198,FAST_BEND,STRAIGHT,137.504,9.030000000000001,9,137.504,0,0.023263448275862096,0.0,0.0,False,0,7.6218,18.4043,32.2249,71.0083,200.0,188.148,180.417,171.695,162.151,137.504,117.127,102.017,86.4205,73.5782,57.5692,40.1752,26.8359,18.4884,9.2866
99778,84.7597,-0.433369,1.52982,0.020016,0.134898,0.0,12152.7,2,0.88,0.0,0.05418672302074984,198,FAST_BEND,STRAIGHT,149.764,12.26000000000002,9,149.764,0,0.0,0.0,0.0,False,0,7.62595,18.2314,31.5537,67.3833,200.0,189.669,182.393,174.516,166.958,149.764,125.824,108.49,90.9587,76.791,59.4589,41.0288,27.1696,18.6149,9.2863
99777,85.8055,-0.629513,1.55579,0.0185897,0.13265,0.0,12452.1,3,0.88,0.0,0.05346674586805876,215,STRAIGHT,STRAIGHT,161.617,11.85299999999998,9,161.617,0,0.0,0.0,0.0,False,0,7.6243,18.0274,30.8116,63.6991,200.0,191.337,184.486,177.304,170.896,161.617,137.527,117.009,96.8031,80.8596,61.8068,42.073,27.5777,18.7734,9.29213
99776,86.8573,-0.856503,1.58054,0.0166572,0.130308,0.0,12735.2,3,0.88,0.0,0.05115424780639854,215,STRAIGHT,STRAIGHT,167.335,5.718000000000018,9,167.335,0,0.0,0.0,0.0,False,0,7.61672,17.7944,30.0108,60.0352,151.764,193.131,186.674,180.075,174.455,167.335,153.653,128.399,104.392,86.0256,64.7136,43.3373,28.0682,18.9664,9.30449
99775,87.8664,-1.05143,1.60241,0.0143741,0.127907,0.0,10071.2,3,0.88,0.0,0.04719842389432974,215,STRAIGHT,STRAIGHT,171.709,4.373999999999995,9,171.709,0,0.0,0.0,0.0,False,0,7.6043,17.5433,29.1877,56.546,130.442,195.014,188.865,182.752,177.707,171.709,163.667,143.569,114.114,92.4537,68.2139,44.8147,28.6327,19.1891,9.32255
99774,88.1629,-0.87426,1.61359,0.0133585,0.125661,0.0,10073.8,3,1.0,0.0,0.04311905159398406,215,STRAIGHT,STRAIGHT,174.416,2.7069999999999936,9,174.416,0,0.0,0.0,0.0,False,0,7.59819,17.3606,28.5904,54.1216,117.628,196.396,190.341,184.543,179.842,174.416,167.693,156.992,123.142,98.2249,71.2373,46.0409,29.0859,19.3627,9.33389
99773,88.0932,-0.627775,1.59907,0.0136443,0.123688,0.0,8059.85,3,1.0,0.0,0.04018729678204286,215,STRAIGHT,STRAIGHT,175.977,1.561000000000007,9,175.977,0,0.0,0.0,0.0,False,0,7.59752,17.2418,28.1956,52.5521,110.029,197.235,191.174,185.577,181.084,175.977,169.863,161.47,130.499,102.79,73.5489,46.9454,29.4093,19.4822,9.33876
99772,88.6087,-0.509072,1.58572,0.0141628,0.121864,0.0,8799.81,3,0.88,0.0,0.038413053084769146,215,STRAIGHT,STRAIGHT,177.271,1.2939999999999827,9,177.271,0,0.0,0.0,0.0,False,0,7.59468,17.1285,27.832,51.165,103.799,197.99,191.874,186.447,182.125,177.271,171.591,164.308,138.253,107.485,75.8689,47.8356,29.7256,19.6001,9.3456
99771,89.4344,-0.522936,1.59573,0.0143555,0.120033,0.0,9115.92,3,0.88,0.0,0.037271108897111604,215,STRAIGHT,STRAIGHT,178.662,1.3910000000000196,9,178.662,0,0.0,0.0,0.0,False,0,7.58649,16.9929,27.4205,49.6737,97.5876,198.92,192.721,187.428,183.276,178.662,173.367,166.89,148.221,113.359,78.698,48.903,30.1053,19.7449,9.35836
99770,90.3236,-0.58141,1.6134,0.0120995,0.118204,0.0,9149.31,3,0.88,0.0,0.03426241052734669,215,STRAIGHT,STRAIGHT,180.061,1.399000000000001,9,180.061,0,0.0,0.0,0.0,False,0,7.57449,16.844,26.9853,48.163,91.7237,199.969,193.676,188.447,184.456,180.061,175.098,169.226,156.949,120.445,81.9987,50.1177,30.5338,19.9096,9.37553
99769,91.2313,-0.627769,1.63745,0.00853162,0.116615,0.0,9165.17,3,0.88,0.0,0.028095176632424283,215,STRAIGHT,STRAIGHT,181.347,1.2860000000000014,9,181.347,0,0.0,0.0,0.0,False,0,7.56054,16.6944,26.5601,46.7412,86.5452,151.03,194.64,189.399,185.551,181.347,176.657,171.237,161.07,128.491,85.603,51.4045,30.9813,20.0816,9.39498
99768,92.1417,-0.650083,1.66205,0.00518757,0.115307,0.0,9178.18,3,0.88,0.0,0.02020388577637548,215,STRAIGHT,STRAIGHT,182.433,1.0859999999999843,9,182.433,0,0.0,0.0,0.0,False,0,7.54612,16.5539,26.1699,45.4782,82.1943,138.103,195.519,190.214,186.479,182.433,177.963,172.882,163.872,137.124,89.3074,52.6848,31.4196,20.2495,9.41498
99767,93.0337,-0.651844,1.67494,0.002242,0.11428,0.0,9220.57,3,0.88,0.0,0.010934205676989512,215,STRAIGHT,STRAIGHT,183.261,0.828000000000003,9,183.261,0,0.0,0.0,0.0,False,0,7.53249,16.4302,25.833,44.4179,78.7077,128.429,196.231,190.865,187.18,183.261,178.962,174.133,165.854,145.787,92.8659,53.8758,31.8208,20.4026,9.43385
99766,93.9155,-0.63693,1.68284,-0.000183627,0.113517,0.0,9285.61,3,0.88,0.0,0.0010226279693523691,215,STRAIGHT,STRAIGHT,183.801,0.539999999999992,9,183.801,0,0.0,0.0,0.0,False,0,7.52068,16.3286,25.5604,43.5791,76.0499,121.428,196.715,191.3,187.621,183.801,179.631,174.987,167.191,152.542,96.0297,54.9039,32.1621,20.5323,9.45024
99765,94.791,-0.609655,1.68813,-0.00202161,0.112982,0.0,9370.96,3,0.88,0.0,-0.00885851911909558,215,STRAIGHT,STRAIGHT,184.044,0.24300000000002342,9,184.044,0,0.0,0.0,0.0,False,0,7.51142,16.2517,25.3568,42.9633,74.1519,116.613,196.933,191.485,187.791,184.044,179.969,175.455,167.98,155.174,98.5818,55.7129,32.4274,20.6327,9.46312
99764,95.6656,-0.574516,1.69442,-0.00322406,0.112631,0.0,9470.06,3,0.88,0.0,-0.018108271602906498,215,STRAIGHT,STRAIGHT,183.986,-0.058000000000021146,9,183.986,0,0.0,0.0,0.0,False,0,7.50542,16.202,25.2256,42.5703,72.9621,113.668,196.856,191.392,187.688,183.986,179.974,175.546,168.272,156.327,100.328,56.2557,32.6035,20.699,9.47157
99763,96.5444,-0.52918,1.7036,-0.00374323,0.112411,0.0,9564.21,3,0.88,0.0,-0.02618370688707817,215,STRAIGHT,STRAIGHT,183.618,-0.367999999999995,9,183.618,0,0.0,0.0,0.0,False,0,7.50341,16.1819,25.1713,42.4062,72.466,112.451,196.459,190.999,187.298,183.618,179.64,175.256,168.084,156.516,101.095,56.49,32.6781,20.7264,9.47466
99762,97.4274,-0.467906,1.71619,-0.00355454,0.11227,0.0,9650.65,3,0.88,0.0,-0.03261213002928144,215,STRAIGHT,STRAIGHT,182.936,-0.681999999999988,9,182.936,0,0.0,0.0,0.0,False,0,7.50601,16.1932,25.1973,42.4763,72.6636,112.918,195.731,190.294,186.609,182.936,178.963,174.585,167.425,155.875,100.794,56.3933,32.6444,20.7123,9.47165
99761,98.313,-0.389606,1.73145,-0.00266716,0.112153,0.0,9731.23,3,0.88,0.0,-0.037011101015874695,215,STRAIGHT,STRAIGHT,181.943,-0.992999999999995,9,181.943,0,0.0,0.0,0.0,False,0,7.51362,16.2367,25.3044,42.7822,73.5613,115.096,194.68,189.285,185.628,181.943,177.948,173.539,166.3,154.418,99.454,55.9707,32.5029,20.6563,9.4622
99760,99.1996,-0.296062,1.7485,-0.00111434,0.112007,0.0,9807.95,3,0.88,0.0,-0.03909578027504159,215,STRAIGHT,STRAIGHT,180.65,-1.2930000000000064,9,180.65,0,0.0,0.0,0.0,False,0,7.52649,16.3123,25.4924,43.3254,75.1814,119.107,193.327,187.992,184.372,180.65,176.604,172.124,164.711,152.026,97.1967,55.249,32.2599,20.5601,9.44623
99759,100.086,-0.186481,1.76476,0.00100151,0.111785,0.0,9882.88,3,0.88,0.0,-0.0387291347911516,215,STRAIGHT,STRAIGHT,179.091,-1.5589999999999975,9,179.091,0,0.0,0.0,0.0,False,0,7.54431,16.417,25.7538,44.0892,77.5087,125.046,191.727,186.466,182.872,179.091,174.967,170.377,162.684,148.32,94.2783,54.2937,31.9339,20.43,9.42437
99758,100.97,-0.069948,1.78006,0.00352821,0.111442,0.0,9958.06,3,0.88,0.0,-0.03594394711073482,215,STRAIGHT,STRAIGHT,177.322,-1.7690000000000055,9,177.322,0,0.0,0.0,0.0,False,0,7.56641,16.5452,26.0754,45.041,80.4897,132.97,189.956,184.779,181.181,177.322,173.095,168.356,160.264,141.453,91.0077,53.1915,31.5509,20.2755,9.3978
99757,101.851,0.0459463,1.79586,0.00631417,0.110942,0.0,10034.8,3,0.88,0.0,-0.02947403663080255,215,STRAIGHT,STRAIGHT,175.4,-1.921999999999997,9,175.4,0,0.0,0.0,0.0,False,0,7.59199,16.6911,26.4428,46.1449,84.0632,142.972,188.088,183.0,179.352,175.4,171.046,166.12,157.482,133.509,87.6439,52.021,31.1357,20.1056,9.3677
99756,102.729,0.15751,1.81197,0.00918244,0.110258,0.0,10113.0,3,0.88,0.0,-0.024168710037258092,215,STRAIGHT,STRAIGHT,173.399,-2.0010000000000048,9,173.399,0,0.0,0.0,0.0,False,0,7.62,16.8473,26.837,47.3475,88.1025,192.301,186.202,181.184,177.456,173.399,168.9,163.749,154.378,126.187,84.4159,50.86,30.7147,19.9306,9.33553
99755,103.605,0.261015,1.8279,0.0119007,0.109384,0.0,10192.2,3,0.88,0.0,-0.015708589815278874,215,STRAIGHT,STRAIGHT,171.428,-1.9710000000000036,9,171.428,0,0.0,0.0,0.0,False,0,7.64869,17.0023,27.2281,48.5574,92.3235,190.391,184.397,179.402,175.592,171.428,166.776,161.377,151.052,119.922,81.5494,49.7956,30.3197,19.7635,9.30338
99754,104.476,0.336561,1.84007,0.0143331,0.108313,0.0,10275.7,3,0.88,0.0,-0.006328808513766352,215,STRAIGHT,STRAIGHT,169.56,-1.867999999999995,9,169.56,0,0.0,0.0,0.0,False,0,7.67703,17.1488,27.5963,49.7079,96.4826,188.622,182.722,177.714,173.828,169.56,164.756,159.1,147.516,114.784,79.121,48.8665,29.9666,19.6112,9.27241
99753,105.347,0.393212,1.85081,0.016375,0.107056,0.0,10357.2,3,0.88,0.0,0.0034374592406658886,215,STRAIGHT,STRAIGHT,167.86,-1.6999999999999886,9,167.86,0,0.0,0.0,0.0,False,0,7.70406,17.2804,27.9238,50.7351,100.307,187.035,181.216,176.172,172.219,167.86,162.917,157.013,143.702,110.757,77.1633,48.0962,29.6665,19.4786,9.24357
99752,106.22,0.42721,1.8622,0.0178595,0.105638,0.0,10434.7,3,0.88,0.0,0.012988734938982227,215,STRAIGHT,STRAIGHT,166.43,-1.4300000000000068,9,166.43,0,0.0,0.0,0.0,False,0,7.72816,17.387,28.1821,51.5361,103.334,185.693,179.939,174.856,170.856,166.43,161.383,155.283,139.624,107.948,75.7629,47.5287,29.4383,19.3744,9.21849
99751,107.094,0.427825,1.87503,0.018681,0.104091,0.0,10508.8,3,0.88,0.0,0.021726760020391575,215,STRAIGHT,STRAIGHT,165.343,-1.0870000000000175,9,165.343,0,0.0,0.0,0.0,False,0,7.74812,17.4613,28.351,52.0336,105.174,184.633,178.924,173.821,169.8,165.343,160.246,154.044,137.061,106.378,74.9564,47.1872,29.2931,19.3038,9.19831
99750,107.968,0.399706,1.88948,0.018772,0.102459,0.0,10581.3,3,0.88,0.0,0.02909220595805398,215,STRAIGHT,STRAIGHT,164.645,-0.6979999999999791,9,164.645,0,0.0,0.0,0.0,False,0,7.76297,17.4981,28.416,52.1741,105.554,183.878,178.193,173.101,169.089,164.645,159.564,153.387,136.602,106.066,74.7688,47.0872,29.2383,19.2704,9.1839
99749,108.84,0.341191,1.90525,0.0181003,0.100793,0.0,10653.8,3,0.88,0.0,0.034591571250255214,215,STRAIGHT,STRAIGHT,164.35,-0.2950000000000159,9,164.35,0,0.0,0.0,0.0,False,0,7.77197,17.4942,28.3701,51.9348,104.377,183.437,177.757,172.708,168.738,164.35,159.353,153.329,138.311,107.056,75.2247,47.2396,29.2788,19.2768,9.17596
99748,109.709,0.25462,1.9218,0.0167152,0.0991446,0.0,10727.9,3,0.88,0.0,0.03786467481839953,215,STRAIGHT,STRAIGHT,164.417,0.06700000000000728,9,164.417,0,0.0,0.0,0.0,False,0,7.77505,17.4517,28.2203,51.3491,101.843,183.291,177.594,172.614,168.712,164.417,159.558,153.781,141.164,109.346,76.3114,47.6363,29.4109,19.3213,9.17449
99747,110.575,0.149739,1.93831,0.0146992,0.0975709,0.0,10804.0,3,0.88,0.0,0.03869261986880551,215,STRAIGHT,STRAIGHT,164.779,0.36199999999999477,9,164.779,0,0.0,0.0,0.0,False,0,7.77245,17.3747,27.9806,50.4775,98.2929,183.407,177.676,172.77,168.957,164.779,160.093,154.612,143.71,112.959,78.0155,48.2642,29.6285,19.4014,9.17927
99746,111.437,0.0294295,1.95156,0.0121837,0.0961199,0.0,10882.2,3,0.88,0.0,0.037020615142930716,215,STRAIGHT,STRAIGHT,165.348,0.5690000000000168,9,165.348,0,0.0,0.0,0.0,False,0,7.76486,17.2703,27.6728,49.4069,94.1582,183.735,177.955,173.107,169.393,165.348,160.849,155.671,146.044,117.888,80.2969,49.0973,29.9195,19.5118,9.18961
99745,112.296,-0.0953529,1.96471,0.00933081,0.0948366,0.0,10961.8,3,0.88,0.0,0.03295855352865707,215,STRAIGHT,STRAIGHT,166.025,0.6769999999999925,9,166.025,0,0.0,0.0,0.0,False,0,7.75325,17.1469,27.3221,48.2313,89.8492,184.211,178.371,173.547,169.937,166.025,161.711,156.818,148.153,124.086,83.0876,50.0973,30.2679,19.6456,9.20451
99744,113.153,-0.218753,1.9781,0.0063225,0.0937549,0.0,11041.7,3,0.88,0.0,0.027026013893498797,215,STRAIGHT,STRAIGHT,166.718,0.6929999999999836,9,166.718,0,0.0,0.0,0.0,False,0,7.73883,17.0142,26.9551,47.0404,85.6996,184.759,178.854,174.013,170.503,166.718,162.575,157.934,150.001,131.422,86.2786,51.2128,30.6529,19.7941,9.22269
99743,114.008,-0.330483,1.99184,0.00335053,0.0928923,0.0,11120.8,3,0.88,0.0,0.01907100895091246,215,STRAIGHT,STRAIGHT,167.341,0.6230000000000189,9,167.341,0,0.0,0.0,0.0,False,0,7.72298,16.8817,26.5971,45.9128,81.9506,135.186,179.329,174.438,171.011,167.341,163.348,158.92,151.544,138.217,89.7058,52.3775,31.0499,19.9473,9.24258
99742,114.861,-0.423716,2.00297,0.000595599,0.0922581,0.0,11202.0,3,0.88,0.0,0.009907903552445824,215,STRAIGHT,STRAIGHT,167.822,0.48099999999999454,9,167.822,0,0.0,0.0,0.0,False,0,7.70704,16.7581,26.2696,44.9088,78.7488,126.59,179.718,174.781,171.394,167.822,163.957,159.704,152.749,141.451,93.1555,53.5156,31.4328,20.0948,9.2626
99741,115.714,-0.492843,2.01354,-0.00176397,0.0918437,0.0,11280.1,3,0.88,0.0,0.00012421521781481176,215,STRAIGHT,STRAIGHT,168.1,0.2779999999999916,9,168.1,0,0.0,0.0,0.0,False,0,7.6924,16.6514,25.9923,44.0781,76.1918,120.069,179.945,174.971,171.59,168.1,164.338,160.222,153.58,143.37,96.3438,54.5384,31.7726,20.2256,9.28099
99740,116.568,-0.529762,2.02537,-0.00356553,0.0916257,0.0,11354.2,3,0.88,0.0,-0.009638268353755624,215,STRAIGHT,STRAIGHT,168.121,0.021000000000015007,9,168.121,0,0.0,0.0,0.0,False,0,7.68048,16.5693,25.7819,43.4603,74.3423,115.517,179.937,174.938,171.55,168.121,164.436,160.422,154.001,144.441,98.9401,55.3518,32.0402,20.3286,9.29596
99739,117.423,-0.531184,2.03888,-0.00467324,0.0915697,0.0,11425.8,3,0.88,0.0,-0.0187186153171588,215,STRAIGHT,STRAIGHT,167.846,-0.2750000000000057,9,167.846,0,0.0,0.0,0.0,False,0,7.67251,16.5178,25.6521,43.0854,73.2432,112.877,179.632,174.627,171.235,167.846,164.212,160.264,153.983,144.797,100.615,55.8683,32.2095,20.3939,9.30587
99738,118.278,-0.494605,2.05382,-0.00499412,0.091629,0.0,11496.5,3,0.88,0.0,-0.02648110213256209,215,STRAIGHT,STRAIGHT,167.246,-0.5999999999999943,9,167.246,0,0.0,0.0,0.0,False,0,7.66958,16.5015,25.6127,42.9745,72.9249,112.126,178.99,173.999,170.615,167.246,163.638,159.723,153.509,144.484,101.118,56.0236,32.2611,20.4143,9.30939
99737,119.13,-0.421023,2.06979,-0.00450622,0.0917451,0.0,11568.0,3,0.88,0.0,-0.03237905417717743,215,STRAIGHT,STRAIGHT,166.319,-0.9270000000000209,9,166.319,0,0.0,0.0,0.0,False,0,7.6723,16.5225,25.6669,43.1336,73.3934,113.247,178.003,173.045,169.685,166.319,162.712,158.797,152.581,143.535,100.374,55.7983,32.1888,20.3871,9.30579
99736,119.98,-0.315312,2.08619,-0.00326933,0.0918569,0.0,11641.3,3,0.88,0.0,-0.03601825616948909,215,STRAIGHT,STRAIGHT,165.089,-1.2299999999999898,9,165.089,0,0.0,0.0,0.0,False,0,7.68078,16.5791,25.8107,43.5513,74.624,116.217,176.702,171.797,168.471,165.089,161.46,157.515,151.23,141.987,98.5212,55.2262,32.0016,20.3152,9.29515
99735,120.825,-0.189453,2.10031,-0.00137712,0.0919065,0.0,11716.6,3,0.88,0.0,-0.035591127294993,215,STRAIGHT,STRAIGHT,163.587,-1.5020000000000095,9,163.587,0,0.0,0.0,0.0,False,0,7.69484,16.6689,26.0375,44.2124,76.5999,121.092,175.134,170.297,167.004,163.587,159.914,155.909,149.491,139.852,95.8055,54.3677,31.7162,20.2039,9.27792
99734,121.668,-0.0505977,2.11354,0.00105534,0.091827,0.0,11793.7,3,0.88,0.0,-0.032867518506721545,215,STRAIGHT,STRAIGHT,161.851,-1.73599999999999,9,161.851,0,0.0,0.0,0.0,False,0,7.71425,16.7885,26.3392,45.0998,79.3122,128.017,173.356,168.6,165.319,161.851,158.113,154.021,147.4,137.099,92.5157,53.2959,31.3527,20.0602,9.2547
99733,122.507,0.0969074,2.12679,0.00383651,0.0915721,0.0,11871.7,3,0.88,0.0,-0.026951365175511666,215,STRAIGHT,STRAIGHT,159.95,-1.9010000000000105,9,159.95,0,0.0,0.0,0.0,False,0,7.73801,16.9305,26.6979,46.1676,82.6735,177.154,171.453,166.784,163.481,159.95,156.129,151.923,145.033,133.673,89.0073,52.1135,30.9428,19.8954,9.22696
99732,123.345,0.238999,2.14019,0.00672275,0.0911044,0.0,11949.4,3,0.88,0.0,-0.020225626734652804,215,STRAIGHT,STRAIGHT,157.976,-1.9739999999999895,9,157.976,0,0.0,0.0,0.0,False,0,7.76461,17.0843,27.0866,47.3408,86.4948,175.119,169.528,164.937,161.579,157.976,154.063,149.725,142.502,129.344,85.6202,50.931,30.5229,19.7237,9.19671
99731,124.18,0.363641,2.15128,0.00946221,0.0904132,0.0,12028.7,3,0.88,0.0,-0.012006751218685094,215,STRAIGHT,STRAIGHT,156.037,-1.938999999999993,9,156.037,0,0.0,0.0,0.0,False,0,7.79218,17.2375,27.4734,48.5232,90.4846,173.164,167.676,163.126,159.711,156.037,152.028,147.551,139.955,123.279,82.615,49.8454,30.1278,19.559,9.16614
99730,125.014,0.456048,2.16182,0.0118479,0.0894986,0.0,12105.3,4,0.88,0.0,-0.00289662485573996,198,FAST_BEND,STRAIGHT,154.227,-1.8100000000000023,9,154.227,0,0.0,0.0,0.0,False,0,7.81905,17.3791,27.8287,49.618,94.2991,171.368,165.972,161.43,157.965,154.227,150.13,145.522,137.544,117.884,80.1393,48.9222,29.7832,19.4121,9.13709
99729,125.85,0.509775,2.17344,0.013724,0.0883695,0.0,12178.5,4,0.88,0.0,0.006458975994931447,198,FAST_BEND,STRAIGHT,152.625,-1.6020000000000039,9,152.625,0,0.0,0.0,0.0,False,0,7.84383,17.4999,28.1268,50.5354,97.5706,169.785,164.466,159.915,156.413,152.625,148.458,143.743,135.428,113.914,78.2624,48.2009,29.5063,19.2909,9.11094
99728,126.193,0.485806,2.18531,0.0148587,0.0870524,0.0,9878.34,4,1.0,0.0,0.015303365779711406,198,FAST_BEND,STRAIGHT,151.347,-1.2779999999999916,9,151.347,0,0.0,0.0,0.0,False,0,7.86433,17.5858,28.3296,51.1415,99.727,168.499,163.236,158.678,155.158,151.347,147.146,142.375,133.865,111.571,77.1226,47.7464,29.324,19.207,9.08989
99727,126.054,0.41006,2.18318,0.0151084,0.0855788,0.0,9882.11,4,1.0,0.0,0.022874575937686055,198,FAST_BEND,STRAIGHT,150.471,-0.8760000000000048,9,150.471,0,0.0,0.0,0.0,False,0,7.87906,17.6276,28.4114,51.343,100.343,167.56,162.33,157.784,154.272,150.471,146.281,141.525,133.045,110.947,76.7921,47.5955,29.2523,19.1677,9.07537
99726,125.925,0.325818,2.17666,0.0145979,0.0840373,0.0,9353.07,4,1.0,0.0,0.02866480579472098,198,FAST_BEND,STRAIGHT,149.939,-0.5320000000000107,9,149.939,0,0.0,0.0,0.0,False,0,7.88819,17.6298,28.3856,51.1865,99.5842,166.916,161.699,157.184,153.702,149.939,145.799,141.117,132.86,111.76,77.1457,47.7042,29.2762,19.1675,9.06697
99725,126.354,0.233161,2.17958,0.0133714,0.0825092,0.0,9870.55,4,0.88,0.0,0.032296540156752096,198,FAST_BEND,STRAIGHT,149.721,-0.2179999999999893,9,149.721,0,0.0,0.0,0.0,False,0,7.89139,17.5935,28.2574,50.6961,97.585,166.547,161.324,156.854,153.422,149.721,145.665,141.105,133.21,114.001,78.1702,48.0653,29.3931,19.2058,9.065
99724,127.102,0.116546,2.19425,0.0114917,0.081063,0.0,9968.39,4,0.88,0.0,0.03351787148885502,198,FAST_BEND,STRAIGHT,149.77,0.049000000000006594,9,149.77,0,0.0,0.0,0.0,False,0,7.88861,17.5213,28.0367,49.9171,94.5921,166.426,161.18,156.758,153.39,149.77,145.822,141.419,133.955,117.726,79.8664,48.672,29.5995,19.2811,9.0695
99723,127.841,-0.0161799,2.2146,0.00912046,0.0797518,0.0,9911.24,4,1.0,0.0,0.03227697298956519,198,FAST_BEND,STRAIGHT,150.001,0.23099999999999454,9,150.001,0,0.0,0.0,0.0,False,0,7.88077,17.4217,27.7487,48.9442,91.0304,166.494,161.213,156.824,153.529,150.001,146.173,141.939,134.91,122.264,82.1607,49.4858,29.8791,19.3864,9.07957
99722,128.52,-0.133081,2.23676,0.0065112,0.0786288,0.0,9929.64,4,1.0,0.0,0.02877555316405834,198,FAST_BEND,STRAIGHT,150.296,0.2949999999999875,9,150.296,0,0.0,0.0,0.0,False,0,7.8695,17.3079,27.4301,47.9032,87.3894,166.655,161.332,156.952,153.732,150.296,146.586,142.515,135.878,125.127,84.8754,50.4309,30.203,19.5099,9.09345
99721,129.237,-0.240502,2.25463,0.00386928,0.0777341,0.0,10060.0,4,1.0,0.0,0.023595953594527836,198,FAST_BEND,STRAIGHT,150.568,0.2720000000000198,9,150.568,0,0.0,0.0,0.0,False,0,7.85614,17.19,27.1088,46.8838,83.9745,166.832,161.464,157.067,153.918,150.568,146.968,143.043,136.74,127.145,87.8399,51.4395,30.5459,19.6413,9.1097
99720,130.001,-0.33505,2.26545,0.00130489,0.0770781,0.0,10128.4,4,0.88,0.0,0.016665575142902865,198,FAST_BEND,STRAIGHT,150.776,0.2079999999999984,9,150.776,0,0.0,0.0,0.0,False,0,7.84149,17.0735,26.7986,45.9264,80.8934,166.979,161.568,157.138,154.047,150.776,147.275,143.479,137.455,128.659,90.9462,52.4703,30.8931,19.7749,9.12741
99719,130.768,-0.409801,2.27109,-0.0010412,0.0766612,0.0,10190.0,4,0.88,0.0,0.008718893841486984,198,FAST_BEND,STRAIGHT,150.87,0.09399999999999409,9,150.87,0,0.0,0.0,0.0,False,0,7.82664,16.9652,26.5162,45.0766,78.2545,167.038,161.591,157.133,154.072,150.87,147.455,143.769,137.974,129.752,94.0072,53.4607,31.2237,19.9023,9.1453
99718,131.478,-0.452747,2.27421,-0.00299151,0.0764761,0.0,10158.7,4,1.0,0.0,0.0003124537647092498,198,FAST_BEND,STRAIGHT,150.793,-0.07699999999999818,9,150.793,0,0.0,0.0,0.0,False,0,7.81302,16.8734,26.2817,44.3867,76.177,166.937,161.464,156.985,153.937,150.793,147.447,143.85,138.234,130.422,96.7301,54.3219,31.509,20.0127,9.16165
99717,132.128,-0.456993,2.27631,-0.0043726,0.0764991,0.0,10202.9,4,1.0,0.0,-0.007927227676419782,198,FAST_BEND,STRAIGHT,150.489,-0.30400000000000205,9,150.489,0,0.0,0.0,0.0,False,0,7.80212,16.8062,26.1138,43.9037,74.7595,115.495,161.118,156.633,153.589,150.489,147.196,143.664,138.178,130.644,98.7706,54.957,31.7188,20.0945,9.1746
99716,132.83,-0.437619,2.28125,-0.00512452,0.0766826,0.0,10344.6,4,1.0,0.0,-0.015425571331180693,198,FAST_BEND,STRAIGHT,149.946,-0.5430000000000064,9,149.946,0,0.0,0.0,0.0,False,0,7.79477,16.7668,26.0185,43.6371,73.996,113.666,160.531,156.052,153.016,149.946,146.689,143.202,137.802,130.442,99.9341,55.3178,31.8394,20.1426,9.18313
99715,133.587,-0.391862,2.29113,-0.00523351,0.076964,0.0,10413.3,4,0.88,0.0,-0.021694808287239867,198,FAST_BEND,STRAIGHT,149.165,-0.7810000000000059,9,149.165,0,0.0,0.0,0.0,False,0,7.79155,16.7565,25.9976,43.5867,73.8662,113.378,159.695,155.239,152.218,149.165,145.928,142.466,137.113,129.843,100.129,55.3836,31.8645,20.1543,9.18655
99714,134.354,-0.315713,2.30216,-0.00469142,0.0772907,0.0,10468.9,4,0.88,0.0,-0.026324331326232193,198,FAST_BEND,STRAIGHT,148.146,-1.0190000000000055,9,148.146,0,0.0,0.0,0.0,False,0,7.79297,16.7765,26.0532,43.7564,74.3764,164.014,158.611,154.192,151.194,148.146,144.916,141.46,136.117,128.859,99.3265,55.146,31.7909,20.1282,9.1843
99713,135.066,-0.21632,2.31564,-0.00350715,0.077601,0.0,10427.3,4,1.0,0.0,-0.028982946170538613,198,FAST_BEND,STRAIGHT,146.893,-1.252999999999986,9,146.893,0,0.0,0.0,0.0,False,0,7.79951,16.8279,26.187,44.1517,75.5501,162.628,157.288,152.919,149.948,146.893,143.654,140.187,134.817,127.495,97.5831,54.6139,31.6198,20.0639,9.17599
99712,135.714,-0.0985684,2.33118,-0.00179079,0.0778254,0.0,10464.1,4,1.0,0.0,-0.02950273893274362,198,FAST_BEND,STRAIGHT,145.444,-1.4490000000000123,9,145.444,0,0.0,0.0,0.0,False,0,7.81094,16.9071,26.3902,44.7489,77.339,161.035,155.773,151.466,148.516,145.444,142.183,138.688,133.26,125.802,95.1443,53.8501,31.3687,19.9675,9.16207
99711,136.411,0.024929,2.346,0.000325888,0.0779109,0.0,10602.4,4,1.0,0.0,-0.02787165097595246,198,FAST_BEND,STRAIGHT,143.842,-1.6019999999999754,9,143.842,0,0.0035937931034482353,0.0,0.0,False,0,7.82674,17.0096,26.6509,45.5181,79.6835,159.296,154.121,149.884,146.939,143.842,140.55,137.014,131.499,123.836,92.2849,52.9284,31.0592,19.8464,9.1434
99710,137.16,0.154492,2.35884,0.00274442,0.0778114,0.0,10671.5,4,1.0,0.0,-0.022854753800281014,198,FAST_BEND,STRAIGHT,142.119,-1.7230000000000132,9,142.119,0,0.008941034482758622,0.0,0.0,False,0,7.84659,17.1319,26.9611,46.4403,82.5613,157.454,152.373,148.211,145.249,142.119,138.787,135.197,129.569,121.626,89.2057,51.904,30.7076,19.7063,9.12054
99709,137.917,0.280058,2.37122,0.00527063,0.0774975,0.0,10728.3,4,1.0,0.0,-0.01874089811623043,198,FAST_BEND,STRAIGHT,140.344,-1.7750000000000057,9,140.344,0,0.014449655172413813,0.0,0.0,False,0,7.86928,17.2656,27.2992,47.4553,85.8172,155.586,150.599,146.501,143.509,140.344,136.965,133.315,127.555,119.265,86.1845,50.8658,30.3429,19.5584,9.09506
99708,138.674,0.387276,2.38395,0.00765607,0.0769478,0.0,10782.4,4,1.0,0.0,-0.01185773011814464,198,FAST_BEND,STRAIGHT,138.607,-1.7369999999999948,9,138.607,0,0.01984034482758621,0.0,0.0,False,0,7.89302,17.3986,27.634,48.4682,89.1592,153.785,148.887,144.826,141.807,138.607,135.184,131.474,125.582,116.908,83.4932,49.9108,29.9993,19.4163,9.06904
99707,139.43,0.455853,2.39694,0.00975017,0.0761642,0.0,10836.3,4,1.0,0.0,-0.004133621117782415,198,FAST_BEND,STRAIGHT,136.968,-1.63900000000001,9,136.968,0,0.02492689655172417,0.0,0.0,False,0,7.91657,17.5227,27.9435,49.4091,92.3422,152.1,147.283,143.24,140.197,136.968,133.507,129.746,123.732,114.675,81.2409,49.0873,29.6956,19.2877,9.04381
99706,140.184,0.494087,2.41023,0.0114225,0.0751531,0.0,10890.5,4,1.0,0.0,0.0038809143587175297,198,FAST_BEND,STRAIGHT,135.48,-1.4879999999999995,9,135.48,0,0.02954482758620693,0.0,0.0,False,0,7.93878,17.6303,28.2072,50.2069,95.0878,150.572,145.826,141.788,138.729,135.48,131.993,128.194,122.089,112.707,79.4973,48.4308,29.4467,19.1794,9.02053
99705,140.937,0.495777,2.4233,0.0125225,0.0739485,0.0,10945.0,4,1.0,0.0,0.011586060506342123,198,FAST_BEND,STRAIGHT,134.206,-1.274000000000001,9,134.206,0,0.03349862068965521,0.0,0.0,False,0,7.95808,17.712,28.3997,50.7746,97.0376,149.248,144.557,140.525,137.461,134.206,130.709,126.896,120.75,111.193,78.3497,47.9839,29.2704,19.0991,9.00075
99704,141.689,0.457898,2.436,0.0129604,0.0725993,0.0,10999.8,4,1.0,0.0,0.01840002127882353,198,FAST_BEND,STRAIGHT,133.182,-1.024000000000001,9,133.182,0,0.036676551724137973,0.0,0.0,False,0,7.97326,17.7614,28.5036,51.0516,97.9267,148.153,143.501,139.482,136.427,133.182,129.697,125.896,119.776,110.266,77.8383,47.7693,29.177,19.0518,8.98561
99703,142.439,0.384059,2.44842,0.0126952,0.0711623,0.0,11054.8,4,1.0,0.0,0.023802874919901504,198,FAST_BEND,STRAIGHT,132.422,-0.7599999999999909,9,132.422,0,0.03903517241379311,0.0,0.0,False,0,7.98344,17.7746,28.5098,51.0073,97.6235,147.294,142.666,138.673,135.641,132.422,128.97,125.213,119.184,109.952,77.9833,47.7985,29.1721,19.0403,8.97589
99702,143.187,0.276098,2.46043,0.0117666,0.0697084,0.0,11110.0,4,1.0,0.0,0.027403317341036022,198,FAST_BEND,STRAIGHT,131.906,-0.5159999999999911,9,131.906,0,0.04063655172413791,0.0,0.0,False,0,7.98833,17.7525,28.422,50.6592,96.2138,146.656,142.037,138.08,135.083,131.906,128.507,124.817,118.935,110.141,78.7619,48.0626,29.2528,19.0639,8.97183
99701,143.934,0.149216,2.47204,0.0102369,0.0682972,0.0,11165.4,4,1.0,0.0,0.028938103669706568,198,FAST_BEND,STRAIGHT,131.602,-0.30400000000000205,9,131.602,0,0.041579999999999985,0.0,0.0,False,0,7.98795,17.6977,28.2494,50.0455,93.8884,146.217,141.593,137.677,134.724,131.602,128.269,124.666,118.97,110.686,80.1578,48.5504,29.4143,19.1205,8.97341
99700,144.678,0.00552849,2.48393,0.00822209,0.0669971,0.0,11220.6,4,1.0,0.0,0.028300841727363607,198,FAST_BEND,STRAIGHT,131.456,-0.146000000000015,9,131.456,0,0.0420331034482759,0.0,0.0,False,0,7.9827,17.6158,28.0094,49.233,90.9476,145.938,141.298,137.417,134.517,131.456,128.199,124.694,119.201,111.428,82.123,49.2362,29.6461,19.2061,8.98024
99699,145.42,-0.138177,2.49609,0.0058706,0.0658623,0.0,11275.8,4,1.0,0.0,0.025546084480999678,198,FAST_BEND,STRAIGHT,131.407,-0.04899999999997817,9,131.407,0,0.04218517241379307,0.0,0.0,False,0,7.97337,17.5144,27.7239,48.3006,87.7138,145.771,141.107,137.249,134.403,131.407,128.23,124.826,119.536,112.231,84.5794,50.082,29.9329,19.3142,8.99151
99698,146.161,-0.275931,2.50878,0.00335877,0.0649414,0.0,11330.7,4,1.0,0.0,0.020947789274419735,198,FAST_BEND,STRAIGHT,131.389,-0.018000000000000682,9,131.389,0,0.04224103448275859,0.0,0.0,False,0,7.96102,17.4023,27.4177,47.3308,84.4862,145.657,140.964,137.111,134.32,131.389,128.289,124.982,119.884,112.986,87.4018,51.0346,30.2546,19.4367,9.00613
99697,146.899,-0.392206,2.52174,0.000861242,0.064263,0.0,11385.3,4,1.0,0.0,0.014719369344594084,198,FAST_BEND,STRAIGHT,131.34,-0.049000000000006594,9,131.34,0,0.04239310344827585,0.0,0.0,False,0,7.94684,17.2882,27.1137,46.3946,81.4897,145.536,140.815,136.95,134.21,131.34,128.313,125.095,120.169,113.612,90.4273,52.032,30.589,19.5647,9.0228
99696,147.637,-0.483912,2.53519,-0.00143361,0.0638398,0.0,11439.5,4,1.0,0.0,0.007398524480615397,198,FAST_BEND,STRAIGHT,131.199,-0.14099999999999113,9,131.199,0,0.04283068965517238,0.0,0.0,False,0,7.93222,17.1813,26.8351,45.5581,78.9049,145.342,140.597,136.714,134.015,131.199,128.236,125.097,120.318,114.04,93.42,52.9949,30.9092,19.6878,9.03995
99695,148.373,-0.538561,2.549,-0.00334491,0.0636632,0.0,11493.1,4,1.0,0.0,-0.00045716892536414814,198,FAST_BEND,STRAIGHT,130.913,-0.28600000000000136,9,130.913,0,0.04371827586206893,0.0,0.0,False,0,7.91864,17.0901,26.6027,44.8764,76.8614,145.009,140.25,136.356,133.682,130.913,128.005,124.931,120.273,114.213,96.0862,53.8343,31.1866,19.795,9.05582
99694,149.109,-0.554059,2.56262,-0.00470732,0.0637056,0.0,11546.3,4,1.0,0.0,-0.008228038468696491,198,FAST_BEND,STRAIGHT,130.434,-0.4790000000000134,9,130.434,0,0.045204827586206905,0.0,0.0,False,0,7.90759,17.0227,26.4348,44.3951,75.4554,144.477,139.718,135.824,133.167,130.434,127.57,124.548,119.984,114.086,97.656,54.4579,31.3924,19.8753,9.06863
99693,149.844,-0.521591,2.57599,-0.00543068,0.0639267,0.0,11599.0,4,1.0,0.0,-0.015316067000394926,198,FAST_BEND,STRAIGHT,129.743,-0.6910000000000025,9,129.743,0,0.0473493103448276,0.0,0.0,False,0,7.90006,16.9836,26.341,44.1344,74.7137,143.714,138.97,135.09,132.448,129.743,126.91,123.927,119.43,113.646,98.0931,54.8051,31.5087,19.9219,9.07715
99692,150.578,-0.451218,2.58971,-0.00546722,0.0642706,0.0,11651.6,4,1.0,0.0,-0.021181483458705578,198,FAST_BEND,STRAIGHT,128.829,-0.9139999999999873,9,128.829,0,0.05018586206896549,0.0,0.0,False,0,7.89687,16.9756,26.3269,44.1056,74.65,142.704,137.994,134.14,131.516,128.829,126.018,123.059,118.604,112.891,97.7781,54.84,31.5245,19.9305,9.08042
99691,151.31,-0.344293,2.60309,-0.00480591,0.0646683,0.0,11704.7,4,1.0,0.0,-0.025367392341373772,198,FAST_BEND,STRAIGHT,127.693,-1.13600000000001,9,127.693,0,0.05371137931034484,0.0,0.0,False,0,7.89868,17.0004,26.3957,44.3152,75.2784,141.448,136.787,132.975,130.37,127.693,124.892,121.945,117.511,111.826,96.8366,54.5527,31.4358,19.8991,9.07774
99690,152.04,-0.209953,2.61598,-0.00349861,0.0650467,0.0,11758.3,4,1.0,0.0,-0.027545902411684996,198,FAST_BEND,STRAIGHT,126.352,-1.340999999999994,9,126.352,0,0.05787310344827585,0.0,0.0,False,0,7.90573,17.0573,26.5445,44.7556,76.5872,139.97,135.375,131.615,129.028,126.352,123.553,120.606,116.171,110.479,95.3372,53.9738,31.2501,19.8297,9.06901
99689,152.767,-0.0570797,2.62845,-0.00165458,0.0653354,0.0,11812.3,4,1.0,0.0,-0.027550953662316545,198,FAST_BEND,STRAIGHT,124.841,-1.51100000000001,9,124.841,0,0.06275321379310347,0.0,0.0,False,0,7.9178,17.1429,26.7646,45.4046,78.5356,138.315,133.797,130.099,127.522,124.841,122.034,119.078,114.625,108.895,93.3261,53.1662,30.9851,19.7282,9.05466
99688,153.492,0.0993272,2.64072,0.000599876,0.0654655,0.0,11866.5,4,1.0,0.0,-0.02536586598156934,198,FAST_BEND,STRAIGHT,123.196,-1.644999999999996,9,123.196,0,0.06983238620689657,0.0,0.0,False,0,7.93455,17.2529,27.0455,46.2359,81.0781,136.533,132.1,128.471,125.888,123.196,120.376,117.404,112.918,107.123,90.7923,52.2011,30.6611,19.6017,9.03536
99687,154.215,0.253016,2.65433,0.00309567,0.0653836,0.0,11920.5,4,1.0,0.0,-0.020800010104886857,198,FAST_BEND,STRAIGHT,121.469,-1.7270000000000039,9,121.469,0,0.07726444137931038,0.0,0.0,False,0,7.95515,17.3807,27.3703,47.2044,84.1138,134.685,130.342,126.77,124.175,121.469,118.632,115.639,111.11,105.231,87.753,51.1624,30.3041,19.4594,9.01222
99686,154.936,0.390613,2.66796,0.00559832,0.0650528,0.0,11974.1,4,1.0,0.0,-0.014940295083824677,198,FAST_BEND,STRAIGHT,119.734,-1.7349999999999994,9,119.734,0,0.08473092413793107,0.0,0.0,False,0,7.97808,17.5155,27.7114,48.2301,87.4181,132.849,128.595,125.061,122.454,119.734,116.88,113.864,109.29,103.321,84.8197,50.15,29.9474,19.3145,8.9871
99685,155.656,0.4935,2.6813,0.00790228,0.0644565,0.0,12027.1,4,1.0,0.0,-0.007860616445715351,198,FAST_BEND,STRAIGHT,118.056,-1.6779999999999973,9,118.056,0,0.0919521103448276,0.0,0.0,False,0,8.00183,17.647,28.0417,49.2295,139.777,131.089,126.917,123.403,120.788,118.056,115.187,112.152,107.541,101.49,82.2638,49.239,29.6183,19.1777,8.96168
99684,156.376,0.55661,2.69563,0.00983103,0.0635997,0.0,12078.6,4,1.0,0.0,-0.00013266913195612504,198,FAST_BEND,STRAIGHT,116.492,-1.563999999999993,9,116.492,0,0.09868270344827586,0.0,0.0,False,0,8.0249,17.7653,28.3349,50.1169,137.985,129.454,125.356,121.851,119.23,116.492,113.616,110.57,105.934,99.8266,80.2111,48.4846,29.3383,19.0582,8.93751
99683,157.094,0.573151,2.71042,0.0112276,0.0625037,0.0,12130.2,4,1.0,0.0,0.007620771100834392,198,FAST_BEND,STRAIGHT,115.096,-1.3960000000000008,9,115.096,0,0.1046903172413793,0.0,0.0,False,0,8.04576,17.8609,28.5653,50.8045,136.385,127.986,123.949,120.45,117.832,115.096,112.221,109.176,104.537,98.4154,78.7505,47.9306,29.1256,18.9641,8.9161
99682,157.811,0.543051,2.72458,0.0119708,0.0612127,0.0,12182.0,4,1.0,0.0,0.014768718188402703,198,FAST_BEND,STRAIGHT,113.905,-1.1910000000000025,9,113.905,0,0.10981572413793103,0.0,0.0,False,0,8.06297,17.9257,28.7109,51.2162,135.011,126.713,122.723,119.237,116.629,113.905,111.043,108.013,103.401,97.3192,77.9416,47.6087,28.9941,18.9017,8.8988
99681,158.527,0.466604,2.73785,0.0119865,0.059793,0.0,12233.9,4,1.0,0.0,0.020718157653760762,198,FAST_BEND,STRAIGHT,112.942,-0.9630000000000081,9,112.942,0,0.11395994482758623,0.0,0.0,False,0,8.07529,17.9536,28.7565,51.3009,133.879,125.651,121.694,118.232,115.643,112.942,110.106,107.107,102.551,96.5681,77.8225,47.5395,28.9533,18.8756,8.88676
99680,159.241,0.348445,2.75022,0.011277,0.0583127,0.0,12286.2,4,1.0,0.0,0.024981564360757325,198,FAST_BEND,STRAIGHT,112.201,-0.7409999999999997,9,112.201,0,0.11714880000000003,0.0,0.0,False,0,8.08214,17.9434,28.7,51.0543,132.984,124.795,120.859,117.43,114.87,112.201,109.403,106.449,101.976,96.1428,78.3923,47.724,29.0043,18.8866,8.8805
99679,159.952,0.200276,2.76338,0.00990255,0.0568498,0.0,12338.6,4,1.0,0.0,0.027213851499914652,198,FAST_BEND,STRAIGHT,111.656,-0.5449999999999875,9,111.656,0,0.11949417931034481,0.0,0.0,False,0,8.08333,17.8972,28.5492,50.5102,132.303,124.125,120.196,116.81,114.285,111.656,108.905,106.009,101.639,95.9897,79.6307,48.151,29.1428,18.9335,8.88017
99678,160.662,0.0327578,2.77756,0.00797828,0.0554828,0.0,12391.1,4,1.0,0.0,0.027240160710081802,198,FAST_BEND,STRAIGHT,111.264,-0.3920000000000101,9,111.264,0,0.12118113103448278,0.0,0.0,False,0,8.07921,17.8203,28.3212,49.7347,131.798,123.608,119.675,116.333,113.847,111.264,108.567,105.735,101.48,96.0316,81.3973,48.7956,29.3585,19.0119,8.88546
99677,161.369,-0.139046,2.79128,0.00566991,0.054279,0.0,12443.7,4,1.0,0.0,0.025075071606990428,198,FAST_BEND,STRAIGHT,110.969,-0.2950000000000017,9,110.969,0,0.1224506482758621,0.0,0.0,False,0,8.0706,17.7211,28.0404,48.8157,131.415,123.197,119.252,115.946,113.504,110.969,108.329,105.562,101.427,96.179,82.9157,49.6151,29.6348,19.1152,8.89556
99676,162.075,-0.300068,2.8059,0.00316328,0.0533003,0.0,12495.0,4,1.0,0.0,0.02056155871773215,198,FAST_BEND,STRAIGHT,110.712,-0.2569999999999908,9,110.712,0,0.12355663448275861,0.0,0.0,False,0,8.05855,17.6089,27.7331,47.8417,131.094,122.838,118.878,115.598,113.198,110.712,108.127,105.426,101.406,96.3479,84.1173,50.555,29.951,19.235,8.90941
99675,162.779,-0.436959,2.82213,0.000653431,0.0525805,0.0,12546.4,4,1.0,0.0,0.01479955875309158,198,FAST_BEND,STRAIGHT,110.434,-0.2780000000000058,9,110.434,0,0.12475299310344828,0.0,0.0,False,0,8.04438,17.4935,27.4253,46.8939,130.769,122.476,118.5,115.232,112.874,110.434,107.902,105.264,101.351,96.4636,85.0293,51.5475,30.2827,19.3616,8.92561
99674,163.481,-0.540019,2.83745,-0.00166698,0.0521454,0.0,12598.4,4,0.65,0.0,0.007836893542478887,198,FAST_BEND,STRAIGHT,110.083,-0.3509999999999991,9,110.083,0,0.1262635034482759,0.0,0.0,False,0,8.02944,17.3842,27.1408,46.0408,130.376,122.053,118.066,114.801,112.48,110.083,107.6,105.018,101.201,96.4632,85.6478,52.5134,30.6033,19.4847,8.94267
99673,164.181,-0.601707,2.8515,-0.00360638,0.0519841,0.0,12650.7,4,0.65,0.0,0.000246752368386058,198,FAST_BEND,STRAIGHT,109.61,-0.472999999999999,9,109.61,0,0.12829903448275864,0.0,0.0,False,0,8.01533,17.2903,26.902,45.3422,78.3775,121.512,117.521,114.256,111.969,109.61,107.17,104.636,100.902,96.291,85.9542,53.36,30.8828,19.5927,8.95875
99672,164.667,-0.597217,2.864,-0.00495367,0.0520793,0.0,12471.2,4,0.65,0.0,-0.007294345677633133,198,FAST_BEND,STRAIGHT,108.963,-0.6470000000000056,9,108.963,0,0.1310833655172414,0.0,0.0,False,0,8.00382,17.222,26.7328,44.8597,76.6087,120.791,116.809,113.552,111.291,108.963,106.559,104.066,100.4,95.8904,85.9133,53.9753,31.0862,19.6724,8.97174
99671,164.995,-0.531316,2.87228,-0.00554453,0.0523866,0.0,12494.3,4,0.65,0.0,-0.014069324898181567,198,FAST_BEND,STRAIGHT,108.107,-0.8559999999999945,9,108.107,0,0.1347671172413793,0.0,0.0,False,0,7.99655,17.1874,26.6518,44.6389,76.2943,119.843,115.886,112.649,110.409,108.107,105.73,103.269,99.6553,95.2234,85.5036,54.2634,31.1841,19.7125,8.97972
99670,165.322,-0.427876,2.8803,-0.00543712,0.0528286,0.0,12520.9,5,0.65,0.0,-0.01954286208451378,198,FAST_BEND,STRAIGHT,107.061,-1.0459999999999923,9,107.061,0,0.139268524137931,0.0,0.0,False,0,7.99367,17.1846,26.6525,44.6554,126.874,118.688,114.77,111.565,109.344,107.061,104.707,102.27,98.6964,94.3222,84.7852,54.2364,31.181,19.7145,8.98252
99669,165.648,-0.301593,2.88849,-0.00466792,0.0533226,0.0,12545.8,5,0.65,0.0,-0.023307282246081324,198,FAST_BEND,STRAIGHT,105.841,-1.220000000000013,9,105.841,0,0.14451873103448276,0.0,0.0,False,0,7.99559,17.2135,26.7328,44.9013,125.416,117.342,113.477,110.315,108.109,105.841,103.502,101.084,97.5398,93.2072,83.7936,53.9083,31.0801,19.679,8.97975
99668,165.667,-0.156213,2.89935,-0.00326219,0.0537811,0.0,11260.7,5,0.65,0.0,-0.02504840709427298,198,FAST_BEND,STRAIGHT,104.455,-1.3859999999999957,9,104.455,0,0.15048331034482762,0.0,0.0,False,0,8.00287,17.2746,26.8938,45.3798,123.755,115.819,112.019,108.909,106.713,104.455,102.128,99.7216,96.1974,91.8918,82.5505,53.2972,30.8846,19.6063,8.97094
99667,165.448,0.00949161,2.90433,-0.00129423,0.0541166,0.0,11256.5,5,0.65,0.0,-0.024576491981530526,198,FAST_BEND,STRAIGHT,102.927,-1.5279999999999916,9,102.927,0,0.15705897931034482,0.0,0.0,False,0,8.01572,17.3667,27.1315,46.083,121.926,114.15,110.425,107.368,105.178,102.927,100.606,98.2077,94.6952,90.4042,81.0922,52.4503,30.6065,19.5,8.95607
99666,165.225,0.175935,2.90509,0.00108044,0.0542622,0.0,11013.6,5,0.65,0.0,-0.02015272342485503,198,FAST_BEND,STRAIGHT,101.297,-1.6300000000000097,9,101.297,0,0.16407359999999999,0.0,0.0,False,0,8.03354,17.4842,27.4319,46.9749,119.988,112.387,108.743,105.731,103.545,101.297,98.981,96.5866,93.0801,88.7953,79.4821,51.4518,30.2705,19.3686,8.93606
99665,165.302,0.325707,2.90812,0.0036099,0.0541501,0.0,11227.8,5,0.65,0.0,-0.016525233208381125,198,FAST_BEND,STRAIGHT,99.6314,-1.6655999999999977,9,99.6314,0,0.17124142344827586,0.0,0.0,False,0,8.05493,17.6162,27.7675,47.978,118.024,110.6,107.039,104.059,101.876,99.6314,97.3184,94.9274,91.4254,87.1444,77.82,50.4171,29.9133,19.2258,8.91264
99664,165.578,0.443996,2.91695,0.00592327,0.0537636,0.0,11249.0,5,0.65,0.0,-0.010539331588292785,198,FAST_BEND,STRAIGHT,98.0239,-1.6075000000000017,9,98.0239,0,0.17815921655172418,0.0,0.0,False,0,8.07707,17.744,28.0901,48.9483,116.145,108.886,105.402,102.441,100.263,98.0239,95.7167,93.3318,89.8388,85.5683,76.2556,49.4933,29.586,19.0921,8.88898
99663,165.857,0.499777,2.92876,0.00786926,0.0530972,0.0,11264.0,5,0.65,0.0,-0.003701256702251074,198,FAST_BEND,STRAIGHT,96.5135,-1.5104000000000042,9,96.5135,0,0.18465914482758625,0.0,0.0,False,0,8.09872,17.8595,28.3776,49.8129,114.389,107.278,103.864,100.914,98.744,96.5135,94.2156,91.8411,88.3641,84.1145,74.8509,48.7259,29.3066,18.9748,8.86633
99662,166.135,0.513037,2.94232,0.00934498,0.0521699,0.0,11279.3,5,0.65,0.0,0.0033909281659349104,198,FAST_BEND,STRAIGHT,95.1259,-1.387599999999992,9,95.1259,0,0.19063060965517242,0.0,0.0,False,0,8.11883,17.956,28.612,50.5111,112.779,105.797,102.438,99.5031,97.3439,95.1259,92.8419,90.4826,87.0302,82.8145,73.6458,48.1398,29.0865,18.8792,8.84568
99661,166.412,0.482996,2.95308,0.010223,0.0510223,0.0,11296.0,5,0.65,0.0,0.010120607923424719,198,FAST_BEND,STRAIGHT,93.8926,-1.2332999999999998,9,93.8926,0,0.19593805241379308,0.0,0.0,False,0,8.13594,18.0251,28.7712,50.9672,111.345,104.468,101.153,98.2372,96.0934,93.8926,91.6276,89.2896,85.8717,81.705,72.6849,47.7703,28.9405,18.8121,8.82843
99660,166.688,0.413327,2.96271,0.0104555,0.0497204,0.0,11313.1,5,0.65,0.0,0.015932194363091817,198,FAST_BEND,STRAIGHT,92.823,-1.0696000000000083,9,92.823,0,0.20054102068965518,0.0,0.0,False,0,8.14904,18.0625,28.8439,51.1429,110.091,103.297,100.017,97.1259,95.0021,92.823,90.5822,88.2713,84.8979,80.7951,71.9731,47.6279,28.8745,18.7765,8.81549
99659,166.962,0.313979,2.97008,0.0100426,0.0483394,0.0,11331.9,5,0.65,0.0,0.020366364278482662,198,FAST_BEND,STRAIGHT,91.9131,-0.9098999999999933,9,91.9131,0,0.2044567282758621,0.0,0.0,False,0,8.15744,18.0663,28.8268,51.0294,109.014,102.278,99.0278,96.1666,94.0662,91.9131,89.7013,87.423,84.1028,80.0764,71.4916,47.713,28.8899,18.7736,8.80745
99658,167.234,0.192433,2.97219,0.00902764,0.0469573,0.0,11351.8,5,0.65,0.0,0.023084685624734987,198,FAST_BEND,STRAIGHT,91.1477,-0.7653999999999996,9,91.1477,0,0.2077505875862069,0.0,0.0,False,0,8.16084,18.0376,28.7244,50.647,108.098,101.4,98.1727,95.345,93.2713,91.1477,88.9686,86.7271,83.4669,79.5264,71.2034,48.0165,28.9837,18.8025,8.8046
99657,167.505,0.056196,2.97172,0.00751711,0.0456505,0.0,11371.4,5,0.65,0.0,0.023909449073587656,198,FAST_BEND,STRAIGHT,90.4958,-0.6518999999999977,9,90.4958,0,0.21055600551724138,0.0,0.0,False,0,8.15949,17.9811,28.5515,50.0512,107.311,100.634,97.4238,94.6324,92.5877,90.4958,88.3519,86.1498,82.9538,79.1042,71.0517,48.512,29.1459,18.8594,8.80669
99656,167.776,-0.0802451,2.97205,0.00563334,0.0444906,0.0,11390.2,5,0.65,0.0,0.02281041277189974,198,FAST_BEND,STRAIGHT,89.9239,-0.5718999999999994,9,89.9239,0,0.21301714758620688,0.0,0.0,False,0,8.15383,17.9026,28.3256,49.3055,106.62,99.9517,96.7507,93.9974,91.9826,89.9239,87.8165,85.655,82.5247,78.7677,70.9822,49.1684,29.3646,18.9397,8.81329
99655,168.045,-0.209538,2.97867,0.00351343,0.0435342,0.0,11408.4,5,0.65,0.0,0.018704538472957787,198,FAST_BEND,STRAIGHT,89.3965,-0.5274000000000001,9,89.3965,0,0.21528678620689654,0.0,0.0,False,0,8.14455,17.8088,28.0662,48.4772,105.989,99.3208,96.122,93.4062,91.422,89.3965,87.3257,85.2049,82.14,78.474,70.9431,49.9475,29.6252,19.0375,8.82373
99654,168.314,-0.322711,2.98827,0.00132637,0.0428297,0.0,11426.3,5,0.65,0.0,0.015337721547825384,198,FAST_BEND,STRAIGHT,88.873,-0.5234999999999985,9,88.873,0,0.21753964137931034,0.0,0.0,False,0,8.13265,17.7082,27.7959,47.6391,105.372,98.7016,95.5037,92.8202,90.8658,88.873,86.838,84.7567,81.7549,78.1759,70.8815,50.7931,29.9078,19.1449,8.83699
99653,168.583,-0.411419,2.99748,-0.000703439,0.0423794,0.0,11443.9,5,0.65,0.0,0.009717698989853462,198,FAST_BEND,STRAIGHT,88.3018,-0.5712000000000046,9,88.3018,0,0.21999777103448276,0.0,0.0,False,0,8.11997,17.6123,27.5443,46.878,104.707,98.0407,94.8466,92.1896,90.2637,88.3018,86.3007,84.2567,81.314,77.8157,70.7348,51.6152,30.1813,19.2497,8.85111
99652,168.852,-0.457273,3.01193,-0.00241287,0.0421877,0.0,11460.0,5,0.65,0.0,0.003454080613946411,198,FAST_BEND,STRAIGHT,87.6487,-0.6530999999999949,9,87.6487,0,0.22280835310344826,0.0,0.0,False,0,8.10777,17.529,27.3308,46.2473,103.95,97.2999,94.1149,91.481,89.5818,87.6487,85.6792,83.6697,80.7815,77.3568,70.4661,52.3387,30.4213,19.3424,8.86467
99651,169.12,-0.464042,3.02689,-0.00370815,0.0422356,0.0,11477.3,5,0.65,0.0,-0.002946183038188361,198,FAST_BEND,STRAIGHT,86.8962,-0.7525000000000119,9,86.8962,0,0.22604669793103452,0.0,0.0,False,0,8.09693,17.463,27.1658,45.7717,103.075,96.4571,93.2884,90.677,88.8025,86.8962,84.9557,82.9779,80.1397,76.7818,70.0604,52.9107,30.6115,19.4169,8.87664
99650,169.387,-0.43833,3.03929,-0.00447269,0.0424762,0.0,11495.0,5,0.65,0.0,-0.008951425572510717,198,FAST_BEND,STRAIGHT,86.022,-0.8741999999999877,9,86.022,0,0.22980877241379308,0.0,0.0,False,0,8.08876,17.4204,27.0634,45.4854,102.053,95.486,92.3426,89.7558,87.9039,86.022,84.1081,82.1592,79.3663,76.0686,69.497,53.1966,30.7312,19.4652,8.88553
99649,169.653,-0.373982,3.04795,-0.00465329,0.0428542,0.0,11513.0,5,0.65,0.0,-0.014071025352916114,198,FAST_BEND,STRAIGHT,85.0188,-1.0032000000000068,9,85.0188,0,0.23412599172413795,0.0,0.0,False,0,8.08412,17.4045,27.0302,45.403,100.871,94.3765,91.268,88.7096,86.8783,85.0188,83.1291,81.2066,78.4547,75.2114,68.7728,53.1421,30.769,19.4826,8.89038
99648,169.918,-0.281963,3.05286,-0.00426053,0.0433006,0.0,11531.1,5,0.65,0.0,-0.01790943815670205,198,FAST_BEND,STRAIGHT,83.8923,-1.126499999999993,9,83.8923,0,0.23897382620689653,0.0,0.0,False,0,8.0835,17.416,27.0665,45.5221,99.5355,93.1344,90.0702,87.5435,85.7313,83.8923,82.0248,80.1266,77.4123,74.2185,67.8996,52.8202,30.7241,19.4684,8.89066
99647,170.183,-0.16879,3.06254,-0.00333634,0.0437449,0.0,11549.0,5,0.65,0.0,-0.019581111843847192,198,FAST_BEND,STRAIGHT,82.6547,-1.2376000000000005,9,82.6547,0,0.24429977379310344,0.0,0.0,False,0,8.08716,17.4541,27.1697,45.8342,98.0638,91.7739,88.7622,86.2689,84.4744,82.6547,80.8079,78.9322,76.2528,73.1049,66.8957,52.2878,30.6013,19.4238,8.88617
99646,170.447,-0.0442724,3.07093,-0.00196028,0.0441154,0.0,11566.7,5,0.65,0.0,-0.019625501161241083,198,FAST_BEND,STRAIGHT,81.3248,-1.3299000000000092,9,81.3248,0,0.2500229296551724,0.0,0.0,False,0,8.0951,17.5166,27.3333,46.3217,96.4819,90.3176,87.3648,84.9039,83.1263,81.3248,79.4978,77.6435,74.9973,71.8928,65.7866,51.5979,30.412,19.3526,8.87703
99645,170.71,0.0833466,3.07866,-0.000262335,0.0443517,0.0,11583.9,5,0.65,0.0,-0.018016943607633285,198,FAST_BEND,STRAIGHT,79.9319,-1.3928999999999974,9,79.9319,0,0.2560172027586207,0.0,0.0,False,0,8.10682,17.5985,27.5445,46.9509,94.828,88.7983,85.9087,83.4766,81.7156,79.9319,78.1241,76.2907,73.6769,70.6146,64.6081,50.8083,30.1756,19.2614,8.86394
99644,170.973,0.200385,3.09357,0.00158221,0.0444053,0.0,11600.1,5,0.65,0.0,-0.014773893758259292,198,FAST_BEND,STRAIGHT,78.5128,-1.4191000000000003,9,78.5128,0,0.26212422620689657,0.0,0.0,False,0,8.12135,17.6923,27.7838,47.9096,93.1489,87.2565,84.4314,82.0229,80.2785,78.5128,76.7246,74.9122,72.331,69.3111,63.4042,49.9809,29.9172,19.1597,8.84808
99643,171.234,0.296005,3.10695,0.00338861,0.044244,0.0,11617.6,5,0.65,0.0,-0.012114592881772619,198,FAST_BEND,STRAIGHT,77.1055,-1.4072999999999922,9,77.1055,0,0.2681804689655172,0.0,0.0,False,0,8.13748,17.7891,28.0286,49.7354,91.4898,85.7316,82.9658,80.5796,78.8525,77.1055,75.3374,73.5468,70.9993,68.0231,62.2183,49.1711,29.6625,19.0573,8.83083
99642,171.493,0.360385,3.11704,0.00500803,0.0438612,0.0,11635.4,5,0.65,0.0,-0.006706061801580219,198,FAST_BEND,STRAIGHT,75.7394,-1.366100000000003,9,75.7394,0,0.2740594096551724,0.0,0.0,False,0,8.15404,17.8813,28.2588,103.996,89.8845,84.2528,81.5385,79.1756,77.4668,75.7394,73.9925,72.2247,69.7124,66.7819,61.0832,48.4165,29.4311,18.9621,8.81343
99641,171.752,0.389985,3.12335,0.00636421,0.043271,0.0,11653.2,5,0.65,0.0,-0.0009279053574015664,198,FAST_BEND,STRAIGHT,74.4287,-1.310699999999997,9,74.4287,0,0.2796999393103448,0.0,0.0,False,0,8.17028,17.9643,28.4624,102.154,88.3473,82.8327,80.1631,77.825,76.1354,74.4287,72.704,70.9603,68.4849,65.6019,60.0132,47.7308,29.2325,18.8782,8.79664
99640,172.011,0.392895,3.12949,0.00736415,0.0424758,0.0,11670.7,5,0.08,0.0,0.004814068160852225,170,SHALLOW,APEX,73.1894,-1.2393,9,73.1894,0,0.28503320275862065,0.0,0.0,False,0,8.18536,18.0327,28.6251,100.429,86.8948,81.4859,78.8555,76.5436,74.8744,73.1894,71.4881,69.7695,67.3325,64.4991,59.0243,47.1279,29.0776,18.8103,8.78127
99639,172.27,0.365387,3.1404,0.00789197,0.0415256,0.0,11687.9,5,0.08,0.0,0.01007234456164445,170,SHALLOW,APEX,72.0419,-1.147500000000008,9,72.0419,0,0.28997140965517243,0.0,0.0,False,0,8.19788,18.079,28.7275,98.8493,85.5482,80.231,77.6362,75.3519,73.704,72.0419,70.365,68.6727,66.2758,63.494,58.1365,46.6255,28.9816,18.7651,8.76871
99638,172.184,0.303901,3.1474,0.00788189,0.0404785,0.0,11469.9,5,0.08,0.0,0.014413704907516716,170,SHALLOW,APEX,70.9964,-1.045500000000004,9,70.9964,0,0.2944706648275862,0.0,0.0,False,0,8.20675,18.0982,28.7575,97.4286,84.3183,79.0774,76.5157,74.2604,72.6347,70.9964,69.345,67.6799,65.3246,62.5956,57.3577,46.2269,28.9538,18.7468,8.75998
99637,171.916,0.215346,3.15284,0.00734366,0.0393973,0.0,11449.6,5,0.08,0.0,0.017490043909207425,170,SHALLOW,APEX,70.0497,-0.9466999999999928,9,70.0497,0,0.29854473931034486,0.0,0.0,False,0,8.21151,18.0895,28.7143,96.1613,83.2013,78.0221,75.4917,73.2663,71.6636,70.0497,68.4244,66.7871,64.4739,61.7987,56.6808,45.9187,28.9944,18.7559,8.75552
99636,171.648,0.100522,3.15956,0.0062744,0.0383504,0.0,11431.8,5,0.08,0.0,0.019010536820157114,170,SHALLOW,APEX,69.1992,-0.8504999999999967,9,69.1992,0,0.30220482206896554,0.0,0.0,False,0,8.21155,18.0518,28.5964,95.0447,82.1952,77.0634,74.5624,72.3675,70.7882,69.1992,67.6003,65.9911,63.7205,61.099,56.1002,45.6917,29.1065,18.794,8.75593
99635,171.381,-0.0322171,3.16242,0.0047389,0.0374025,0.0,11414.0,5,0.08,0.0,0.01879738062461611,170,SHALLOW,APEX,68.4296,-0.7696000000000112,9,68.4296,0,0.305516755862069,0.0,0.0,False,0,8.20689,17.9878,28.4128,94.0574,81.2842,76.1875,73.7134,71.5493,69.9936,68.4296,66.8571,65.276,63.0478,60.4795,55.5974,45.5244,29.2852,18.8593,8.76123
99634,171.115,-0.16859,3.16365,0.00285178,0.0366121,0.0,11396.3,5,0.08,0.0,0.01541385211218521,170,SHALLOW,APEX,67.7174,-0.7121999999999957,9,67.7174,0,0.3085816717241379,0.0,0.0,False,0,8.19803,17.9029,28.18,93.1658,80.4434,75.3727,72.922,70.7888,69.2566,67.7174,66.1712,64.6179,62.4314,59.9153,55.1465,45.3893,29.5191,18.9472,8.77097
99633,170.848,-0.298498,3.16397,0.000771761,0.0360332,0.0,11378.7,5,0.08,0.0,0.012639358731991871,170,SHALLOW,APEX,67.0331,-0.6842999999999932,9,67.0331,0,0.3115265213793103,0.0,0.0,False,0,8.18585,17.8052,27.9199,92.3246,79.6395,74.5903,72.1596,70.0568,68.5479,67.0331,65.5127,63.9867,61.8409,59.3755,54.716,45.2548,29.7901,19.0507,8.78426
99632,170.583,-0.41074,3.16968,-0.00122713,0.0356906,0.0,11361.1,5,0.08,0.0,0.007826334499697225,170,SHALLOW,APEX,66.3289,-0.7042000000000002,9,66.3289,0,0.3145570096551724,0.0,0.0,False,0,8.17241,17.7085,27.6687,91.4567,78.8163,73.7911,71.3787,69.3059,67.8197,66.3289,64.8337,63.3342,61.228,58.8117,54.257,45.0731,30.062,19.1554,8.79893
99631,170.318,-0.473198,3.17637,-0.00299235,0.0355852,0.0,11343.6,5,0.08,0.0,0.0021642456267102024,170,SHALLOW,APEX,65.5796,-0.7493000000000052,9,65.5796,0,0.31778158344827584,0.0,0.0,False,0,8.15895,17.6205,27.4452,90.5189,77.9422,72.9479,70.5544,68.5111,67.0471,65.5796,64.1089,62.6353,60.5676,58.1988,53.7451,44.8225,30.3122,19.2525,8.81364
99630,170.054,-0.50132,3.18028,-0.00439632,0.0357165,0.0,11326.1,5,0.08,0.0,-0.003851113199709855,170,SHALLOW,APEX,64.7662,-0.8134000000000015,9,64.7662,0,0.3212820082758621,0.0,0.0,False,0,8.14648,17.5472,27.264,89.4764,76.9924,72.0392,69.6677,67.653,66.2108,64.7662,63.3196,61.8713,59.8411,57.5187,53.1626,44.4884,30.5207,19.3346,8.82724
99629,169.792,-0.485219,3.19086,-0.00526789,0.0360467,0.0,11308.8,5,0.08,0.0,-0.010138182220727994,170,SHALLOW,APEX,63.8634,-0.9027999999999992,9,63.8634,0,0.32516716137931034,0.0,0.0,False,0,8.13667,17.4976,27.1458,88.2832,75.9336,71.0364,68.6925,66.7061,65.2855,63.8634,62.4405,61.0169,59.0237,56.7466,52.4858,44.0505,30.6556,19.3906,8.83783
99628,169.531,-0.423346,3.19835,-0.00551347,0.036518,0.0,11291.5,5,0.08,0.0,-0.015556958366020855,170,SHALLOW,APEX,62.8593,-1.004100000000001,9,62.8593,0,0.32948825379310354,0.0,0.0,False,0,8.13071,17.4767,27.102,86.9173,74.7498,69.9256,67.6166,65.6584,64.2589,62.8593,61.4599,60.061,58.1043,55.872,51.7051,43.5023,30.6576,19.4135,8.84404
99627,169.271,-0.324479,3.19734,-0.00510965,0.0370651,0.0,11274.2,5,0.08,0.0,-0.01963508894655046,170,SHALLOW,APEX,61.7543,-1.1049999999999969,9,61.7543,0,0.33424356413793105,0.0,0.0,False,0,8.12934,17.487,27.1368,85.3789,73.4411,68.7068,66.4396,64.5096,63.1315,61.7543,60.3784,59.0041,57.084,54.8965,50.8229,42.849,30.5253,19.4006,8.8451
99626,169.012,-0.194742,3.18996,-0.00403143,0.0376067,0.0,11257.1,5,0.08,0.0,-0.021956723361012613,170,SHALLOW,APEX,60.5483,-1.206000000000003,9,60.5483,0,0.3394335227586207,0.0,0.0,False,0,8.13345,17.5311,27.2566,83.6699,72.0088,67.381,65.1608,63.2593,61.9029,60.5483,59.1961,57.8467,55.9634,53.8211,49.8414,42.095,30.2723,19.3491,8.84009
99625,168.754,-0.0366258,3.1797,-0.0023416,0.0380622,0.0,11239.9,5,0.08,0.0,-0.022237888570263514,170,SHALLOW,APEX,59.2551,-1.2931999999999988,9,59.2551,0,0.34499874206896547,0.0,0.0,False,0,8.14327,17.6082,27.5129,81.8176,70.4719,65.9645,63.7933,61.921,60.5866,59.2551,57.9271,56.6031,54.7573,52.6607,48.776,41.2573,29.9206,19.2618,8.82895
99624,168.496,0.129607,3.17975,-0.000215322,0.038359,0.0,11222.9,5,0.08,0.0,-0.020412615038833452,170,SHALLOW,APEX,57.9048,-1.3502999999999972,9,57.9048,0,0.3508096882758621,0.0,0.0,False,0,8.15804,17.7113,27.9666,79.8768,68.8698,64.4913,62.367,60.5245,59.2127,57.9048,56.6015,55.3034,53.4959,51.4459,47.6573,40.3665,29.5012,19.1482,8.81267
99623,168.239,0.286465,3.18051,0.00214055,0.0384364,0.0,11205.8,5,0.08,0.0,-0.01673834433184343,170,SHALLOW,APEX,56.5307,-1.3740999999999985,9,56.5307,0,0.35672305655172415,0.0,0.0,False,0,8.17666,17.8319,28.6653,77.9052,67.2444,62.9974,60.915,59.1031,57.8144,56.5307,55.2527,53.981,52.2123,50.2096,46.5181,39.4544,29.044,19.0195,8.79262
99622,167.982,0.417534,3.18206,0.00450213,0.0382528,0.0,11188.8,5,0.08,0.0,-0.011302609179184644,170,SHALLOW,APEX,55.1662,-1.3644999999999996,9,55.1662,0,0.36259511172413794,0.0,0.0,False,0,8.19769,17.9594,29.7021,75.9585,65.6359,61.5176,59.4711,57.6905,56.4252,55.1662,53.9139,52.669,50.9396,48.9846,45.3903,38.5509,28.5758,18.8875,8.77047
99621,167.725,0.506155,3.19573,0.00667362,0.0377876,0.0,11171.8,5,0.0,0.62,-0.004706348985671766,120,MEDIUM,APPROACH,53.8388,-1.3274000000000044,9,53.8388,0,0.3683075089655172,0.0,0.0,False,0,8.21968,18.0838,31.3258,74.0792,64.0758,60.0759,58.0633,56.3145,55.073,53.8388,52.6124,51.3944,49.7044,47.7971,44.2992,37.679,28.116,18.7625,8.74774
99620,167.47,0.554862,3.20558,0.00844254,0.0370549,0.0,11154.9,5,0.0,0.62,0.002463149938045581,120,MEDIUM,APPROACH,52.5766,-1.2622,9,52.5766,0,0.3737393213793103,0.0,0.0,False,0,8.24072,18.1931,34.9819,72.3093,62.595,58.699,56.7205,55.0035,53.786,52.5766,51.376,50.1847,48.5337,46.6733,43.2698,36.8611,27.6832,18.6555,8.72634
99619,166.142,0.572029,3.19806,0.00962712,0.0361016,0.0,10762.1,5,0.0,0.62,0.009544857731919123,120,MEDIUM,APPROACH,51.4041,-1.1724999999999994,9,51.4041,0,0.3787851144827586,0.0,0.0,False,0,8.25884,18.2758,95.9728,70.6831,61.2199,57.4133,55.4686,53.7831,52.5891,51.4041,50.2287,49.0634,47.4506,45.6357,42.3231,36.1147,27.2911,18.5761,8.70818
99618,164.145,0.550007,3.16048,0.0101678,0.0350109,0.0,10588.9,4,0.0,0.62,0.015934448628036696,120,MEDIUM,APPROACH,50.332,-1.072099999999999,9,50.332,0,0.38339884137931035,0.0,0.0,False,0,8.27275,18.3262,93.9175,69.2131,59.9611,56.2312,54.3197,52.6647,51.4935,50.332,49.1809,48.0409,46.4644,44.6928,41.4665,35.4452,26.9431,18.5284,8.69441
99617,162.017,0.483884,3.11615,0.0101409,0.0338462,0.0,10420.2,4,0.0,0.62,0.021207460912881775,120,MEDIUM,APPROACH,49.3477,-0.9842999999999975,9,49.3477,0,0.3876347255172413,0.0,0.0,False,0,8.2825,18.3469,92.1084,67.8777,58.8036,55.1408,53.2614,51.6358,50.4866,49.3477,48.22,47.1039,45.5622,43.8318,40.6867,34.8395,26.6296,18.5089,8.68485
99616,159.837,0.378392,3.08781,0.00962241,0.0326526,0.0,11540.7,4,0.0,0.62,0.02508753875821919,120,MEDIUM,APPROACH,48.4383,-0.9094000000000051,9,48.4383,0,0.39154828137931036,0.0,0.0,False,0,8.28835,18.3618,90.5062,66.6567,57.7323,54.1293,52.2808,50.6836,49.5554,48.4383,47.3329,46.2396,44.731,43.0397,39.9712,34.2859,26.3423,18.4969,8.67924
99615,157.676,0.242032,3.06725,0.00866129,0.0314748,0.0,11499.9,4,0.0,0.62,0.027393465698100437,120,MEDIUM,APPROACH,47.5946,-0.8436999999999983,9,47.5946,0,0.39517910068965517,0.0,0.0,False,0,8.29032,18.3907,89.0853,65.5363,56.7374,53.1878,51.369,49.7991,48.691,47.5946,46.5104,45.4391,43.9617,42.3073,39.3108,33.7763,26.0759,18.4787,8.67752
99614,155.499,0.0902524,3.05273,0.0073553,0.0303511,0.0,11088.3,4,0.0,0.62,0.028069900442336124,120,MEDIUM,APPROACH,46.8024,-0.7922000000000011,9,46.8024,0,0.39858829241379307,0.0,0.0,False,0,8.28893,18.438,87.8054,64.4949,55.803,52.3018,50.5115,48.9678,47.879,46.8024,45.7385,44.6879,43.2404,41.621,38.6924,33.2987,25.8225,18.4514,8.67922
99613,153.269,-0.0677569,3.05048,0.00579546,0.0293081,0.0,10908.6,4,0.0,0.62,0.02715875460444272,120,MEDIUM,APPROACH,46.049,-0.7533999999999992,9,46.049,0,0.40183051034482753,0.0,0.0,False,0,8.28475,18.5092,86.6307,63.5136,54.9149,51.4579,49.6954,48.1769,47.1066,46.049,45.0045,43.9738,42.5547,40.9687,38.1045,32.8433,25.5752,18.4127,8.68379
99612,151.054,-0.217418,3.03696,0.00411639,0.0283735,0.0,10737.9,4,0.0,0.62,0.024824098380750597,120,MEDIUM,APPROACH,45.3176,-0.7314000000000007,9,45.3176,0,0.4049780524137931,0.0,0.0,False,0,8.27867,18.6134,85.5116,62.566,54.0538,50.6389,48.9031,47.4091,46.3568,45.3176,44.2919,43.2803,41.8886,40.3347,37.5322,32.3971,25.325,18.3588,8.69034
99611,148.865,-0.345603,3.01015,0.00246941,0.0275632,0.0,10570.9,4,0.0,0.7,0.02035576067221549,130,MEDIUM,APEX,44.59,-0.7275999999999954,9,44.59,0,0.4081092413793104,0.0,0.7,False,0,8.27185,18.763,84.3929,61.6231,53.1986,49.8254,48.116,46.6459,45.6113,44.59,43.5828,42.5899,41.2249,39.7021,36.9596,31.9464,25.0626,18.2848,8.69771
99610,146.704,-0.441531,2.97029,0.000984609,0.0268873,0.0,10406.6,4,0.0,0.7,0.0166917237512167,130,MEDIUM,APEX,43.8521,-0.7379000000000033,9,43.8521,0,0.4112847558620689,0.0,0.7,False,0,8.26528,18.972,83.2285,60.6613,52.3319,49.002,47.3189,45.8727,44.8555,43.8521,42.8631,41.8887,40.5501,39.0582,36.3748,31.481,24.781,18.1875,8.70486
99609,144.535,-0.505339,2.91967,-0.000230417,0.0263384,0.0,10168.1,4,0.0,0.7,0.013687213475997693,130,MEDIUM,APEX,43.0926,-0.7595000000000027,9,43.0926,0,0.41455322482758616,0.0,0.7,False,0,8.25989,19.2571,81.9812,59.6615,51.4399,48.1566,46.4998,45.0775,44.078,43.0926,42.1217,41.1659,39.8538,38.3927,35.7682,30.9933,24.475,18.0646,8.71078
99608,142.339,-0.532963,2.86616,-0.00112015,0.0259016,0.0,9975.44,4,0.0,0.7,0.00880370522415126,130,MEDIUM,APEX,42.307,-0.7855999999999952,9,42.307,0,0.41793401379310346,0.0,0.7,False,0,8.25626,19.6357,80.6343,58.6156,50.5168,47.2841,45.6542,44.2562,43.2743,42.307,41.3546,40.4176,39.1322,37.7021,35.1367,30.4806,24.1434,17.9159,8.71483
99607,140.136,-0.527069,2.81475,-0.00169745,0.0255625,0.0,9795.01,4,0.0,0.7,0.004254317777917845,95,MEDIUM,APEX,41.499,-0.8079999999999998,9,41.499,0,0.4214112,0.0,0.7,False,0,8.25438,20.1263,79.197,57.5286,49.5664,46.3881,44.7853,43.4118,42.4479,41.499,40.5652,39.6471,38.3886,36.9897,34.4839,29.9466,23.7896,17.7443,8.717
99606,137.936,-0.495118,2.76515,-0.00199006,0.0253043,0.0,9620.18,4,0.0,1.0,0.00025205532526995436,95,MEDIUM,APEX,40.6731,-0.8259000000000043,9,40.6731,0,0.4249654179310345,0.0,0.0,False,0,8.25416,20.7545,77.683,56.408,48.5941,45.4732,43.8979,42.5492,41.6036,40.6731,39.7582,38.8591,37.6277,36.2603,33.8141,29.3955,23.4172,17.5529,8.71736
99605,135.741,-0.443136,2.72172,-0.00203615,0.0251099,0.0,9452.14,4,0.0,0.78,-0.003064720128023202,95,MEDIUM,APEX,39.8349,-0.8382000000000005,9,39.8349,0,0.42857256827586204,0.0,0.0,False,0,8.25542,21.5606,76.1101,55.2626,47.6062,44.5449,42.9975,41.674,40.7467,39.8349,38.9389,38.0591,36.8549,35.5189,33.1323,28.8318,23.0304,17.3449,8.71611
99604,133.477,-0.381981,2.69317,-0.00188744,0.0249658,0.0,8948.53,4,0.0,0.78,-0.005632235928409952,95,MEDIUM,APEX,38.9912,-0.8436999999999983,9,38.9912,0,0.43220338758620697,0.0,0.0,False,0,8.25819,22.6122,74.5,54.1038,46.6112,43.6106,42.0912,40.7931,39.8842,38.9912,38.1142,37.2536,36.0766,34.772,32.4448,28.2612,22.6337,17.1238,8.71138
99603,131.177,-0.318679,2.65712,-0.00161377,0.0248535,0.0,8818.52,4,0.0,0.78,-0.007465275583078219,95,MEDIUM,APEX,38.1502,-0.8410000000000011,9,38.1502,0,0.4358225875862069,0.0,0.0,False,0,8.27003,24.0458,72.8795,52.9453,45.6192,42.6791,41.1879,39.915,39.0246,38.1502,37.2922,36.4507,35.3007,34.0273,31.7587,27.6901,22.2323,16.8933,8.69666
99602,128.903,-0.254012,2.61729,-0.00127277,0.0247598,0.0,8655.19,4,0.0,0.78,-0.008631417656068858,95,MEDIUM,APEX,37.3183,-0.8318999999999974,9,37.3183,0,0.43940262620689663,0.0,0.0,False,0,8.29386,26.2607,71.2689,51.7975,44.6375,41.7571,40.2939,39.0462,38.1741,37.3183,36.4789,35.6563,34.533,33.2903,31.0794,27.1231,21.83,16.6564,8.67249
99601,126.646,-0.19286,2.57619,-0.000909775,0.0246763,0.0,8481.56,4,0.0,0.78,-0.00922980322068721,95,MEDIUM,APEX,36.4997,-0.8186000000000035,9,36.4997,0,0.4429254289655173,0.0,0.0,False,0,8.32914,150.674,69.6827,50.668,43.6717,40.8493,39.4139,38.1912,37.3372,36.4997,35.6788,34.8747,33.7777,32.5651,30.4106,26.5636,21.4297,16.4156,8.63991
99600,124.404,-0.138727,2.53441,-0.000560224,0.0246066,0.0,8304.2,3,0.0,0.78,-0.00937643122425644,95,MEDIUM,APEX,35.6977,-0.8019999999999996,9,35.6977,0,0.4463767944827587,0.0,0.0,False,0,8.37532,147.051,68.1317,49.5621,42.7256,39.9596,38.5517,37.3535,36.5173,35.6977,34.8951,34.1093,33.0379,31.8547,29.7552,26.014,21.0335,16.1725,8.59991
99599,122.174,-0.0933532,2.49113,-0.000248298,0.0245469,0.0,8125.07,3,0.0,0.78,-0.007688673603890281,95,MEDIUM,APEX,34.9146,-0.7830999999999975,9,34.9146,0,0.4497468248275862,0.0,0.0,False,0,8.43195,143.56,66.6225,48.4831,41.8016,39.0901,37.7092,36.5352,35.7165,34.9146,34.1297,33.3617,32.3155,31.1609,29.1147,25.476,20.6426,15.9285,8.55324
99598,119.903,-0.058253,2.49051,1.87755e-06,0.0244887,0.0,9944.69,3,0.0,0.45,-0.00630471235519003,95,MEDIUM,APEX,34.1519,-0.7627000000000024,9,34.1519,0,0.4530290648275862,0.0,0.0,False,0,8.49859,140.227,65.1605,47.4341,40.9019,38.2428,36.8886,35.7382,34.9366,34.1519,33.3843,32.6338,31.6118,30.4852,28.4906,24.9506,20.2584,15.6846,8.50059
99597,117.647,-0.0345496,2.49672,0.000174642,0.0244335,0.0,9914.24,3,0.0,0.45,-0.0051698641312558245,95,MEDIUM,APEX,33.4109,-0.7409999999999997,9,33.4109,0,0.45621792000000005,0.0,0.0,False,0,8.57478,137.067,63.7489,46.4166,40.0279,37.4192,36.0909,34.9637,34.1788,33.4109,32.66,31.9264,30.9282,29.8284,27.8838,24.4386,19.8815,15.4418,8.44261
99596,115.479,-0.0197299,2.49263,0.0053959,0.0241865,0.0,9860.82,3,0.0,0.45,-0.0006378861441608792,95,MEDIUM,APEX,32.6897,-0.7211999999999961,9,32.6897,0,0.45932156689655174,0.0,0.0,False,0,8.66035,134.06,62.3835,45.4283,39.1775,36.6175,35.3146,34.21,33.4413,32.6897,31.9554,31.2381,30.2628,29.1892,27.2929,23.9391,19.5113,15.1998,8.37966
99595,113.458,-0.0169617,2.47826,0.0134665,0.0230675,0.0,9851.01,3,0.0,0.9,0.011015867813607774,95,MEDIUM,APEX,31.9924,-0.697300000000002,9,31.9924,0,0.4623223613793103,0.0,0.9,False,0,8.75442,131.267,61.0768,44.4754,38.3553,35.842,34.5638,33.481,32.7281,31.9924,31.2738,30.5725,29.6193,28.5709,26.7209,23.4545,19.1499,14.9606,8.31258
99594,111.535,-0.0282607,2.49386,0.0212288,0.0210546,0.0,9782.77,3,0.0,0.9,0.028270327917322854,95,MEDIUM,APEX,31.3207,-0.6717000000000013,9,31.3207,0,0.4652129875862069,0.0,0.9,False,0,8.85628,128.726,59.8357,43.5614,37.5637,35.0949,33.8406,32.7789,32.0412,31.3207,30.6174,29.9313,28.9994,27.9751,26.1694,22.9862,18.7986,14.725,8.24198
99593,109.491,-0.0494571,2.54762,0.0287401,0.0182025,0.0,9143.81,3,0.0,0.45,0.04993028724953168,95,MEDIUM,APEX,30.6693,-0.6513999999999989,9,30.6693,0,0.4680162537931035,0.0,0.0,False,0,8.96618,126.358,58.6435,42.6773,36.7961,34.3704,33.1392,32.0981,31.375,30.6693,29.9807,29.3093,28.398,27.3968,25.6338,22.5305,18.4547,14.4915,8.16782
99592,107.303,-0.0709788,2.60312,0.03611,0.0145645,0.0,8673.91,3,0.0,0.45,0.07511878391431184,95,MEDIUM,APEX,30.0291,-0.6402000000000001,9,30.0291,0,0.4707713213793104,0.0,0.0,False,0,9.08494,124.012,57.4694,41.808,36.0417,33.6581,32.4499,31.4289,30.7204,30.0291,29.355,28.698,27.8067,26.8283,25.1069,22.0813,18.1138,14.2578,8.08977
99591,105.198,-0.085625,2.61029,0.043374,0.0101852,0.0,8882.42,3,0.0,0.0,0.10314823651994307,95,MEDIUM,APEX,29.3973,-0.6317999999999984,9,29.3973,0,0.47349024,0.0,0.0,False,0,9.21279,121.65,56.3052,40.9489,35.2971,32.9552,31.7696,30.7686,30.0743,29.3973,28.7375,28.0947,27.2232,26.2672,24.5865,21.637,17.7749,14.0231,8.00794
99590,103.244,-0.0946046,2.5888,0.0504817,0.00511805,0.0,8903.01,3,0.0,0.0,0.13340208132132797,95,MEDIUM,APEX,28.7781,-0.6192000000000029,9,28.7781,0,0.4761549351724138,0.0,0.0,False,0,9.34884,119.337,55.1642,40.1068,34.5668,32.266,31.1027,30.1213,29.4411,28.7781,28.1322,27.5033,26.6512,25.7169,24.0759,21.2001,17.4403,13.7893,7.92307
99589,101.654,-0.100088,2.55203,0.0573457,-0.000598907,0.0,9231.97,3,0.0,0.0,0.16528700383708617,95,MEDIUM,APEX,28.1776,-0.6004999999999967,9,28.1776,0,0.478739155862069,0.0,0.0,False,0,9.49181,117.186,54.0686,39.2924,33.8587,31.5977,30.4561,29.4937,28.827,28.1776,27.5452,26.9297,26.0961,25.1829,23.5802,20.7751,17.113,13.5584,7.83596
99588,100.443,-0.0921176,2.5856,0.0639711,-0.00693766,0.0,9147.69,3,0.0,0.45,0.19831953778416944,78,MEDIUM,APEX,27.5947,-0.5829000000000022,9,27.5947,0,0.481247635862069,0.0,0.0,False,0,9.64152,115.209,53.0179,38.5048,33.1713,30.9493,29.8286,28.8845,28.231,27.5947,26.9753,26.3729,25.5573,24.6642,23.0983,20.3611,16.7925,13.3304,7.74676
99587,99.3084,-0.0626604,2.63357,0.0702882,-0.0138435,0.0,9045.59,3,0.0,0.45,0.2320316089457333,78,MEDIUM,APEX,27.0341,-0.5606000000000009,9,27.0341,0,0.48366014896551723,0.0,0.0,False,0,9.79653,113.491,52.0282,37.7516,32.5108,30.3259,29.2254,28.2989,27.658,27.0341,26.4273,25.8372,25.0387,24.1649,22.634,19.9613,16.4815,13.107,7.65622
99586,97.8809,-0.0364756,2.67303,0.0759433,-0.0212339,0.0,8648.91,3,0.0,0.45,0.265689237824531,78,MEDIUM,APEX,26.5204,-0.5137,9,26.5204,0,0.4858708303448276,0.0,0.0,False,0,9.95094,112.414,51.1777,37.0735,31.907,29.7557,28.6732,27.7626,27.133,26.5204,25.9248,25.3458,24.5627,23.7062,22.2067,19.592,16.1919,12.8964,7.56693
99585,96.3108,-0.048179,2.65892,0.0808865,-0.0290286,0.0,8470.7,3,0.0,0.45,0.29863646743905936,78,MEDIUM,APEX,26.0557,-0.464699999999997,9,26.0557,0,0.48787064275862074,0.0,0.0,False,0,10.1025,112.028,50.4734,36.4741,31.363,29.2412,28.1745,27.278,26.6583,26.0557,25.4698,24.9006,24.1311,23.2899,21.8181,19.2544,15.9247,12.6996,7.47958
99584,94.7365,-0.0887147,2.60511,0.0851675,-0.0371793,0.0,8300.63,3,0.0,0.45,0.3303805185485961,78,MEDIUM,APEX,25.6347,-0.4210000000000029,9,25.6347,0,0.48968239448275863,0.0,0.0,False,0,10.2509,112.307,49.9021,35.946,30.873,28.7769,27.7242,26.8397,26.2288,25.6347,25.0575,24.4969,23.7392,22.9114,21.4639,18.9451,15.6777,12.515,7.39399
99583,93.1513,-0.148423,2.53831,0.0888522,-0.0456276,0.0,8139.34,3,0.0,0.45,0.3605775060775378,78,MEDIUM,APEX,25.2524,-0.3822999999999972,9,25.2524,0,0.4913276027586207,0.0,0.0,False,0,10.3959,113.229,49.4502,35.4814,30.4306,28.3567,27.3161,26.4422,25.8388,25.2524,24.6827,24.1295,23.3823,22.5661,21.1399,18.6606,15.4483,12.3414,7.31005
99582,91.5354,-0.211564,2.50475,0.0920217,-0.0543187,0.0,8017.17,3,0.0,0.45,0.38902068963510417,78,MEDIUM,APEX,24.9025,-0.34990000000000165,9,24.9025,0,0.4928333793103448,0.0,0.0,False,0,10.5375,114.77,49.1018,35.0713,30.0286,27.974,26.9438,26.0792,25.4824,24.9025,24.3395,23.7928,23.0547,22.2488,20.8413,18.397,15.2337,12.1769,7.22757
99581,89.927,-0.259682,2.49287,0.0948784,-0.0631905,0.0,7877.76,3,0.0,0.0,0.41573343777900396,78,MEDIUM,APEX,24.572,-0.3305000000000007,9,24.572,0,0.4942556689655172,0.0,0.0,False,0,10.6779,116.75,48.8139,34.6934,29.6512,27.6133,26.5927,25.7365,25.1457,24.572,24.0149,23.4743,22.7445,21.948,20.5578,18.1457,15.0278,12.0178,7.14581
99580,88.3242,-0.303191,2.47413,0.0974537,-0.0722033,0.0,7725.45,3,0.0,0.0,0.44076278173366246,78,MEDIUM,APEX,24.2586,-0.3133999999999979,9,24.2586,0,0.4956043696551724,0.0,0.0,False,0,10.8168,119.196,48.5821,34.3449,29.2964,27.2724,26.2606,25.4121,24.8268,24.2586,23.7071,23.172,22.4499,21.6621,20.2879,17.9056,14.8299,11.8636,7.06482
99579,87.1222,-0.275454,2.45056,0.0994627,-0.0804736,0.0,7940.22,3,0.0,0.0,0.46380935505419274,78,MEDIUM,APEX,23.9945,-0.26410000000000267,9,23.9945,0,0.4967409103448276,0.0,0.0,False,0,10.9397,122.034,48.444,34.0646,29.0013,26.9864,25.9815,25.1392,24.5583,23.9945,23.4475,22.9168,22.2009,21.4201,20.0588,17.7008,14.6598,11.7297,6.9926
99578,86.2332,-0.109086,2.43281,0.100211,-0.0886803,0.0,7865.87,3,0.0,0.0,0.48399774879779145,78,MEDIUM,APEX,23.8119,-0.1825999999999972,9,23.8119,0,0.49752672,0.0,0.0,False,0,11.0417,127.189,48.6136,33.9319,28.8122,26.7942,25.7922,24.9526,24.3737,23.8119,23.2669,22.7384,22.0254,21.2482,19.8934,17.5487,14.5281,11.6212,6.92751
99577,85.6077,0.143526,2.41443,0.0979603,-0.0965678,0.0,7800.58,3,0.08,0.0,0.4988994912813908,78,MEDIUM,APEX,23.8246,0.012699999999998823,9,23.8246,0,0.49747206620689655,0.0,0.0,False,0,11.0896,138.954,49.572,34.1667,28.8824,26.8276,25.8186,24.9731,24.3903,23.8246,23.2759,22.7438,22.0262,21.2439,19.8808,17.5228,14.4886,11.5736,6.88017
99576,85.2469,0.285303,2.39784,0.0918244,-0.10391,0.0,7760.95,3,0.08,0.0,0.5056445866481987,78,MEDIUM,APEX,24.0981,0.2734999999999985,9,24.0981,0,0.4962950731034483,0.0,0.0,False,0,11.0662,164.525,51.7344,34.9288,29.3172,27.1624,26.1326,25.2702,24.6754,24.0981,23.5381,22.995,22.2624,21.4637,20.072,17.6652,14.5718,11.607,6.85677
99575,85.0332,0.248949,2.38494,0.0825719,-0.110589,0.0,7780.28,3,0.08,0.0,0.5026202120499197,78,MEDIUM,APEX,24.5985,0.5004000000000026,9,24.5985,0,0.49414162758620694,0.0,0.0,False,0,10.9861,200.0,55.2621,36.2231,30.105,27.7862,26.6969,25.8072,25.1939,24.5985,24.0206,23.46,22.7037,21.8789,20.4413,17.9549,14.7622,11.7112,6.85473
99574,84.8733,0.103459,2.38289,0.0714301,-0.116552,0.0,7765.68,2,0.08,0.0,0.4896956661042903,78,MEDIUM,APEX,25.2609,0.6623999999999981,9,25.2609,0,0.4912910234482759,0.0,0.0,False,0,10.8726,200.0,60.2954,38.0091,31.1986,28.6597,27.4747,26.5196,25.8789,25.2609,24.6609,24.0785,23.2925,22.4349,20.9393,18.3514,15.0307,11.8667,6.86884
99573,84.7217,-0.0952516,2.38133,0.0593032,-0.12176,0.0,7752.2,2,0.08,0.0,0.46764182242306185,78,MEDIUM,APEX,26.0402,0.7792999999999992,9,26.0402,0,0.48793734620689655,0.0,0.0,False,0,10.7422,200.0,67.172,40.2831,32.5726,29.7546,28.4497,27.4026,26.703,26.0402,25.411,24.8043,23.9847,23.09,21.5286,18.8243,15.3552,12.0593,6.89525
99572,84.5621,-0.32336,2.36575,0.0467538,-0.126189,0.0,9772.91,2,0.08,0.0,0.43763714406228943,78,MEDIUM,APEX,26.9541,0.9139000000000017,9,26.9541,0,0.4840044248275862,0.0,0.0,False,0,10.6046,200.0,76.5632,43.0883,34.2273,31.064,29.6126,28.4538,27.6826,26.9541,26.2649,25.6119,24.7517,23.8173,22.1848,19.3542,15.7221,12.28,6.93154
99571,84.3902,-0.555461,2.34262,0.0339978,-0.129836,0.0,9770.76,2,0.08,0.0,0.4008580582274851,95,MEDIUM,APEX,28.023,1.0688999999999993,9,28.023,0,0.47940446896551725,0.0,0.0,False,0,10.4634,125.421,89.844,46.5481,36.2039,32.6125,30.9819,29.6879,28.8303,28.023,27.2617,26.5427,25.6006,24.607,22.8998,19.9347,16.1269,12.526,6.97694
99570,84.2165,-0.795918,2.31561,0.0209673,-0.132692,0.0,9691.72,2,0.08,0.0,0.35820248310887687,95,MEDIUM,APEX,29.2857,1.2626999999999988,9,29.2857,0,0.47397050482758624,0.0,0.0,False,0,10.318,79.8262,110.049,50.9156,38.6014,34.4673,32.6135,31.1524,30.189,29.2857,28.4369,27.6381,26.5954,25.5006,23.6814,20.5729,16.5752,12.8009,7.03224
99569,84.0385,-1.04893,2.29527,0.0075821,-0.13474,0.0,9670.44,2,0.08,0.0,0.3103274317566634,95,MEDIUM,APEX,30.7954,1.5097000000000023,9,30.7954,0,0.4674735889655173,0.0,0.0,False,0,10.1679,59.2677,144.495,56.5966,41.5653,36.7248,34.586,32.9141,31.8183,30.7954,29.8384,28.9413,27.7756,26.5581,24.5532,21.2777,17.074,13.1091,7.09854
99568,83.8655,-1.31773,2.28411,-0.00603524,-0.135984,0.0,9650.74,2,0.08,0.0,0.24787193695348622,95,TIGHT,APEX,32.5989,1.8034999999999997,4,45.2625,-4,0.5287265263157894,-0.08,0.0,False,0,10.0149,47.5709,200.0,64.1702,45.2625,39.4841,36.9766,35.0353,33.772,32.5989,31.507,30.488,29.171,27.8035,25.5696,22.0466,17.6221,13.45,7.17553
99567,83.7019,-1.59496,2.28094,-0.0195281,-0.136428,0.0,9631.89,2,0.08,0.0,0.18081037397834587,95,MEDIUM,APEX,34.7212,2.1223000000000027,4,49.861,-4,0.5166218780399273,-0.12,0.0,False,0,9.86352,40.1193,200.0,74.4572,49.861,42.8286,39.8425,37.5572,36.0822,34.7212,33.4616,32.2926,30.7906,29.2416,26.734,22.8614,18.2071,13.8161,7.26127
99566,83.5529,-1.89884,2.26246,-0.0323182,-0.13612,0.0,9614.38,2,0.08,0.0,0.12581037397834588,95,MEDIUM,APEX,37.1412,2.4199999999999946,4,55.4816,-4,0.5023668132123412,-0.12,0.0,False,0,9.7201,35.1019,200.0,88.5834,55.4816,46.7854,43.1869,40.4698,38.7327,37.1412,35.6781,34.3283,32.6056,30.8423,28.0164,23.7201,18.8019,14.1905,7.35156
99565,83.421,-2.17698,2.24947,-0.0434773,-0.13516,0.0,9598.45,2,0.08,0.0,0.07081037397834589,95,MEDIUM,APEX,39.723,2.581800000000001,4,62.0066,-4,0.4865243304537205,-0.12,0.0,False,0,9.59397,31.7076,200.0,107.665,62.0066,51.1992,46.8564,43.6255,41.5813,39.723,38.0264,36.4715,34.5009,32.4999,29.3266,24.5788,19.3562,14.5417,7.43869
99564,83.3043,-2.3382,2.21443,-0.0519222,-0.133633,0.0,9584.28,2,1.0,0.0,0.015810373978345886,160,MEDIUM,EXIT,42.1816,2.458600000000004,4,68.8594,-4,0.470670832522686,0.0,0.0,False,0,9.49467,29.5137,148.386,131.84,68.8594,55.6256,50.4667,46.6855,44.3177,42.1816,40.2449,38.4809,36.2607,34.0233,30.5099,25.3321,19.8044,14.8287,7.51308
99563,83.2011,-2.33104,2.17735,-0.056973,-0.131636,0.0,9571.89,2,1.0,0.0,-0.03807227094418929,160,MEDIUM,EXIT,44.1854,2.0037999999999982,4,75.0829,-4,0.4569839428675136,0.0,0.0,False,0,9.42722,28.2264,112.818,159.019,75.0829,59.449,53.52,49.2316,46.5705,44.1854,42.0359,40.0886,37.6516,35.2118,31.412,25.8814,20.0968,15.02,7.5675
99562,83.6907,-2.38646,2.14796,-0.0586934,-0.129349,0.0,11184.9,2,0.88,0.0,-0.08408818878493135,160,MEDIUM,EXIT,45.5326,1.3472000000000008,4,79.8269,-4,0.44711017735027225,0.0,0.0,False,0,9.39062,27.596,98.0359,184.905,79.8269,62.2087,55.6708,50.9899,48.1053,45.5326,43.2244,41.1419,38.5469,35.9611,31.9587,26.1856,20.2237,15.1088,7.59975
99561,84.4906,-2.60465,2.13931,-0.058286,-0.127122,0.0,12035.6,2,0.88,0.0,-0.12157674910458813,160,MEDIUM,EXIT,46.393,0.8603999999999985,4,83.3374,-4,0.4402273704537205,0.0,0.0,False,0,9.37537,27.3283,90.4828,200.0,83.3374,64.135,57.1298,52.1536,49.1031,46.393,43.9696,41.7898,39.0824,36.3944,32.2523,26.318,20.2396,15.127,7.61549
99560,85.3795,-2.77161,2.15189,-0.0555587,-0.125153,0.0,12388.4,3,0.16000000000000003,0.0,-0.15800358091578418,130,MEDIUM,APEX,46.6207,0.22769999999999868,4,84.9362,-4,0.4376021552813067,-0.12,0.0,False,0,9.38503,27.418,87.6832,200.0,84.9362,64.8871,57.6457,52.5248,49.3952,46.6207,44.1446,41.9213,39.1648,36.4336,32.2359,26.2444,20.1347,15.0656,7.61152
99559,86.3283,-2.79545,2.18062,-0.0502376,-0.123528,0.0,12649.4,3,0.16000000000000003,0.0,-0.18280183127072486,130,MEDIUM,APEX,46.0887,-0.5319999999999965,4,84.035,-4,0.4403346297640653,-0.12,0.0,False,0,9.42356,27.8967,89.0463,200.0,84.035,64.1715,57.001,51.9319,48.8342,46.0887,43.6385,41.4387,38.7116,36.0099,31.8581,25.9335,19.8936,14.9168,7.58539
99558,87.2439,-2.61665,2.18771,-0.0420771,-0.122306,0.0,9804.74,3,0.16000000000000003,0.0,-0.19527142381359558,130,MEDIUM,APEX,44.7488,-1.3399,4,80.4692,-4,0.4487719001088929,-0.12,0.0,False,0,9.49534,28.8255,95.1781,200.0,80.4692,61.8936,55.1222,50.3137,47.3666,44.7488,42.4084,40.3034,37.6893,35.0944,31.0966,25.3705,19.5073,14.6771,7.53565
99557,87.5574,-2.12042,2.16989,-0.0305498,-0.121511,0.0,9808.55,3,0.28,0.0,-0.19432295183266998,130,MEDIUM,APEX,42.5692,-2.1796000000000006,4,74.3533,-4,0.46287525597096185,-0.12,0.0,False,0,9.60871,30.3664,109.205,170.295,74.3533,58.0542,51.9898,47.6429,44.9616,42.5692,40.4215,38.4827,36.0657,33.656,29.9234,24.5339,18.9618,14.3382,7.45968
99556,87.4859,-1.60527,2.08175,-0.0164788,-0.121248,0.0,8002.59,3,0.08,0.0,-0.17985764247832509,95,MEDIUM,APEX,39.944,-2.6251999999999995,4,67.2444,-4,0.47955310838475496,-0.12,0.0,False,0,9.7599,32.5258,135.796,138.93,67.2444,53.4938,48.2452,44.4373,42.0694,39.944,38.0257,36.2859,34.1056,31.9196,28.5087,23.5299,18.3149,13.9344,7.3645
99555,87.4895,-1.17774,1.99099,-0.00155118,-0.121738,0.0,8096.9,3,0.08,0.0,-0.15342264919678594,95,MEDIUM,APEX,37.3808,-2.563200000000002,4,60.747,-4,0.4953047470054447,-0.12,0.0,False,0,9.93594,35.1359,182.902,115.09,60.747,49.1822,44.6599,41.3403,39.2595,37.3808,35.6763,34.123,32.1664,30.1934,27.092,22.5146,17.6546,13.5182,7.26126
99554,87.4951,-0.835329,1.93139,0.0134597,-0.123089,0.0,7997.7,3,0.08,0.0,-0.11703252510270912,95,MEDIUM,APEX,35.0429,-2.3378999999999976,4,55.2054,-4,0.5092102187295826,-0.12,0.0,False,0,10.1308,38.1302,200.0,97.6873,55.2054,45.3811,41.4576,38.5477,36.7104,35.0429,33.5228,32.1314,30.3705,28.5854,25.7602,21.5468,17.0156,13.1109,7.15466
99553,87.4401,-0.506848,1.90257,0.0284268,-0.125346,0.0,7992.62,3,0.08,0.0,-0.06972386629921179,95,TIGHT,APEX,32.9199,-2.1230000000000047,4,50.4668,-4,0.5214851594192378,-0.08,0.0,False,0,10.3449,41.5604,200.0,84.5489,50.4668,42.0349,38.6054,36.0383,34.4073,32.9199,31.558,30.3066,28.716,27.0958,24.5155,20.6299,16.4009,12.7143,7.04523
99552,87.3882,-0.205228,1.89959,0.0424347,-0.128489,0.0,7987.79,3,0.08,0.0,-0.017071694533041783,95,TIGHT,APEX,31.1161,-1.803799999999999,4,46.6699,-4,0.5316394394192377,-0.08,0.0,False,0,10.5665,45.1882,200.0,75.0595,46.6699,39.2795,36.2295,33.9298,32.4609,31.1161,29.8806,28.7415,27.2887,25.8028,23.4238,19.8124,15.8415,12.3487,6.93841
99551,87.339,0.0588885,1.91353,0.0545941,-0.132436,0.0,7982.92,3,0.08,0.0,0.03821666023921098,95,TIGHT,APEX,29.6929,-1.4231999999999978,4,43.8449,-4,0.5394462670054446,-0.08,0.0,False,0,10.7809,48.5933,200.0,68.5919,43.8449,37.1748,34.3937,32.2854,30.9337,29.6929,28.5499,27.4936,26.1428,24.7573,22.5304,19.1295,15.3616,12.0304,6.83912
99550,87.2897,0.305567,1.84582,0.0642755,-0.137052,0.0,7980.37,3,0.08,0.0,0.09329880266868348,95,TIGHT,APEX,28.6644,-1.028500000000001,4,41.9392,-4,0.5449250035571688,-0.08,0.0,False,0,10.974,51.2756,200.0,64.5869,41.9392,35.7125,33.1004,31.1142,29.838,28.6644,27.5817,26.5798,25.2965,23.9779,21.8537,18.5978,14.9738,11.7683,6.75074
99549,87.2397,0.481918,1.78744,0.0710782,-0.142141,0.0,7974.61,3,0.08,0.0,0.14544026904884289,95,TIGHT,APEX,28.0291,-0.6353000000000009,4,40.8982,-4,0.5481458242468239,-0.08,0.0,False,0,11.1334,52.7773,200.0,62.6955,40.8982,34.8703,32.3372,30.4091,29.1695,28.0291,26.9764,26.0019,24.7532,23.4693,21.3997,18.2241,14.6846,11.5668,6.67566
99548,87.1862,0.564055,1.69248,0.0749289,-0.147554,0.0,7969.03,3,0.08,0.0,0.19231721126948104,78,TIGHT,APEX,27.7684,-0.26069999999999993,4,40.6653,-4,0.5492343732123411,-0.08,0.0,False,0,11.2521,52.9029,200.0,62.7218,40.6653,34.6129,32.0755,30.1467,28.9076,27.7684,26.7175,25.7452,24.5001,23.2208,21.1605,18.0037,14.4917,11.4243,6.61433
99547,87.1272,0.594274,1.59969,0.0761228,-0.153136,0.0,7963.54,3,0.08,0.0,0.2323010050201357,78,TIGHT,APEX,27.8473,0.07890000000000086,4,41.1778,-4,0.5483745111433757,-0.08,0.0,False,0,11.3304,51.8233,200.0,64.5776,41.1778,34.8903,32.2711,30.2865,29.0146,27.8473,26.7722,25.779,24.5091,23.2069,21.1147,17.9212,14.3856,11.3337,6.56572
99546,87.0609,0.58983,1.52573,0.0749367,-0.15871,0.0,7957.73,3,0.08,0.0,0.2643136825863046,95,TIGHT,APEX,28.2587,0.41140000000000043,4,42.4596,-4,0.5455595925226859,-0.08,0.0,False,0,11.3695,49.8349,200.0,68.5085,42.4596,35.7057,32.9219,30.8238,29.4845,28.2587,27.1327,26.095,24.7718,23.4189,21.2538,17.9693,14.361,11.2902,6.52938
99545,86.9861,0.559969,1.48139,0.0716105,-0.164122,0.0,7951.42,3,0.08,0.0,0.28769444621968404,95,TIGHT,APEX,29.0217,0.7629999999999981,4,44.6271,-4,0.5405906614882032,-0.08,0.0,False,0,11.3715,47.2594,200.0,75.2093,44.6271,37.1164,34.0678,31.7882,30.3409,29.0217,27.8145,26.7056,25.297,23.8629,21.5805,18.1474,14.4162,11.291,6.50516
99544,86.9027,0.502303,1.46772,0.0663372,-0.169235,0.0,7944.55,3,0.08,0.0,0.30208005841924745,95,TIGHT,APEX,30.1867,1.1649999999999991,4,47.9288,-4,0.5330131042468239,-0.08,0.0,False,0,11.3391,44.3728,200.0,86.2282,47.9288,39.2496,35.8016,33.2511,31.6437,30.1867,28.8601,27.6472,26.1142,24.562,22.1099,18.4627,14.5534,11.3347,6.49323
99543,86.8119,0.407976,1.47552,0.0593446,-0.173915,0.0,7937.16,3,0.08,0.0,0.3073853824698954,95,TIGHT,APEX,31.8311,1.644400000000001,4,52.7915,-4,0.5220745539019964,-0.08,0.0,False,0,11.2759,41.4023,187.405,105.004,52.7915,42.3118,38.2705,35.3239,33.4854,31.8311,30.3348,28.9749,27.2671,25.5507,22.8644,18.9251,14.7757,11.4202,6.4937
99542,86.7145,0.155739,1.36115,0.050536,-0.178144,0.0,7933.61,3,0.08,0.0,0.3007091865333048,95,MEDIUM,APEX,34.1413,2.310200000000002,4,60.2012,-4,0.5060133276950998,-0.12,0.0,False,0,11.1822,38.434,134.094,141.941,60.2012,46.7761,41.8142,38.2683,36.0859,34.1413,32.398,30.8262,28.8692,26.9209,23.9083,19.5702,15.0994,11.5557,6.50765
99541,86.6168,-0.15655,1.2775,0.0401618,-0.181867,0.0,7924.61,3,0.08,0.0,0.28538459517628195,95,MEDIUM,APEX,37.3405,3.1991999999999976,4,71.9228,-4,0.4820188559709619,-0.12,0.0,False,0,11.0639,35.6004,102.356,200.0,71.9228,53.3507,46.9037,42.4247,39.719,37.3405,35.2332,33.3536,31.0392,28.7635,25.2992,20.4233,15.5326,11.7487,6.53478
99540,86.5263,-0.514526,1.14814,0.0295366,-0.185057,0.0,7915.85,3,0.08,0.0,0.2626873812833224,95,MEDIUM,APEX,41.4554,4.114899999999999,4,90.4189,-4,0.44705315666061707,-0.12,0.0,False,0,10.9417,33.1454,82.8092,200.0,90.4189,62.6257,53.8173,47.9267,44.4551,41.4554,38.8377,36.5336,33.7358,31.0262,26.9778,21.4311,16.0375,11.976,6.56861
99539,86.4356,-0.799265,1.03304,0.01947,-0.187703,0.0,7907.42,3,1.0,0.0,0.24265949949230686,160,MEDIUM,EXIT,46.573,5.117600000000003,4,121.401,-4,0.39399242976406534,0.0,0.0,False,0,10.8262,31.1066,70.1179,200.0,121.401,75.71,63.0673,55.0347,50.4496,46.573,43.2528,40.3772,36.9435,33.6766,28.9004,22.5521,16.5858,12.2211,6.60488
99538,86.3454,-0.990538,0.948083,0.010184,-0.189791,0.0,7898.8,3,1.0,0.0,0.2173346292781799,160,MEDIUM,EXIT,52.9628,6.389800000000001,4,182.147,-4,0.36984321597096187,0.0,0.0,False,0,10.7186,29.4129,61.3353,200.0,182.147,95.0719,75.7724,64.3522,58.1025,52.9628,48.6619,45.0103,40.7359,36.7538,31.0749,23.7782,17.1691,12.4786,6.64225
99537,86.7394,-1.25065,0.904843,0.00142127,-0.191349,0.0,8766.52,3,0.88,0.0,0.18813965632038038,200,SHALLOW,EXIT,61.3055,8.3427,4,200.0,-4,0.34395207803992744,0.0,0.0,False,0,10.6147,27.957,54.7956,180.06,200.0,127.245,94.6414,77.3191,68.3847,61.3055,55.5583,50.7999,45.366,40.4309,33.5965,25.1487,17.8025,12.7554,6.68187
99536,87.4091,-1.69948,0.898668,-0.00788599,-0.192534,0.0,9108.62,3,0.88,0.0,0.15783003515096422,198,FAST_BEND,STRAIGHT,73.7338,12.4283,6,128.867,-1.7,0.2569604392014519,0.0,0.0,False,0,10.5024,26.5864,49.3573,130.457,200.0,194.266,128.867,98.5198,84.3403,73.7338,65.5016,58.9269,51.6724,45.3063,36.8206,26.8292,18.5567,13.083,6.72893
99535,88.1468,-2.23427,0.921447,-0.017599,-0.193405,0.0,9180.87,3,0.88,0.0,0.12357497604278078,198,FAST_BEND,STRAIGHT,93.7908,20.057000000000002,6,195.561,-1.7,0.19471457713248638,0.0,0.0,False,0,10.3844,25.3091,44.8064,101.848,200.0,200.0,195.561,138.518,111.844,93.7908,80.7606,70.9143,60.5815,51.9415,41.0002,28.8919,19.4464,13.4636,6.78244
99534,88.7526,-2.88046,0.809706,-0.0274041,-0.194017,0.0,9474.56,3,0.88,0.0,0.08677303343679126,198,FAST_BEND,STRAIGHT,130.235,36.44420000000001,7,198.224,-1,0.06687504537205077,0.0,0.0,False,0,10.2654,24.1428,41.0182,83.543,200.0,200.0,200.0,198.224,168.253,130.235,106.238,89.7138,73.6798,61.1921,46.455,31.4002,20.4749,13.8931,6.84022
99533,89.4206,-3.5884,0.716125,-0.0372214,-0.194443,0.0,9686.83,3,0.88,0.0,0.048199093449508706,215,STRAIGHT,STRAIGHT,195.721,65.48599999999999,9,195.721,0,0.0,0.0,0.0,False,0,10.1469,23.0794,37.8298,70.8695,150.181,200.0,200.0,200.0,200.0,195.721,156.714,123.036,94.5906,74.8318,53.793,34.4817,21.6627,14.3742,6.90125
99532,90.1377,-4.3124,0.55229,-0.0460477,-0.194725,0.0,9836.41,3,0.88,0.0,0.007990685901759595,215,STRAIGHT,STRAIGHT,200.0,4.278999999999996,9,200.0,0,0.0,0.0,0.0,False,0,10.0393,22.1714,35.2795,62.106,115.068,200.0,200.0,200.0,200.0,200.0,199.894,190.059,129.647,95.0217,63.3394,38.0518,22.9397,14.8713,6.95847
99531,90.8826,-4.91066,0.4016,-0.053232,-0.194917,0.0,9939.84,3,0.88,0.0,-0.03196478665624391,215,STRAIGHT,STRAIGHT,200.0,0.0,9,200.0,0,0.0,0.0,0.0,False,0,9.94808,21.4311,33.3035,56.002,95.3922,147.4,200.0,200.0,200.0,200.0,200.0,200.0,191.309,125.551,75.4034,41.9721,24.2297,15.3517,7.00997
99530,91.6532,-5.35104,0.287023,-0.0585884,-0.195012,0.0,10005.8,3,0.88,0.0,-0.06993906108133265,215,STRAIGHT,STRAIGHT,200.0,0.0,9,200.0,0,0.0,0.0,0.0,False,0,9.87324,20.8395,31.7854,51.6644,83.2234,120.015,157.103,200.0,200.0,200.0,200.0,200.0,200.0,174.386,90.4149,46.1144,25.4795,15.7971,7.05577
99529,92.4478,-5.6257,0.227976,-0.0619755,-0.19501,0.0,10043.6,3,0.88,0.0,-0.10437723400131435,215,STRAIGHT,STRAIGHT,200.0,0.0,9,200.0,0,0.0,0.0,0.0,False,0,9.81448,20.3806,30.6423,48.5783,75.3319,104.12,130.821,168.706,200.0,200.0,200.0,200.0,200.0,197.114,108.446,50.2552,26.6253,16.1885,7.09406
99528,93.2682,-5.7384,0.21844,-0.0631623,-0.194918,0.0,10059.8,3,0.88,0.0,-0.13377880532484349,215,STRAIGHT,STRAIGHT,200.0,0.0,9,200.0,0,0.0,0.0,0.0,False,0,9.77257,20.0488,29.8311,46.4716,70.2648,94.5835,116.036,144.797,175.966,200.0,200.0,200.0,200.0,200.0,128.182,53.9914,27.5778,16.5008,7.12231
99527,94.0032,-5.73112,0.135615,-0.0618783,-0.194805,0.0,10228.1,3,0.88,0.0,-0.15664517073492581,215,STRAIGHT,STRAIGHT,200.0,0.0,9,200.0,0,0.0,0.0,0.0,False,0,9.74937,19.8453,29.3344,45.2054,67.3242,89.2611,108.074,132.538,158.118,200.0,200.0,200.0,200.0,200.0,145.673,56.7566,28.2316,16.7053,7.13722
99526,94.6416,-5.71161,-0.0290138,-0.0587041,-0.194839,0.0,10538.2,3,0.88,0.0,-0.17230150429457608,215,STRAIGHT,STRAIGHT,182.216,-17.783999999999992,9,182.216,0,0.0,0.0,0.0,False,0,9.7403,19.7347,29.0578,44.4984,65.7035,86.3813,103.841,126.178,149.1,182.216,200.0,200.0,200.0,200.0,158.698,58.5343,28.6232,16.8198,7.14126
99525,95.4003,-5.56976,-0.168739,-0.0535442,-0.195114,0.0,10693.8,3,0.88,0.0,-0.18009499943742688,215,STRAIGHT,STRAIGHT,178.509,-3.707000000000022,9,178.509,0,0.0,0.0,0.0,False,0,9.7465,19.7189,29.0,44.3249,65.2776,85.6059,102.692,124.445,146.647,178.509,200.0,200.0,200.0,200.0,163.021,59.0301,28.7082,16.8329,7.13278
99524,96.2349,-5.26222,-0.284355,-0.046241,-0.195677,0.0,10751.4,3,0.88,0.0,-0.1793336331265855,215,STRAIGHT,STRAIGHT,184.329,5.820000000000022,9,184.329,0,0.0,0.0,0.0,False,0,9.76962,19.8054,29.1757,44.713,66.089,86.9757,104.645,127.293,150.585,184.329,200.0,200.0,200.0,200.0,156.299,58.0603,28.4523,16.7338,7.11025
99523,97.1322,-4.7891,-0.358692,-0.0368453,-0.196568,0.0,10728.3,3,0.88,0.0,-0.16949669110698742,215,STRAIGHT,STRAIGHT,200.0,15.670999999999992,9,200.0,0,0.0,0.0,0.0,False,0,9.80964,19.9943,29.5871,45.677,68.1957,90.6391,109.974,135.239,161.806,200.0,200.0,200.0,200.0,200.0,141.167,55.7899,27.8798,16.5287,7.07413
99522,98.0836,-4.15785,-0.388049,-0.0305241,-0.197647,0.0,10634.7,3,0.88,0.0,-0.15519956766612936,215,STRAIGHT,STRAIGHT,200.0,0.0,9,200.0,0,0.0,0.0,0.0,False,0,9.86587,20.2835,30.2351,47.2431,71.7376,96.9894,119.45,149.834,183.123,200.0,200.0,200.0,200.0,196.964,122.562,52.6014,27.0513,16.2332,7.02589
99521,99.0701,-3.39859,-0.380464,-0.0238488,-0.198592,0.0,10494.1,3,0.88,0.0,-0.13690935765590323,215,STRAIGHT,STRAIGHT,200.0,0.0,9,200.0,0,0.0,0.0,0.0,False,0,9.93627,20.664,31.1083,49.4253,76.8944,106.651,134.437,174.17,200.0,200.0,200.0,200.0,199.876,192.225,104.649,48.9829,26.0582,15.8732,6.96832
99520,100.025,-2.57681,-0.387786,-0.0160652,-0.199428,0.0,10401.7,3,0.88,0.0,-0.11427275674741133,215,STRAIGHT,STRAIGHT,200.0,0.0,9,200.0,0,0.0,0.0,0.0,False,0,10.0178,21.1219,32.1853,52.2254,83.9026,120.62,157.406,200.0,200.0,200.0,200.0,200.0,195.606,174.261,89.4126,45.3544,24.9955,15.4781,6.90489
99519,100.866,-1.76167,-0.468484,-0.00770193,-0.200243,0.0,10460.2,3,0.88,0.0,-0.0875089367456656,215,STRAIGHT,STRAIGHT,200.0,0.0,9,200.0,0,0.0,0.0,0.0,False,0,10.1069,21.6363,33.4269,55.6054,92.997,140.345,200.0,200.0,200.0,200.0,200.0,197.001,189.354,133.577,77.3069,42.0109,23.9482,15.0767,6.83904
99518,101.729,-0.98972,-0.519175,0.000692487,-0.201098,0.0,10478.1,3,0.88,0.0,-0.057327723029495285,215,STRAIGHT,STRAIGHT,200.0,0.0,9,200.0,0,0.0,0.0,0.0,False,0,10.1987,22.18,34.7751,59.4691,104.344,167.878,200.0,200.0,200.0,200.0,196.594,191.782,157.894,108.176,68.0425,39.1118,22.9802,14.6937,6.77422
99517,102.6,-0.304641,-0.548775,0.00858432,-0.202061,0.0,10475.0,3,0.88,0.0,-0.0248263902823605,215,STRAIGHT,STRAIGHT,196.409,-3.591000000000008,9,196.409,0,0.0,0.0,0.0,False,0,10.2885,22.7204,36.1509,63.6322,117.867,200.0,200.0,200.0,199.959,196.409,191.774,182.75,125.181,91.728,61.1314,36.7192,22.1342,14.3483,6.71336
99516,103.469,0.262119,-0.564441,0.0154039,-0.203159,0.0,10466.9,3,0.88,0.0,0.008542269355171078,215,STRAIGHT,STRAIGHT,192.367,-4.042000000000002,9,192.367,0,0.0,0.0,0.0,False,0,10.3701,23.2147,37.4388,67.7414,132.744,200.0,200.0,200.0,196.674,192.367,185.502,145.536,106.106,81.0307,56.1722,34.8616,21.4441,14.058,6.65963
99515,104.334,0.676209,-0.567595,0.020634,-0.204406,0.0,10458.9,3,0.88,0.0,0.04108413021728028,215,STRAIGHT,STRAIGHT,188.312,-4.054999999999978,9,188.312,0,0.0,0.0,0.0,False,0,10.4373,23.6165,38.5028,71.2915,147.0,200.0,200.0,197.523,193.669,188.312,162.607,125.363,94.9333,74.328,52.8494,33.5405,20.9322,13.8361,6.61575
99514,105.192,0.927983,-0.561703,0.0238518,-0.205791,0.0,10458.2,3,0.88,0.0,0.07099741823260217,215,STRAIGHT,STRAIGHT,184.75,-3.562000000000012,9,184.75,0,0.0,0.0,0.0,False,0,10.4845,23.8829,39.2076,73.7014,157.465,200.0,200.0,195.615,191.372,184.75,146.296,115.4,89.0755,70.6656,50.95,32.7494,20.6127,13.6922,6.58393
99513,106.038,1.01492,-0.551304,0.0248014,-0.207261,0.0,10472.3,3,0.88,0.0,0.0965517996330017,215,STRAIGHT,STRAIGHT,183.009,-1.7410000000000139,9,183.009,0,0.0,0.0,0.0,False,0,10.5078,23.9837,39.4549,74.5085,160.98,200.0,199.227,194.61,190.237,183.009,141.891,112.599,87.3622,69.5577,50.3468,32.4792,20.4926,13.632,6.56581
99512,106.869,0.959873,-0.538968,0.0234357,-0.208734,0.0,10506.0,3,0.88,0.0,0.11627691519795204,215,STRAIGHT,STRAIGHT,184.089,1.0800000000000125,9,184.089,0,0.0,0.0,0.0,False,0,10.5055,23.9099,39.2163,73.5709,156.434,200.0,199.065,194.59,190.427,184.089,147.639,116.142,89.4401,70.8399,50.987,32.7207,20.5723,13.6568,6.56215
99511,107.683,0.790638,-0.526703,0.0198737,-0.210092,0.0,10561.0,3,0.88,0.0,0.12907490852857612,215,STRAIGHT,STRAIGHT,186.586,2.497000000000014,9,186.586,0,0.0,0.0,0.0,False,0,10.4783,23.6721,38.5313,71.0976,145.448,200.0,199.569,195.407,191.669,186.586,165.735,127.0,95.6999,74.6789,52.9152,33.4779,20.8503,13.7657,6.57326
99510,108.479,0.52978,-0.520794,0.0144059,-0.211244,0.0,10636.3,3,0.88,0.0,0.13432226818492013,215,STRAIGHT,STRAIGHT,189.403,2.816999999999979,9,189.403,0,0.0,0.0,0.0,False,0,10.4291,23.2996,37.4999,67.5675,131.232,200.0,200.0,196.771,193.501,189.403,183.273,148.57,107.406,81.5861,56.2596,34.7585,21.3196,13.9539,6.59844
99509,109.261,0.204018,-0.520749,0.00739926,-0.212061,0.0,10724.8,3,0.88,0.0,0.131856320593474,215,STRAIGHT,STRAIGHT,192.169,2.7660000000000196,9,192.169,0,0.0,0.0,0.0,False,0,10.3616,22.8287,36.2407,63.5019,116.594,200.0,200.0,198.405,195.557,192.169,187.844,180.775,127.562,92.6799,61.2898,36.5888,21.9743,14.2161,6.63696
99508,110.033,-0.169109,-0.52457,-0.00075382,-0.212445,0.0,10819.7,3,0.88,0.0,0.1219191789099353,215,STRAIGHT,STRAIGHT,194.739,2.569999999999993,9,194.739,0,0.0,0.0,0.0,False,0,10.2802,22.2957,34.8656,59.3282,103.174,163.946,200.0,200.0,197.609,194.739,191.317,186.921,163.434,110.234,68.4786,39.0132,22.8085,14.5459,6.68767
99507,110.802,-0.568375,-0.527631,-0.00965208,-0.212322,0.0,10912.3,3,0.88,0.0,0.1050951528982622,215,STRAIGHT,STRAIGHT,197.04,2.3009999999999877,9,197.04,0,0.0,0.0,0.0,False,0,10.189,21.734,33.4675,55.3388,91.6324,136.574,200.0,200.0,199.52,197.04,194.187,190.791,184.189,139.106,78.6043,42.0904,23.8136,14.9357,6.74913
99506,111.57,-0.971066,-0.528403,-0.0188498,-0.211635,0.0,11001.5,3,0.88,0.0,0.0822936216372581,215,STRAIGHT,STRAIGHT,199.017,1.9770000000000039,9,199.017,0,0.0,0.0,0.0,False,0,10.0926,21.1743,32.123,51.7218,82.1013,116.424,149.889,200.0,200.0,199.017,196.561,193.741,188.839,179.363,92.8556,45.8621,24.9696,15.3733,6.81925
99505,112.335,-1.3551,-0.530403,-0.0278907,-0.210356,0.0,11089.6,3,0.88,0.0,0.05470279038223771,215,STRAIGHT,STRAIGHT,200.0,0.9830000000000041,9,200.0,0,0.0,0.0,0.0,False,0,9.99535,20.6422,30.8884,48.5758,74.4464,101.621,126.233,160.211,200.0,200.0,198.473,196.035,191.991,185.751,113.048,50.3264,26.2408,15.8418,6.89533
99504,113.102,-1.69582,-0.533641,-0.0363056,-0.20848,0.0,11173.0,3,0.88,0.0,0.02375364001770216,215,STRAIGHT,STRAIGHT,200.0,0.0,9,200.0,0,0.0,0.0,0.0,False,0,9.90142,20.1596,29.8048,45.9451,68.4564,90.802,109.981,134.943,161.07,200.0,199.932,197.763,194.253,189.209,141.759,55.3756,27.5679,16.3181,6.97401
99503,113.877,-1.96457,-0.537722,-0.043624,-0.206028,0.0,11248.2,3,0.88,0.0,-0.0089207084386222,215,STRAIGHT,STRAIGHT,165.928,-34.072,9,165.928,0,0.0,0.0,0.0,False,0,9.8148,19.7444,28.9018,43.8453,63.9271,83.0345,98.8156,118.549,138.288,165.928,200.0,198.965,195.809,191.426,176.2,60.7103,28.8618,16.7726,7.05129
99502,114.661,-2.13767,-0.542415,-0.0493775,-0.203044,0.0,11313.2,3,0.88,0.0,-0.040953430266461414,198,FAST_BEND,STRAIGHT,146.245,-19.682999999999993,10,200.0,0.5,0.010526315789473684,0.0,0.0,False,0,9.73933,19.4123,28.2033,42.2837,60.7043,77.7188,91.41,108.089,124.3,146.245,200.0,199.654,196.731,192.746,181.224,65.7452,30.0022,17.1694,7.12263
99501,115.456,-2.19015,-0.547277,-0.0531164,-0.199616,0.0,11367.1,3,0.88,0.0,-0.07052811054302285,198,FAST_BEND,STRAIGHT,135.572,-10.673000000000002,11,199.825,1,0.050311941923774944,0.0,0.0,False,0,9.67887,19.1781,27.7315,41.2728,58.6991,74.5112,87.0417,102.079,116.461,135.572,162.201,199.825,197.04,193.279,183.008,69.5969,30.8458,17.4686,7.18297
99500,116.261,-2.1011,-0.552203,-0.054508,-0.195835,0.0,11412.1,3,0.88,0.0,-0.09639342648490014,198,FAST_BEND,STRAIGHT,131.697,-3.875,11,199.473,1,0.062337803992740456,0.0,0.0,False,0,9.63631,19.0522,27.5017,40.822,57.8624,73.2265,85.3363,99.7926,113.542,131.697,156.778,199.473,196.742,193.068,183.212,71.3614,31.2677,17.637,7.22809
99499,117.071,-1.871,-0.557836,-0.0534027,-0.191813,0.0,11453.5,3,0.88,0.0,-0.11680149693061073,198,FAST_BEND,STRAIGHT,133.968,2.2709999999999866,11,198.594,1,0.05528987295825774,0.0,0.0,False,0,9.61344,19.0399,27.5218,40.9382,58.1825,73.8089,86.1782,101.006,115.171,133.968,160.114,198.594,195.838,192.124,182.079,70.5674,31.2033,17.6566,7.2553
99498,117.877,-1.51648,-0.563137,-0.0498856,-0.187725,0.0,11499.5,3,0.88,0.0,-0.13095840018459215,198,FAST_BEND,STRAIGHT,142.913,8.945000000000022,10,199.003,0.5,0.01700321234119779,0.0,0.0,False,0,9.61089,19.1408,27.7908,41.6232,59.6781,76.3134,89.6708,105.908,121.654,142.913,199.003,197.191,194.328,190.446,179.504,67.4792,30.6755,17.5302,7.26362
99497,118.671,-1.0763,-0.568292,-0.0442318,-0.183708,0.0,11557.6,3,0.88,0.0,-0.1379032837759004,215,STRAIGHT,STRAIGHT,160.621,17.708,9,160.621,0,0.0,0.0,0.0,False,0,9.62779,19.3491,28.3004,42.8781,62.4111,80.9354,96.1906,115.21,134.173,160.621,197.192,195.268,192.211,188.003,174.673,62.9027,29.7813,17.2796,7.25433
99496,119.45,-0.580985,-0.57344,-0.0368446,-0.179937,0.0,11630.4,3,0.88,0.0,-0.13666068321964944,215,STRAIGHT,STRAIGHT,196.808,36.18699999999998,9,196.808,0,0.0,0.0,0.0,False,0,9.66271,19.656,29.0384,44.7092,66.503,88.0649,106.515,130.449,155.407,196.808,194.919,192.828,189.468,184.712,149.271,57.734,28.6503,16.9366,7.22969
99495,120.212,-0.0584769,-0.57948,-0.0281854,-0.176544,0.0,11716.1,3,0.88,0.0,-0.13045842892620907,215,STRAIGHT,STRAIGHT,194.27,-2.5379999999999825,9,194.27,0,0.0,0.0,0.0,False,0,9.71342,20.0499,29.989,47.1269,72.1498,98.3775,122.083,154.731,196.151,194.27,192.189,189.862,186.043,180.323,118.723,52.6454,27.4084,16.5357,7.19282
99494,120.964,0.472664,-0.585091,-0.0187055,-0.173655,0.0,11807.6,3,0.88,0.0,-0.11628709568208477,215,STRAIGHT,STRAIGHT,191.335,-2.9350000000000023,9,191.335,0,0.0,0.0,0.0,False,0,9.77762,20.5186,31.1354,50.1515,79.657,113.035,145.623,195.319,193.428,191.335,188.993,186.328,181.781,173.849,97.0546,48.0047,26.153,16.1067,7.14669
99493,121.708,0.989497,-0.589468,-0.0088374,-0.171348,0.0,11899.5,3,0.88,0.0,-0.0953554184593095,215,STRAIGHT,STRAIGHT,188.003,-3.332000000000022,9,188.003,0,0.0,0.0,0.0,False,0,9.85253,21.0478,32.4551,53.799,89.4505,134.005,195.111,192.487,190.373,188.003,185.3,182.125,176.196,142.917,81.5898,43.963,24.952,15.6744,7.09432
99492,122.45,1.47367,-0.592739,0.000995517,-0.169675,0.0,11988.7,3,0.88,0.0,-0.06851745395356386,215,STRAIGHT,STRAIGHT,184.269,-3.7339999999999804,9,184.269,0,0.0,0.0,0.0,False,0,9.93491,21.6188,33.9138,58.0574,102.061,164.647,192.339,189.408,187.01,184.269,181.035,176.966,162.483,111.668,70.4167,40.5507,23.8502,15.2582,7.03854
99491,123.192,1.90366,-0.595656,0.0103336,-0.168694,0.0,12072.5,3,0.88,0.0,-0.03746509169992377,215,STRAIGHT,STRAIGHT,180.131,-4.138000000000005,9,180.131,0,0.0,0.0,0.0,False,0,10.0208,22.2058,35.452,62.8294,117.962,192.643,189.446,186.149,183.392,180.131,176.007,169.525,124.716,92.4689,62.3005,37.7525,22.8791,14.8748,6.98209
99490,123.941,2.25037,-0.598446,0.0186886,-0.168354,0.0,12148.1,3,0.88,0.0,-0.003881590608798245,215,STRAIGHT,STRAIGHT,175.57,-4.561000000000007,9,175.57,0,0.0,0.0,0.0,False,0,10.1044,22.7718,36.974,67.8619,137.178,190.088,186.558,182.836,179.617,175.57,169.378,138.093,103.224,80.1181,56.4553,35.5414,22.064,14.5401,6.92849
99489,124.7,2.48781,-0.601406,0.0255212,-0.168651,0.0,12212.8,3,0.88,0.0,0.030327261818643154,215,STRAIGHT,STRAIGHT,170.505,-5.064999999999998,9,170.505,0,0.0,0.0,0.0,False,0,10.1794,23.2695,38.3409,72.6612,158.363,187.729,183.869,179.686,175.888,170.505,145.675,116.107,90.4233,72.1873,52.4014,33.8962,21.4261,14.2684,6.88088
99488,125.473,2.57946,-0.61101,0.0303115,-0.169506,0.0,12265.7,4,0.88,0.0,0.0630882698433709,215,STRAIGHT,STRAIGHT,163.917,-6.587999999999994,9,163.917,0,0.0,0.0,0.0,False,0,10.2386,23.6453,39.3836,76.4946,191.75,185.773,181.638,177.034,172.597,163.917,127.676,104.363,83.1241,67.4492,49.8509,32.8055,20.9844,14.0732,6.84274
99487,126.257,2.50268,-0.62141,0.0326383,-0.17082,0.0,12308.8,4,0.88,0.0,0.09228607355975535,198,FAST_BEND,STRAIGHT,152.458,-11.459000000000003,9,152.458,0,0.0,0.0,0.0,False,0,10.2755,23.8505,39.9412,78.5651,190.552,184.42,180.141,175.292,170.415,152.458,120.307,99.3613,79.8972,65.2919,48.6455,32.2652,20.7537,13.9652,6.817
99486,126.677,2.16675,-0.6306,0.0320257,-0.172445,0.0,9981.22,4,1.0,0.0,0.11571494540018545,215,STRAIGHT,STRAIGHT,155.068,2.6100000000000136,9,155.068,0,0.0,0.0,0.0,False,0,10.2831,23.8362,39.86,78.1411,189.935,183.858,179.632,174.873,170.156,155.068,121.875,100.393,80.5312,65.6904,48.8411,32.3288,20.7645,13.9602,6.80754
99485,126.572,1.64913,-0.64312,0.0281734,-0.174257,0.0,9984.1,4,1.0,0.0,0.13126732687522794,215,STRAIGHT,STRAIGHT,165.472,10.403999999999996,9,165.472,0,0.0,0.0,0.0,False,0,10.2569,23.5791,39.0822,75.0633,189.946,184.144,180.172,175.818,171.765,165.472,134.297,108.625,85.6999,69.0565,50.6437,33.0781,21.0485,14.0722,6.81733
99484,126.462,1.10874,-0.664495,0.0217822,-0.175988,0.0,9391.55,4,1.0,0.0,0.13788387062235455,215,STRAIGHT,STRAIGHT,169.747,4.275000000000006,9,169.747,0,0.0,0.0,0.0,False,0,10.2032,23.142,37.8217,70.4028,146.96,184.99,181.364,177.513,174.133,169.747,161.342,126.043,96.1319,75.6336,54.0529,34.4634,21.5741,14.2857,6.84452
99483,126.86,0.541886,-0.673264,0.0135314,-0.177369,0.0,9925.81,4,0.88,0.0,0.13534376949568722,215,STRAIGHT,STRAIGHT,173.226,3.478999999999985,9,173.226,0,0.0,0.0,0.0,False,0,10.1283,22.5878,36.2905,65.1511,125.581,186.121,182.855,179.476,176.632,173.226,168.78,159.323,114.285,86.3905,59.2901,36.4835,22.321,14.5886,6.88769
99482,127.522,-0.0815069,-0.668577,0.0038802,-0.178278,0.0,10038.8,4,0.88,0.0,0.12390697680879677,215,STRAIGHT,STRAIGHT,176.243,3.016999999999996,9,176.243,0,0.0,0.0,0.0,False,0,10.037,21.9625,34.6358,59.9037,107.303,187.359,184.433,181.464,179.032,176.243,172.925,168.66,146.979,103.806,66.9639,39.2169,23.2886,14.9751,6.94564
99481,128.175,-0.705148,-0.660796,-0.00653756,-0.178587,0.0,10003.5,4,0.88,0.0,0.10439746594588305,215,STRAIGHT,STRAIGHT,178.807,2.563999999999993,9,178.807,0,0.0,0.0,0.0,False,0,9.9359,21.3163,32.9979,55.0932,92.7089,141.008,185.917,183.289,181.174,178.807,176.106,172.926,166.911,132.889,77.941,42.7159,24.4574,15.4314,7.01594
99480,128.781,-1.23583,-0.650945,-0.0167916,-0.178198,0.0,10023.6,4,1.0,0.0,0.07839198668400224,215,STRAIGHT,STRAIGHT,180.833,2.0260000000000105,9,180.833,0,0.0,0.0,0.0,False,0,9.83361,20.7066,31.5158,51.0345,81.7279,117.063,152.204,184.779,182.903,180.833,178.523,175.899,171.431,163.615,93.04,46.8769,25.754,15.924,7.09333
99479,129.373,-1.64422,-0.643177,-0.0261653,-0.177061,0.0,10057.6,4,1.0,0.0,0.04787891696608973,215,STRAIGHT,STRAIGHT,182.317,1.4840000000000089,9,182.317,0,0.0,0.0,0.0,False,0,9.73631,20.167,30.2546,47.7849,73.6959,101.264,126.55,185.871,184.174,182.317,180.269,177.987,174.259,168.703,113.16,51.5086,27.0926,16.4194,7.17298
99478,130.009,-1.93767,-0.644397,-0.0342023,-0.175178,0.0,10187.1,4,0.88,0.0,0.014933336838308539,215,STRAIGHT,STRAIGHT,183.298,0.9809999999999945,9,183.298,0,0.0,0.0,0.0,False,0,9.64745,19.7117,29.2286,45.2749,67.911,90.6808,110.467,136.562,185.001,183.298,181.433,179.376,176.085,171.45,139.002,56.3292,28.3864,16.888,7.25105
99477,130.699,-2.12978,-0.660095,-0.0406595,-0.172591,0.0,10252.1,4,0.88,0.0,-0.018504247193493903,215,STRAIGHT,STRAIGHT,183.834,0.5360000000000014,9,183.834,0,0.0,0.0,0.0,False,0,9.56872,19.3426,28.4265,43.3988,63.8156,83.5646,100.119,121.135,142.518,183.834,182.096,180.192,177.18,173.052,159.864,60.9709,29.5539,17.3059,7.32458
99476,131.366,-2.17235,-0.682109,-0.0451082,-0.169405,0.0,10203.8,4,1.0,0.0,-0.05041966738300936,215,STRAIGHT,STRAIGHT,183.921,0.08699999999998909,9,183.921,0,0.0,0.0,0.0,False,0,9.50384,19.073,27.8642,42.1402,61.1888,79.1699,93.9166,112.226,130.395,183.921,182.265,180.455,177.612,173.771,162.852,64.7313,30.4633,17.6347,7.38852
99475,131.986,-2.03993,-0.70696,-0.047059,-0.165741,0.0,10222.0,4,1.0,0.0,-0.07867840945187207,198,FAST_BEND,STRAIGHT,148.686,-35.234999999999985,9,148.686,0,0.0,0.0,0.0,False,0,9.45722,18.9199,27.5703,41.5284,59.9834,77.2287,91.2466,108.496,125.446,148.686,181.909,180.143,177.375,173.657,163.445,66.7021,30.962,17.8306,7.43701
99474,132.637,-1.77718,-0.736711,-0.0464627,-0.161759,0.0,10355.0,4,0.88,0.0,-0.10147404150183743,198,FAST_BEND,STRAIGHT,150.079,1.3930000000000007,9,150.079,0,0.0,0.0,0.0,False,0,9.43004,18.8836,27.5387,41.5315,60.0837,77.4728,91.6457,109.132,126.367,150.079,181.054,179.284,176.51,172.783,162.513,66.4937,30.9969,17.8792,7.46761
99473,133.335,-1.42362,-0.772289,-0.0434895,-0.15765,0.0,10426.2,4,0.88,0.0,-0.11748127068478799,215,STRAIGHT,STRAIGHT,181.393,31.313999999999993,9,181.393,0,0.0,0.0,0.0,False,0,9.42225,18.9588,27.7568,42.1204,61.4353,79.8264,95.0258,114.045,133.082,181.393,179.729,177.911,175.055,171.194,160.101,64.2996,30.5958,17.7865,7.47984
99472,134.006,-0.970816,-0.794801,-0.0383269,-0.153628,0.0,10379.9,4,1.0,0.0,-0.1257850089624654,215,STRAIGHT,STRAIGHT,179.678,-1.7150000000000034,9,179.678,0,0.0,0.0,0.0,False,0,9.43428,19.1442,28.2245,43.312,64.1323,84.5475,101.873,124.154,147.158,179.678,177.933,176.022,173.0,168.854,155.205,60.6371,29.8231,17.5657,7.47357
99471,134.611,-0.468788,-0.806948,-0.031421,-0.149882,0.0,10408.5,4,1.0,0.0,-0.12605970244659115,215,STRAIGHT,STRAIGHT,177.562,-2.1159999999999854,9,177.562,0,0.0,0.0,0.0,False,0,9.46441,19.4285,28.9232,45.0961,68.2683,92.0104,113.004,141.22,179.269,177.562,175.697,173.641,170.353,165.716,132.891,56.2821,28.8046,17.2494,7.45126
99470,135.242,0.0551654,-0.810585,-0.0232552,-0.146574,0.0,10545.6,4,0.88,0.0,-0.11850093160565947,215,STRAIGHT,STRAIGHT,175.075,-2.487000000000023,9,175.075,0,0.0,0.0,0.0,False,0,9.51043,19.7989,29.8328,47.4719,74.025,102.926,130.043,178.614,176.922,175.075,173.042,170.781,167.09,161.592,110.022,51.8502,27.6621,16.872,7.41601
99469,135.913,0.599363,-0.809206,-0.0142313,-0.143821,0.0,10622.2,4,0.88,0.0,-0.10365443487537775,215,STRAIGHT,STRAIGHT,172.224,-2.850999999999999,9,172.224,0,0.0,0.0,0.0,False,0,9.57042,20.2452,30.9405,50.4695,81.7544,118.669,178.428,176.1,174.255,172.224,169.966,167.41,163.083,155.663,92.4712,47.6837,26.4837,16.4608,7.37056
99468,136.545,1.10764,-0.808878,-0.00492954,-0.141732,0.0,10590.7,4,1.0,0.0,-0.08252729622580537,215,STRAIGHT,STRAIGHT,169.065,-3.158999999999992,9,169.065,0,0.0,0.0,0.0,False,0,9.64051,20.7446,32.2021,54.042,91.7384,141.118,175.909,173.364,171.329,169.065,166.501,163.516,158.049,133.085,79.4226,44.0231,25.3566,16.0472,7.31881
99467,137.124,1.52052,-0.823267,0.00385767,-0.140371,0.0,10623.7,4,1.0,0.0,-0.056713871039338455,215,STRAIGHT,STRAIGHT,165.743,-3.3220000000000027,9,165.743,0,0.0,0.0,0.0,False,0,9.71391,21.2545,33.5178,57.9655,103.815,176.113,173.337,170.551,168.295,165.743,162.773,159.129,150.532,108.646,70.0745,41.0333,24.3655,15.667,7.26622
99466,137.742,1.83776,-0.839242,0.0117202,-0.139746,0.0,10758.7,4,0.88,0.0,-0.027920598536420656,215,STRAIGHT,STRAIGHT,162.356,-3.3870000000000005,9,162.356,0,0.0,0.0,0.0,False,0,9.78644,21.7464,34.8132,62.0391,117.782,173.81,170.811,167.765,165.259,162.356,158.827,153.985,124.738,93.2943,63.3758,38.665,23.5298,15.3331,7.21543
99465,138.414,2.07799,-0.854019,0.0184678,-0.139806,0.0,10827.2,4,0.88,0.0,0.0022653159472940006,215,STRAIGHT,STRAIGHT,158.973,-3.3829999999999814,9,158.973,0,0.0,0.0,0.0,False,0,9.85525,22.2003,36.0293,66.0632,133.251,171.624,168.406,165.09,162.306,158.973,154.6,143.712,107.257,83.1626,58.539,36.8188,22.8431,15.0483,7.16785
99464,139.052,2.19236,-0.880517,0.0236225,-0.140494,0.0,10792.2,4,1.0,0.0,0.03207388365309348,215,STRAIGHT,STRAIGHT,155.854,-3.1189999999999998,9,155.854,0,0.0,0.0,0.0,False,0,9.91436,22.5733,37.0391,69.5486,174.864,169.698,166.289,162.728,159.67,155.854,150.111,125.584,96.8132,76.7358,55.2738,35.4973,22.3289,14.8271,7.1268
99463,139.649,2.15241,-0.920581,0.0266994,-0.141715,0.0,10816.3,4,1.0,0.0,0.0595765339995737,198,FAST_BEND,STRAIGHT,153.464,-2.390000000000015,9,153.464,0,0.0,0.0,0.0,False,0,9.95714,22.8183,37.696,71.8597,173.506,168.192,164.663,160.937,157.68,153.464,145.219,116.672,91.404,73.2798,53.4409,34.7195,22.012,14.6843,7.09589
99462,140.299,1.96502,-0.94711,0.0274266,-0.143331,0.0,10932.3,4,0.88,0.0,0.08291992142834001,198,FAST_BEND,STRAIGHT,152.303,-1.1610000000000014,9,152.303,0,0.0,0.0,0.0,False,0,9.97889,22.9035,37.8985,72.512,172.555,167.214,163.663,159.906,156.611,152.303,142.204,114.567,90.0712,72.3945,52.9426,34.487,21.9043,14.6283,7.07765
99461,141.001,1.64876,-0.964782,0.0257696,-0.145152,0.0,10982.5,4,0.88,0.0,0.10054095160682436,198,FAST_BEND,STRAIGHT,152.499,0.19599999999999795,9,152.499,0,0.0,0.0,0.0,False,0,9.97734,22.8196,37.6202,71.383,172.023,166.782,163.315,159.673,156.517,152.499,145.765,118.703,92.5631,73.9625,53.743,34.7962,22.0089,14.6619,7.0737
99460,141.662,1.20824,-0.974014,0.0218294,-0.147002,0.0,10930.2,4,1.0,0.0,0.11124723523574492,198,FAST_BEND,STRAIGHT,153.697,1.1980000000000075,9,153.697,0,0.0,0.0,0.0,False,0,9.95224,22.5749,36.8986,68.6996,171.874,166.84,163.543,160.127,157.23,153.697,148.791,130.32,99.4224,78.2378,55.9255,35.6641,22.3285,14.7864,7.08497
99459,142.257,0.697969,-0.975525,0.0159769,-0.148675,0.0,10957.8,4,1.0,0.0,0.11441171236825444,215,STRAIGHT,STRAIGHT,155.373,1.6759999999999877,9,155.373,0,0.0,0.0,0.0,False,0,9.90636,22.2023,35.8479,65.0214,128.081,167.251,164.172,161.031,158.428,155.373,151.548,145.675,111.939,85.7401,59.6132,37.0918,22.8531,14.9955,7.11103
99458,142.883,0.151446,-0.986316,0.00875115,-0.149992,0.0,11090.7,4,1.0,0.0,0.11003606107702911,215,STRAIGHT,STRAIGHT,157.146,1.7729999999999961,9,157.146,0,0.0,0.0,0.0,False,0,9.84453,21.7471,34.6133,60.965,113.069,167.849,164.998,162.133,159.802,157.146,154.007,150.013,132.771,97.4027,64.9824,39.0657,23.5608,15.2774,7.15026
99457,143.548,-0.404076,-1.01052,0.000684857,-0.150821,0.0,11164.5,4,1.0,0.0,0.09863375744955372,215,STRAIGHT,STRAIGHT,158.81,1.6640000000000157,9,158.81,0,0.0,0.0,0.0,False,0,9.77173,21.2511,33.3182,56.9762,99.9653,168.495,165.863,163.248,161.152,158.81,156.137,152.971,146.792,115.004,72.3325,41.5758,24.4273,15.6187,7.20059
99456,144.214,-0.930153,-1.03434,-0.00775462,-0.15106,0.0,11228.9,4,0.88,0.0,0.08087968110863404,215,STRAIGHT,STRAIGHT,160.268,1.4579999999999984,9,160.268,0,0.0,0.0,0.0,False,0,9.6922,20.7467,32.0495,53.3053,89.1258,134.456,166.66,164.263,162.362,160.268,157.927,155.256,150.616,140.815,82.1306,44.6149,25.4275,16.0063,7.26001
99455,144.878,-1.39992,-1.05349,-0.0161197,-0.150627,0.0,11289.1,4,0.88,0.0,0.058347460399790343,215,STRAIGHT,STRAIGHT,161.462,1.1939999999999884,9,161.462,0,0.0,0.0,0.0,False,0,9.60974,20.2595,30.8684,50.0808,80.438,115.607,167.315,165.103,163.362,161.462,159.367,157.027,153.162,147.124,94.9592,48.1437,26.5266,16.4244,7.32621
99454,145.474,-1.80176,-1.11091,-0.0239862,-0.149493,0.0,11279.8,4,1.0,0.0,0.03215067197636426,215,STRAIGHT,STRAIGHT,162.36,0.8980000000000246,9,162.36,0,0.0,0.0,0.0,False,0,9.52799,19.8102,29.8167,47.3564,73.6368,102.075,128.6,165.72,164.108,162.36,160.45,158.344,154.96,150.095,111.394,52.0564,27.675,16.853,7.39631
99453,146.046,-2.08272,-1.15511,-0.0308272,-0.14766,0.0,11305.6,4,1.0,0.0,0.003911945299121929,215,STRAIGHT,STRAIGHT,162.916,0.5559999999999832,9,162.916,0,0.0,0.0,0.0,False,0,9.45139,19.4213,28.9373,45.1823,68.5371,92.5636,113.891,166.062,164.55,162.916,161.143,159.203,156.135,151.895,131.21,56.0634,28.7849,17.2614,7.46601
99452,146.667,-2.22641,-1.18152,-0.0361413,-0.145157,0.0,11426.2,4,0.88,0.0,-0.024548298008694784,215,STRAIGHT,STRAIGHT,163.097,0.1810000000000116,9,163.097,0,0.0,0.0,0.0,False,0,9.38403,19.1114,28.2616,43.5825,64.9696,86.221,104.478,128.264,164.649,163.097,161.418,159.592,156.73,152.857,141.15,59.6918,29.7454,17.6141,7.53061
99451,147.347,-2.23659,-1.19714,-0.0396205,-0.142085,0.0,11476.0,4,0.88,0.0,-0.051432130214497065,215,STRAIGHT,STRAIGHT,162.898,-0.19900000000001228,9,162.898,0,0.0,0.0,0.0,False,0,9.32872,18.8897,27.8,42.5388,62.7431,82.4039,98.9737,120.129,164.398,162.898,161.279,159.523,156.786,153.123,142.921,62.425,30.4578,17.8819,7.58609
99450,148.0,-2.06816,-1.20275,-0.0408245,-0.138574,0.0,11414.0,4,1.0,0.0,-0.0748297169383287,215,STRAIGHT,STRAIGHT,162.277,-0.6210000000000093,9,162.277,0,0.0,0.0,0.0,False,0,9.28972,18.7736,27.584,42.0975,61.8723,80.9823,96.9871,117.289,163.756,162.277,160.683,158.956,156.269,152.69,142.959,63.606,30.7987,18.0273,7.62708
99449,148.597,-1.71366,-1.20813,-0.0395063,-0.134776,0.0,11427.4,4,1.0,0.0,-0.09292661141045017,215,STRAIGHT,STRAIGHT,161.209,-1.0679999999999836,9,161.209,0,0.0,0.0,0.0,False,0,9.27,18.7743,27.6345,42.2961,62.4064,81.9888,98.5024,119.6,162.699,161.209,159.604,157.864,155.156,151.541,141.592,62.87,30.6968,18.0274,7.64977
99448,149.231,-1.24598,-1.23579,-0.0359091,-0.13089,0.0,11546.9,4,1.0,0.0,-0.10446164225049397,215,STRAIGHT,STRAIGHT,159.728,-1.4809999999999945,9,159.728,0,0.0,0.0,0.0,False,0,9.26912,18.8847,27.9353,43.1022,64.3005,85.3948,103.541,127.216,161.256,159.728,158.078,156.286,153.488,149.721,138.744,60.5251,30.2018,17.8944,7.65438
99447,149.905,-0.709044,-1.26477,-0.0304397,-0.127131,0.0,11609.4,4,1.0,0.0,-0.10878585411935937,215,STRAIGHT,STRAIGHT,157.874,-1.8540000000000134,9,157.874,0,0.0,0.0,0.0,False,0,9.28572,19.0934,28.4647,44.4859,67.5704,91.3826,112.574,160.95,159.47,157.874,156.148,154.266,151.305,147.254,132.697,57.1718,29.415,17.6551,7.64268
99446,150.574,-0.135933,-1.29069,-0.0235467,-0.123677,0.0,11669.0,4,1.0,0.0,-0.10579492131270651,215,STRAIGHT,STRAIGHT,155.689,-2.1850000000000023,9,155.689,0,0.0,0.0,0.0,False,0,9.31791,19.3883,29.2011,46.4315,72.3209,100.434,126.749,158.94,157.378,155.689,153.853,151.839,148.631,144.108,113.685,53.3982,28.4483,17.3406,7.6173
99445,151.206,0.457813,-1.35842,-0.0156257,-0.120701,0.0,11765.6,4,0.88,0.0,-0.09577974742935803,198,FAST_BEND,STRAIGHT,153.197,-2.4919999999999902,9,153.197,0,0.0,0.0,0.0,False,0,9.36429,19.7595,30.1304,48.9521,78.7978,113.538,158.809,156.677,155.009,153.197,151.214,149.016,145.441,140.099,97.4095,49.6098,27.3921,16.9774,7.58047
99444,151.856,1.06247,-1.41898,-0.00701016,-0.118313,0.0,11830.8,4,0.88,0.0,-0.07853939289207358,198,FAST_BEND,STRAIGHT,150.412,-2.7849999999999966,9,150.412,0,0.0,0.0,0.0,False,0,9.42338,20.199,31.2431,52.0856,87.4277,158.807,156.468,154.181,152.381,150.412,148.232,145.776,141.631,134.454,84.2889,46.0377,26.3125,16.587,7.53436
99443,152.467,1.5983,-1.45651,0.00165212,-0.116605,0.0,11784.1,4,1.0,0.0,-0.056811254116264726,198,FAST_BEND,STRAIGHT,147.424,-2.9879999999999995,9,147.424,0,0.0,0.0,0.0,False,0,9.4904,20.6775,32.4759,55.7237,98.3673,156.515,154.01,151.545,149.588,147.424,144.99,142.171,137.053,117.084,74.2302,42.9149,25.2968,16.2027,7.4835
99442,153.023,1.99302,-1.4775,0.00959134,-0.115657,0.0,11806.0,4,1.0,0.0,-0.03130978814346195,198,FAST_BEND,STRAIGHT,144.402,-3.02200000000002,9,144.402,0,0.0018558620689655583,0.0,0.0,False,0,9.55878,21.1509,33.7191,59.5843,111.222,154.252,151.577,148.922,146.792,144.402,141.649,138.318,131.008,99.7391,66.8934,40.3861,24.42,15.8569,7.43295
99441,153.623,2.25122,-1.48453,0.0163469,-0.115468,0.0,11927.3,4,1.0,0.0,-0.0038281754495578975,198,FAST_BEND,STRAIGHT,141.493,-2.908999999999992,9,141.493,0,0.01088379310344829,0.0,0.0,False,0,9.62366,21.5849,34.8775,63.3617,125.238,152.121,149.284,146.442,144.132,141.493,138.354,134.263,115.37,88.5355,61.6731,38.4363,23.7063,15.5645,7.38576
99440,154.283,2.38258,-1.48615,0.0216028,-0.11599,0.0,11977.9,4,1.0,0.0,0.02385292064767118,198,FAST_BEND,STRAIGHT,138.865,-2.627999999999986,9,138.865,0,0.019039655172413766,0.0,0.0,False,0,9.68086,21.949,35.8581,66.6921,154.866,150.213,147.238,144.229,141.752,138.865,135.287,129.954,103.492,81.3634,58.1021,37.0186,23.1626,15.3334,7.34415
99439,154.961,2.34453,-1.49015,0.0248866,-0.117112,0.0,12012.8,4,1.0,0.0,0.04980749202040504,198,FAST_BEND,STRAIGHT,136.808,-2.0570000000000164,9,136.808,0,0.02542344827586209,0.0,0.0,False,0,9.724,22.1988,36.5254,69.0051,153.43,148.659,145.595,142.475,139.88,136.808,132.851,125.134,97.1449,77.3714,56.0218,36.1518,22.8149,15.1788,7.31187
99438,155.645,2.12784,-1.49169,0.0258619,-0.118695,0.0,12045.5,4,1.0,0.0,0.07212141819995166,198,FAST_BEND,STRAIGHT,135.597,-1.2109999999999843,9,135.597,0,0.029181724137931013,0.0,0.0,False,0,9.74777,22.2989,36.7693,69.8004,152.357,147.562,144.48,141.335,138.714,135.597,131.533,122.116,95.2695,76.1505,55.3531,35.8509,22.6813,15.112,7.292
99437,156.328,1.74841,-1.49249,0.0244213,-0.120573,0.0,12082.3,4,1.0,0.0,0.0891119939677486,198,FAST_BEND,STRAIGHT,135.319,-0.27800000000002,9,135.319,0,0.030044482758620723,0.0,0.0,False,0,9.74936,22.2349,36.5475,68.8904,151.673,146.951,143.927,140.857,138.313,135.319,131.514,125.002,97.5957,77.5942,56.0769,36.1235,22.7698,15.1382,7.28643
99436,156.996,1.24645,-1.51111,0.0207257,-0.122518,0.0,12136.6,4,1.0,0.0,0.09954442579027681,198,FAST_BEND,STRAIGHT,135.803,0.48400000000000887,9,135.803,0,0.02854241379310346,0.0,0.0,False,0,9.72859,22.0171,35.9023,66.5042,151.337,146.772,143.871,140.95,138.562,135.803,132.443,127.749,104.514,81.8616,58.2301,36.9692,23.0776,15.2564,7.29604
99435,157.662,0.663682,-1.53079,0.015126,-0.124324,0.0,12188.9,4,1.0,0.0,0.10273740168358,198,FAST_BEND,STRAIGHT,136.755,0.9519999999999982,9,136.755,0,0.025587931034482772,0.0,0.0,False,0,9.68785,21.6751,34.9362,63.139,151.267,146.916,144.174,141.445,139.245,136.755,133.841,130.187,117.326,89.4682,61.9311,38.3877,23.5943,15.4607,7.32047
99434,158.319,0.0425335,-1.54771,0.00807756,-0.125785,0.0,12243.4,4,1.0,0.0,0.09856521152551839,198,FAST_BEND,STRAIGHT,137.91,1.1550000000000011,9,137.91,0,0.02200344827586208,0.0,0.0,False,0,9.63071,21.2466,33.7729,59.3309,109.483,147.253,144.687,142.159,140.147,137.91,135.369,132.373,126.536,101.48,67.4098,40.3848,24.3056,15.7424,7.35876
99433,158.966,-0.578599,-1.56063,0.00011766,-0.126729,0.0,12299.6,4,1.0,0.0,0.08743927531502274,198,FAST_BEND,STRAIGHT,139.069,1.1589999999999918,9,139.069,0,0.01840655172413797,0.0,0.0,False,0,9.56174,20.772,32.5336,55.5255,97.0773,147.662,145.267,142.929,141.088,139.069,136.823,134.269,129.839,119.794,74.9869,42.9526,25.1873,16.0883,7.40908
99432,159.606,-1.15782,-1.56965,-0.0081991,-0.127038,0.0,12355.7,4,1.0,0.0,0.07170020575831865,198,FAST_BEND,STRAIGHT,140.098,1.0290000000000248,9,140.098,0,0.01521310344827582,0.0,0.0,False,0,9.48578,20.2881,31.3175,52.0159,86.7696,148.037,145.8,143.631,141.937,140.098,138.081,135.839,132.15,126.384,85.0632,46.0555,26.2039,16.4811,7.46882
99431,160.243,-1.65844,-1.56632,-0.0163411,-0.126593,0.0,12409.4,4,1.0,0.0,0.049371696557600375,198,FAST_BEND,STRAIGHT,140.913,0.8149999999999977,9,140.913,0,0.012683793103448242,0.0,0.0,False,0,9.407,19.8242,30.1945,48.9569,78.5559,112.775,146.204,144.179,142.607,140.913,139.074,137.057,133.835,129.236,98.05,49.6092,27.3081,16.9006,7.53524
99430,160.882,-2.04724,-1.56091,-0.0238447,-0.12537,0.0,12459.6,4,1.0,0.0,0.023690860723387202,198,FAST_BEND,STRAIGHT,141.467,0.554000000000002,9,141.467,0,0.01096448275862065,0.0,0.0,False,0,9.3293,19.4019,29.2084,46.4072,72.2,100.142,146.426,144.52,143.047,141.467,139.764,137.913,135.009,131.039,114.201,53.4561,28.4385,17.3233,7.60497
99429,161.525,-2.30611,-1.55685,-0.0301837,-0.12342,0.0,12505.1,4,1.0,0.0,-0.0036418247483358916,198,FAST_BEND,STRAIGHT,141.711,0.24399999999999977,9,141.711,0,0.010207241379310306,0.0,0.0,False,0,9.25737,19.0434,28.4007,44.4133,67.5197,91.3969,112.683,144.602,143.205,141.711,140.108,138.378,135.691,132.106,121.851,57.2556,29.4984,17.7156,7.67309
99428,162.181,-2.39246,-1.54856,-0.0348398,-0.120759,0.0,12540.6,4,1.0,0.0,-0.030726309077993487,198,FAST_BEND,STRAIGHT,141.603,-0.10800000000000409,9,141.603,0,0.010542413793103422,0.0,0.0,False,0,9.19524,18.7677,27.8038,43.0045,64.3732,85.7806,104.312,144.381,143.037,141.603,140.069,138.419,135.875,132.526,123.697,60.4828,30.3686,18.0397,7.73472
99427,162.844,-2.28896,-1.53711,-0.0373491,-0.117502,0.0,12574.3,4,1.0,0.0,-0.05554679942035974,198,FAST_BEND,STRAIGHT,141.105,-0.49800000000001887,9,141.105,0,0.01208793103448279,0.0,0.0,False,0,9.14714,18.5916,27.4468,42.2106,62.6887,82.8865,100.12,143.819,142.505,141.105,139.61,138.005,135.54,132.316,124.088,62.4982,30.921,18.2564,7.78434
99426,163.509,-1.99886,-1.52952,-0.0374562,-0.113811,0.0,12611.5,4,0.65,0.0,-0.07619326822685954,198,FAST_BEND,STRAIGHT,140.202,-0.9029999999999916,9,140.202,0,0.014890344827586215,0.0,0.0,False,0,9.11602,18.5251,27.3445,42.0432,62.4194,82.5039,99.6306,142.9,141.593,140.202,138.717,137.125,134.68,131.488,123.4,62.8388,31.0695,18.3392,7.81781
99425,164.172,-1.55322,-1.52858,-0.0351577,-0.109901,0.0,12654.4,4,0.65,0.0,-0.09108515171160543,198,FAST_BEND,STRAIGHT,138.9,-1.3019999999999925,9,138.9,0,0.018931034482758603,0.0,0.0,False,0,9.10346,18.5704,27.4994,42.5026,63.5572,84.6075,102.796,141.628,140.307,138.9,137.398,135.785,133.307,130.062,121.712,61.4529,30.7991,18.2815,7.83291
99424,164.646,-0.991403,-1.53432,-0.0307087,-0.105992,0.0,12474.7,4,0.65,0.0,-0.0991635761771841,198,FAST_BEND,STRAIGHT,137.228,-1.671999999999997,9,137.228,0,0.024119999999999975,0.0,0.0,False,0,9.10926,18.7221,27.9001,43.5753,66.1263,89.3448,109.971,140.029,138.673,137.228,135.681,134.018,131.452,128.065,118.951,58.7282,30.1723,18.0983,7.83001
99423,164.958,-0.394549,-1.55028,-0.0246208,-0.102325,0.0,12496.3,4,0.65,0.0,-0.10004621474529782,198,FAST_BEND,STRAIGHT,135.244,-1.9840000000000089,9,135.244,0,0.030277241379310343,0.0,0.0,False,0,9.1315,18.9649,28.5171,45.2183,70.142,96.9772,139.99,138.158,136.749,135.244,133.63,131.887,129.179,125.551,114.651,55.2996,29.3089,17.8232,7.81171
99422,165.258,0.192175,-1.56939,-0.017431,-0.0991131,0.0,12526.2,5,0.65,0.0,-0.09393168051691735,198,FAST_BEND,STRAIGHT,133.01,-2.234000000000009,9,133.01,0,0.03721034482758624,0.0,0.0,False,0,9.16788,19.2827,29.3189,47.3923,75.6848,108.063,137.987,136.071,134.593,133.01,131.304,129.453,126.544,122.546,103.237,51.7005,28.3252,17.4908,7.78109
99421,165.553,0.741356,-1.58365,-0.00962603,-0.0965169,0.0,12554.6,5,0.65,0.0,-0.0814486862257996,198,FAST_BEND,STRAIGHT,130.582,-2.4279999999999973,9,130.582,0,0.04474551724137933,0.0,0.0,False,0,9.21597,19.6594,30.2741,50.0625,82.9065,137.94,135.84,133.823,132.262,130.582,128.762,126.768,123.583,119.012,90.1217,48.2675,27.3112,17.1303,7.74118
99420,165.597,1.2143,-1.59986,-0.00166798,-0.0946454,0.0,11269.4,5,0.65,0.0,-0.0635572733284636,198,FAST_BEND,STRAIGHT,128.025,-2.556999999999988,9,128.025,0,0.052681034482758606,0.0,0.0,False,0,9.27292,20.0763,31.3438,53.1705,91.9609,135.814,133.605,131.475,129.818,128.025,126.065,123.892,120.329,114.773,79.7757,45.1873,26.3338,16.7663,7.69503
99419,165.399,1.62975,-1.61701,0.0062288,-0.0935895,0.0,11265.4,5,0.65,0.0,-0.041248795605011664,198,FAST_BEND,STRAIGHT,125.363,-2.662000000000006,9,125.363,0,0.060942413793103445,0.0,0.0,False,0,9.33776,20.5258,32.5126,56.7192,103.264,133.639,131.312,129.055,127.289,125.363,123.232,120.826,116.709,108.518,71.5882,42.4716,25.4133,16.408,7.64368
99418,165.196,1.96333,-1.62247,0.0135882,-0.0933674,0.0,11012.3,5,0.65,0.0,-0.01579897408605525,198,FAST_BEND,STRAIGHT,122.692,-2.6710000000000065,9,122.692,0,0.07200132413793106,0.0,0.0,False,0,9.40621,20.9799,33.7109,60.5344,135.468,131.492,129.043,126.654,124.769,122.692,120.36,117.656,112.66,95.1177,65.3,40.1922,24.5941,16.0757,7.59059
99417,165.203,2.16017,-1.61687,0.0195721,-0.0939385,0.0,11226.8,5,0.65,0.0,0.010927664644970674,198,FAST_BEND,STRAIGHT,120.241,-2.4509999999999934,9,120.241,0,0.08254907586206897,0.0,0.0,False,0,9.46952,21.3798,34.7781,64.0848,133.65,129.523,126.968,124.46,122.464,120.241,117.7,114.653,108.129,86.0685,60.9006,38.4818,23.9472,15.8029,7.54203
99416,165.457,2.16628,-1.60643,0.0235178,-0.0952078,0.0,11253.3,5,0.65,0.0,0.036751846767233004,198,FAST_BEND,STRAIGHT,118.254,-1.9869999999999948,9,118.254,0,0.09110002758620687,0.0,0.0,False,0,9.51964,21.6699,35.5486,66.7164,132.102,127.876,125.25,122.659,120.585,118.254,115.549,112.199,102.115,80.9047,58.2512,37.3943,23.5158,15.6128,7.50305
99415,165.731,1.98275,-1.60926,0.0251207,-0.0970127,0.0,11263.1,5,0.65,0.0,0.05958153736217395,198,FAST_BEND,STRAIGHT,116.901,-1.3530000000000086,9,116.901,0,0.09692259310344828,0.0,0.0,False,0,9.55139,21.8155,35.9133,67.9264,130.887,126.631,123.983,121.367,119.268,116.901,114.137,110.665,98.9324,78.8638,57.1563,36.9165,23.3114,15.5146,7.47666
99414,166.007,1.62611,-1.62436,0.0242603,-0.0991599,0.0,11274.0,5,0.65,0.0,0.07757398110224357,198,FAST_BEND,STRAIGHT,116.251,-0.6499999999999915,9,116.251,0,0.0997198344827586,0.0,0.0,False,0,9.56144,21.7989,35.8183,67.4632,130.033,125.82,123.205,120.628,118.567,116.251,113.564,110.238,100.27,79.6716,57.5404,37.0435,23.34,15.5135,7.46499
99413,166.281,1.15116,-1.64311,0.0211576,-0.101419,0.0,11288.6,5,0.65,0.0,0.08942155934248158,198,FAST_BEND,STRAIGHT,116.199,-0.05200000000000671,9,116.199,0,0.09994361379310347,0.0,0.0,False,0,9.55003,21.6324,35.3073,65.5322,129.498,125.392,122.857,120.372,118.397,116.199,113.689,110.68,104.215,83.2719,59.3479,37.7448,23.589,15.6049,7.46838
99412,166.541,0.615062,-1.68439,0.0162311,-0.103537,0.0,11314.1,5,0.65,0.0,0.09444667671736634,198,FAST_BEND,STRAIGHT,116.552,0.35300000000000864,9,116.552,0,0.09842449655172411,0.0,0.0,False,0,9.51958,21.3464,34.484,62.6156,129.205,125.25,122.823,120.461,118.6,116.552,114.254,111.588,106.646,89.9033,62.589,38.9872,24.0382,15.7795,7.48622
99411,166.798,0.0537914,-1.74402,0.00995427,-0.105322,0.0,11335.9,5,0.65,0.0,0.09254503371351312,198,FAST_BEND,STRAIGHT,117.118,0.5659999999999883,9,117.118,0,0.09598874482758624,0.0,0.0,False,0,9.47374,20.9778,33.4667,59.2224,129.068,125.284,122.98,120.752,119.013,117.118,115.024,112.662,108.611,100.157,67.3679,40.7465,24.6651,16.0258,7.51714
99410,167.052,-0.486294,-1.78745,0.00284106,-0.106596,0.0,11354.8,5,0.65,0.0,0.08412257514991921,198,FAST_BEND,STRAIGHT,117.739,0.6210000000000093,9,117.739,0,0.09331630344827585,0.0,0.0,False,0,9.41657,20.5636,32.3674,55.7718,99.2805,125.395,123.213,121.117,119.493,117.739,115.826,113.709,110.243,104.826,73.8448,42.9904,25.4422,16.3301,7.55933
99409,167.301,-0.969931,-1.81363,-0.00462735,-0.107216,0.0,11373.0,5,0.65,0.0,0.06898051162293374,198,FAST_BEND,STRAIGHT,118.306,0.5669999999999931,9,118.306,0,0.09087624827586208,0.0,0.0,False,0,9.35187,20.1349,31.272,52.5324,89.3255,125.502,123.433,121.458,119.937,118.306,116.545,114.622,111.565,107.203,82.2341,45.6763,26.338,16.6777,7.61082
99408,167.548,-1.3747,-1.82474,-0.0119543,-0.107101,0.0,11390.2,5,0.65,0.0,0.05041447490124058,198,FAST_BEND,STRAIGHT,118.737,0.4309999999999974,9,118.737,0,0.08902146206896555,0.0,0.0,False,0,9.28374,19.7199,30.2501,49.6734,81.3283,125.534,123.567,121.698,120.265,118.737,117.099,115.329,112.565,108.802,92.6459,48.7055,27.3052,17.0486,7.66872
99407,167.797,-1.68017,-1.85225,-0.0185843,-0.106204,0.0,11406.1,5,0.65,0.0,0.028686501380532685,198,FAST_BEND,STRAIGHT,118.958,0.22100000000000364,9,118.958,0,0.08807040000000001,0.0,0.0,False,0,9.21677,19.3458,29.3614,47.3097,75.1817,125.427,123.546,121.764,120.404,118.958,117.417,115.763,113.211,109.83,100.159,51.8626,28.27,17.4149,7.72908
99406,168.05,-1.83921,-1.89162,-0.0239627,-0.104577,0.0,11420.9,5,0.65,0.0,0.005547384444488455,198,FAST_BEND,STRAIGHT,118.909,-0.04899999999999238,9,118.909,0,0.08828126896551722,0.0,0.0,False,0,9.1559,19.0373,28.6545,45.5132,70.7771,125.128,123.313,121.598,120.292,118.909,117.439,115.87,113.467,110.335,102.219,54.7924,29.1328,17.7417,7.78672
99405,168.308,-1.84565,-1.9248,-0.0278314,-0.102276,0.0,11435.0,5,0.65,0.0,-0.01731295584050626,198,FAST_BEND,STRAIGHT,118.582,-0.3270000000000124,9,118.582,0,0.08968849655172416,0.0,0.0,False,0,9.10332,18.8019,28.1371,44.2555,67.8397,92.6233,122.854,121.188,119.921,118.582,117.162,115.651,113.35,110.379,103.019,57.1788,29.8228,18.0067,7.83861
99404,168.557,-1.73488,-1.98945,-0.0300256,-0.0994254,0.0,11462.9,5,0.65,0.0,-0.03834188344413121,198,FAST_BEND,STRAIGHT,117.976,-0.6059999999999945,9,117.976,0,0.09229638620689656,0.0,0.0,False,0,9.061,18.6445,27.8121,43.5095,66.1819,89.6365,122.165,120.529,119.287,117.976,116.588,115.113,112.874,110.0,103.036,58.7222,30.2794,18.1912,7.8818
99403,168.823,-1.52994,-2.06758,-0.0304913,-0.0961993,0.0,11477.2,5,0.65,0.0,-0.05620470796593079,198,FAST_BEND,STRAIGHT,117.098,-0.8780000000000001,9,117.098,0,0.09607481379310345,0.0,0.0,False,0,9.03045,18.5669,27.6777,43.2505,65.6824,88.813,121.249,119.627,118.396,117.098,115.725,114.267,112.058,109.229,102.434,59.2311,30.4661,18.2838,7.91395
99402,169.095,-1.20438,-2.11239,-0.0290576,-0.0927662,0.0,11487.0,5,0.65,0.0,-0.06963187779931206,198,FAST_BEND,STRAIGHT,115.93,-1.1679999999999922,9,115.93,0,0.10110124137931033,0.0,0.0,False,0,9.01434,18.5791,27.7537,43.5206,66.423,90.2779,120.09,118.464,117.231,115.93,114.555,113.095,110.882,108.047,101.218,58.5432,30.3414,18.2689,7.93193
99401,169.362,-0.787623,-2.13578,-0.0258225,-0.0893398,0.0,11500.1,5,0.65,0.0,-0.07766685258553754,198,FAST_BEND,STRAIGHT,114.484,-1.4460000000000122,9,114.484,0,0.10732402758620692,0.0,0.0,False,0,9.01363,18.6812,28.0399,44.3254,68.4474,120.446,118.696,117.05,115.802,114.484,113.091,111.609,109.36,106.469,99.3984,56.797,29.9252,18.1499,7.93472
99400,169.623,-0.321758,-2.14179,-0.0210838,-0.0861032,0.0,11515.2,5,0.65,0.0,-0.07980594181380551,198,FAST_BEND,STRAIGHT,112.795,-1.688999999999993,9,112.795,0,0.11459255172413792,0.0,0.0,False,0,9.02758,18.8653,28.5207,45.645,71.7912,118.883,117.097,115.418,114.142,112.795,111.368,109.848,107.533,104.535,96.9706,54.3354,29.2847,17.9452,7.92348
99399,169.878,0.163049,-2.17745,-0.0153445,-0.0832435,0.0,11532.2,5,0.65,0.0,-0.07611645724587487,198,FAST_BEND,STRAIGHT,110.927,-1.867999999999995,9,110.927,0,0.12263139310344824,0.0,0.0,False,0,9.05377,19.1139,29.1592,47.4121,76.415,117.181,115.35,113.626,112.314,110.927,109.454,107.881,105.472,102.319,93.8888,51.5875,28.5181,17.6854,7.9011
99398,170.129,0.602589,-2.2263,-0.00921869,-0.0808743,0.0,11550.6,5,0.65,0.0,-0.06835226827948816,198,FAST_BEND,STRAIGHT,108.967,-1.960000000000008,9,108.967,0,0.13106615172413794,0.0,0.0,False,0,9.08813,19.4012,29.8969,49.5004,82.1441,115.411,113.529,111.753,110.401,108.967,107.44,105.803,103.279,99.9262,89.8664,48.9268,27.7283,17.4056,7.87194
99397,170.375,0.969215,-2.27062,-0.0030961,-0.0791042,0.0,11569.6,5,0.65,0.0,-0.05604885998918029,198,FAST_BEND,STRAIGHT,106.973,-1.9939999999999998,9,106.973,0,0.1396472275862069,0.0,0.0,False,0,9.12828,19.71,30.6943,51.8211,116.878,113.619,111.683,109.854,108.457,106.973,105.387,103.678,101.021,97.4206,82.8795,46.5116,26.9685,17.1256,7.83837
99396,170.599,1.28725,-2.38187,0.00282753,-0.0779775,0.0,11610.6,5,0.65,0.0,-0.0402724575385352,198,FAST_BEND,STRAIGHT,104.977,-1.9959999999999951,9,104.977,0,0.14823691034482758,0.0,0.0,False,0,9.17292,20.031,31.5282,54.3233,115.175,111.831,109.841,107.957,106.515,104.977,103.328,101.542,98.7337,94.8269,76.2245,44.3723,26.2589,16.8539,7.80159
99395,170.848,1.56277,-2.48988,0.00846213,-0.0774901,0.0,11625.5,5,0.65,0.0,-0.021865883929851188,198,FAST_BEND,STRAIGHT,102.998,-1.9789999999999992,9,102.998,0,0.1567534344827586,0.0,0.0,False,0,9.22117,20.3585,32.3851,56.9769,113.487,110.06,108.017,106.078,104.59,102.998,101.283,99.4125,96.4338,92.1376,70.785,42.4911,25.6038,16.594,7.76235
99394,171.105,1.72134,-2.55002,0.0132326,-0.077638,0.0,11633.3,5,0.65,0.0,-0.0021203570187361444,198,FAST_BEND,STRAIGHT,101.15,-1.847999999999999,9,101.15,0,0.1647062068965517,0.0,0.0,False,0,9.2675,20.6557,33.1665,59.4695,111.888,108.392,106.305,104.319,102.79,101.15,99.3753,97.4268,94.2806,89.5384,66.7167,40.9962,25.06,16.3708,7.72496
99393,171.363,1.73738,-2.58054,0.0166929,-0.0783948,0.0,11642.7,5,0.65,0.0,0.01746987582381321,198,FAST_BEND,STRAIGHT,99.5359,-1.6141000000000076,9,99.5359,0,0.1716524027586207,0.0,0.0,False,0,9.30714,20.8897,33.7781,61.456,110.441,106.899,104.782,102.764,101.208,99.5359,97.7187,95.7139,92.439,87.2861,64.0017,39.9482,24.6627,16.2014,7.69274
99392,171.625,1.61417,-2.58667,0.0185406,-0.0796343,0.0,11652.1,5,0.65,0.0,0.03538020874541116,198,FAST_BEND,STRAIGHT,98.2325,-1.3033999999999963,9,98.2325,0,0.17726151724137929,0.0,0.0,False,0,9.33569,21.033,34.1402,62.6196,109.19,105.634,103.507,101.48,99.9153,98.2325,96.4014,94.3769,91.0526,85.7021,62.5823,39.374,24.4334,16.0977,7.6687
99391,171.889,1.36605,-2.64764,0.0186242,-0.0812284,0.0,11663.7,5,0.65,0.0,0.050208080544965464,198,FAST_BEND,STRAIGHT,97.2782,-0.9543000000000035,9,97.2782,0,0.18136829793103448,0.0,0.0,False,0,9.35028,21.0695,34.2054,62.7624,108.159,104.621,102.508,100.496,98.9453,97.2782,95.4665,93.467,90.1953,85.0029,62.4151,39.2826,24.3823,16.0662,7.65481
99390,172.151,1.02111,-2.70881,0.0170325,-0.0830038,0.0,11678.4,5,0.65,0.0,0.06088336520033345,198,FAST_BEND,STRAIGHT,96.6476,-0.6306000000000012,9,96.6476,0,0.18408205241379313,0.0,0.0,False,0,9.3502,21.0008,33.9816,61.9172,107.335,103.847,101.769,99.794,98.2754,96.6476,94.8848,92.9492,89.8166,85.044,63.4332,39.6521,24.5032,16.1053,7.65176
99389,172.409,0.625008,-2.76022,0.0140162,-0.0847637,0.0,11695.8,5,0.65,0.0,0.06676534464006492,198,FAST_BEND,STRAIGHT,96.2724,-0.37519999999999243,9,96.2724,0,0.18569670620689654,0.0,0.0,False,0,9.3363,20.8419,33.518,60.2947,106.679,103.265,101.237,99.3169,97.8447,96.2724,94.5782,92.7309,89.7849,85.5014,65.5839,40.4469,24.7807,16.209,7.65944
99388,172.633,0.193666,-2.93104,0.00978589,-0.086341,0.0,11744.8,5,0.65,0.0,0.06752746435310095,198,FAST_BEND,STRAIGHT,96.0896,-0.1828000000000003,9,96.0896,0,0.18648337655172412,0.0,0.0,False,0,9.30945,20.6072,32.8647,58.1186,106.159,102.836,100.87,99.0141,97.5969,96.0896,94.4748,92.7273,89.9825,86.1543,68.9424,41.6637,25.2074,16.3736,7.67789
99387,172.891,-0.259206,-3.05289,0.00457978,-0.087579,0.0,11755.9,5,0.65,0.0,0.06312807785621599,198,FAST_BEND,STRAIGHT,96.0354,-0.054200000000008686,9,96.0354,0,0.1867166234482759,0.0,0.0,False,0,9.27097,20.3137,32.0773,55.62,105.738,102.516,100.617,98.8319,97.4739,96.0354,94.5029,92.8569,90.3064,86.8661,73.6572,43.3064,25.7759,16.5948,7.70693
99386,173.146,-0.683082,-3.11906,-0.00115097,-0.0883659,0.0,11765.5,5,0.65,0.0,0.05396827170321218,198,FAST_BEND,STRAIGHT,96.0187,-0.01670000000000016,9,96.0187,0,0.1867884910344828,0.0,0.0,False,0,9.22448,19.991,31.2394,53.086,105.357,102.237,100.407,98.6908,97.3906,96.0187,94.564,93.0122,90.6346,87.5073,78.5597,45.3073,26.4516,16.8572,7.74439
99385,173.395,-1.04205,-3.14931,-0.00691468,-0.0885859,0.0,11777.3,5,0.65,0.0,0.04085149068301414,198,FAST_BEND,STRAIGHT,95.9578,-0.06089999999998952,9,95.9578,0,0.18705057103448275,0.0,0.0,False,0,9.17374,19.6674,30.4258,50.7383,104.958,101.936,100.168,98.517,97.2695,95.9578,94.5727,93.1028,90.8712,87.9887,80.6353,47.5506,27.187,17.1414,7.78764
99384,173.643,-1.30862,-3.17276,-0.0122374,-0.0881878,0.0,11788.9,5,0.65,0.0,0.0248962740684439,198,FAST_BEND,STRAIGHT,95.7875,-0.17030000000001166,9,95.7875,0,0.1877834482758621,0.0,0.0,False,0,9.12263,19.3677,29.696,48.7226,104.492,101.557,99.8447,98.2497,97.0478,95.7875,94.4611,93.0593,90.9458,88.251,81.7638,49.8647,27.9231,17.4246,7.83343
99383,173.894,-1.45363,-3.2508,-0.0165104,-0.0872002,0.0,11801.5,5,0.65,0.0,0.0076138202128864865,198,FAST_BEND,STRAIGHT,95.4318,-0.3556999999999988,9,95.4318,0,0.18931418482758622,0.0,0.0,False,0,9.07658,19.1221,29.1172,47.1877,103.902,101.035,99.3678,97.8177,96.6519,95.4318,94.1513,92.802,90.7776,88.2194,82.261,51.9294,28.5645,17.672,7.87647
99382,174.146,-1.45271,-3.32263,-0.0194976,-0.0856655,0.0,11815.6,5,0.65,0.0,-0.009525144556215743,198,FAST_BEND,STRAIGHT,94.8749,-0.5568999999999988,9,94.8749,0,0.1917107751724138,0.0,0.0,False,0,9.03769,18.9393,28.7033,46.134,73.1931,100.355,98.7206,97.2038,96.065,94.8749,93.6282,92.3174,90.3573,87.8956,82.274,53.5245,29.0569,17.8655,7.91419
99381,174.386,-1.34711,-3.42307,-0.0211758,-0.083674,0.0,11848.0,5,0.65,0.0,-0.0252886301089201,198,FAST_BEND,STRAIGHT,94.1274,-0.7475000000000023,9,94.1274,0,0.19492760275862073,0.0,0.0,False,0,9.00659,18.8184,28.4458,45.5139,71.5675,99.5207,97.9097,96.4163,95.2964,94.1274,92.9043,91.6205,89.7049,87.3087,81.9021,54.5293,29.3767,17.9981,7.9453
99380,174.62,-1.21773,-3.63088,-0.0217111,-0.0813939,0.0,11883.7,5,0.65,0.0,-0.03882186294728468,198,FAST_BEND,STRAIGHT,93.2204,-0.9069999999999965,9,93.2204,0,0.1988308303448276,0.0,0.0,False,0,8.98303,18.7515,28.3214,45.2503,71.0929,98.5565,96.9606,95.4827,94.3754,93.2204,92.0131,90.7473,88.8614,86.5084,81.2369,54.9553,29.5328,18.073,7.96952
99379,174.889,-0.989937,-3.75435,-0.0209266,-0.0789415,0.0,11886.2,5,0.65,0.0,-0.049247247999267406,198,FAST_BEND,STRAIGHT,92.135,-1.0853999999999928,9,92.135,0,0.20350179310344824,0.0,0.0,False,0,8.9694,18.7489,28.3517,45.3935,100.194,97.4453,95.8557,94.3848,93.2833,92.135,90.9353,89.6782,87.8067,85.4743,80.2634,54.6765,29.4899,18.077,7.98426
99378,175.153,-0.676443,-3.81976,-0.0187507,-0.0764591,0.0,11892.9,5,0.65,0.0,-0.05577006355697047,198,FAST_BEND,STRAIGHT,90.8635,-1.2715000000000032,9,90.8635,0,0.20897362758620688,0.0,0.0,False,0,8.9675,18.8171,28.5514,45.9836,98.9344,96.1796,94.5876,93.1151,92.0126,90.8635,89.6632,88.4053,86.5329,84.1987,78.9756,53.6744,29.236,18.0038,7.98767
99377,175.411,-0.307106,-3.84422,-0.0153655,-0.0740933,0.0,11902.8,5,0.65,0.0,-0.05791049327255632,198,FAST_BEND,STRAIGHT,89.4292,-1.4343000000000075,9,89.4292,0,0.21514606344827591,0.0,0.0,False,0,8.97711,18.9514,28.9102,47.0044,97.5515,94.7783,93.1765,91.6948,90.5854,89.4292,88.221,86.9544,85.0676,82.7116,77.4101,52.1126,28.8059,17.863,7.98013
99376,175.665,0.079394,-3.87969,-0.0111314,-0.0719903,0.0,11914.9,5,0.65,0.0,-0.0556206274787189,198,FAST_BEND,STRAIGHT,87.8773,-1.5518999999999892,9,87.8773,0,0.22182458482758619,0.0,0.0,False,0,8.99655,19.1385,29.3982,48.3932,96.0787,93.2787,91.6617,90.1657,89.0454,87.8773,86.656,85.3745,83.4634,81.0702,75.634,50.2471,28.2627,17.6751,7.96356
99375,175.914,0.430983,-3.92446,-0.00655335,-0.0702539,0.0,11929.7,5,0.65,0.0,-0.04934911085797448,198,FAST_BEND,STRAIGHT,86.2734,-1.60390000000001,9,86.2734,0,0.2287268855172414,0.0,0.0,False,0,9.02247,19.3561,29.9627,50.0231,94.565,91.735,90.1008,88.5884,87.4554,86.2734,85.0365,83.7376,81.797,79.3585,73.7495,48.3561,27.6851,17.4674,7.94137
99374,176.158,0.718092,-3.95637,-0.00194848,-0.068972,0.0,11946.2,5,0.65,0.0,-0.04046627090353907,198,FAST_BEND,STRAIGHT,84.6596,-1.6137999999999977,9,84.6596,0,0.2356717903448276,0.0,0.0,False,0,9.05291,19.5896,30.5687,51.8067,93.042,90.1822,88.5307,87.0016,85.8558,84.6596,83.4067,82.0898,80.1179,77.6309,71.8232,46.5766,27.1166,17.2559,7.91547
99373,176.378,0.968404,-4.06061,0.00249112,-0.068185,0.0,11987.5,5,0.65,0.0,-0.02819080118247133,198,FAST_BEND,STRAIGHT,83.0626,-1.5969999999999942,9,83.0626,0,0.2425443972413793,0.0,0.0,False,0,9.08651,19.8294,31.1918,53.6792,91.5295,88.6423,86.9746,85.4303,84.2723,83.0626,81.7947,80.4604,78.4581,75.9228,69.9001,44.964,26.5793,17.0494,7.88709
99372,176.623,1.18361,-4.17218,0.00668371,-0.067905,0.0,12002.8,5,0.65,0.0,-0.01405174850330697,198,FAST_BEND,STRAIGHT,81.495,-1.5675999999999988,9,81.495,0,0.24929048275862067,0.0,0.0,False,0,9.12265,20.0708,31.8193,55.6042,90.0368,87.1253,85.4434,83.8856,82.7167,81.495,80.2136,78.8633,76.833,74.2514,68.0035,43.5218,26.0793,16.8512,7.85675
99371,176.875,1.3029,-4.23547,0.0101784,-0.0680875,0.0,12010.8,5,0.65,0.0,0.0009530671346195622,198,FAST_BEND,STRAIGHT,80.0236,-1.4714000000000027,9,80.0236,0,0.25562257655172416,0.0,0.0,False,0,9.1567,20.2848,32.3753,57.3415,88.6131,85.6856,83.9947,82.4284,81.2527,80.0236,78.7336,77.373,75.3244,72.7107,66.2838,42.3708,25.6658,16.6823,7.82827
99370,177.127,1.30775,-4.26905,0.012618,-0.0687364,0.0,12021.1,5,0.65,0.0,0.015657666898621282,198,FAST_BEND,STRAIGHT,78.7016,-1.3220000000000027,9,78.7016,0,0.2613117351724138,0.0,0.0,False,0,9.18515,20.447,32.7912,58.6487,87.2974,84.3664,82.6743,81.1073,79.9312,78.7016,77.4111,76.0496,73.9986,71.3785,64.8868,41.5794,25.3708,16.5571,7.80418
99369,177.379,1.20084,-4.28601,0.0137841,-0.0697357,0.0,12031.7,5,0.65,0.0,0.028888846715436185,198,FAST_BEND,STRAIGHT,77.5621,-1.1394999999999982,9,77.5621,0,0.2662155144827586,0.0,0.0,False,0,9.20476,20.5386,33.0149,59.3326,86.1147,83.1948,81.511,79.9525,78.7836,77.5621,76.2808,74.9298,72.8967,70.3027,63.9079,41.1808,25.2133,16.4858,7.78696
99368,177.632,0.99495,-4.30893,0.0135732,-0.0709939,0.0,12043.8,5,0.65,0.0,0.03958032509093615,198,FAST_BEND,STRAIGHT,76.6168,-0.9453000000000031,9,76.6168,0,0.2702835641379311,0.0,0.0,False,0,9.21359,20.5496,33.0186,59.3642,85.075,82.1816,80.5155,78.9753,77.8213,76.6168,75.3549,74.0262,72.0312,69.4967,63.3553,41.1885,25.2026,16.4731,7.77802
99367,177.882,0.713652,-4.32085,0.0120684,-0.072345,0.0,12058.0,5,0.65,0.0,0.04693244802765425,198,FAST_BEND,STRAIGHT,75.8477,-0.7690999999999946,9,75.8477,0,0.27359334620689657,0.0,0.0,False,0,9.21098,20.4819,32.8115,58.7291,84.1675,81.3137,79.6737,78.1602,77.0279,75.8477,74.6135,73.317,71.3766,68.9271,63.1364,41.5869,25.3341,16.5183,7.77811
99366,178.125,0.391992,-4.33725,0.00944877,-0.0736511,0.0,12079.1,5,0.65,0.0,0.050458730688703546,198,FAST_BEND,STRAIGHT,75.221,-0.6266999999999996,9,75.221,0,0.2762903172413793,0.0,0.0,False,0,9.19755,20.3459,32.4267,57.3269,83.3695,80.5657,78.9581,77.4773,76.3715,75.221,74.0205,72.7626,70.8876,68.5382,63.1297,42.3499,25.5963,16.6167,7.7871
99365,178.365,0.0463698,-4.38314,0.00593638,-0.074746,0.0,12100.1,5,0.65,0.0,0.049970305517696725,198,FAST_BEND,STRAIGHT,74.6984,-0.5225999999999971,9,74.6984,0,0.2785392993103448,0.0,0.0,False,0,9.17414,20.1547,31.9071,55.6022,82.6548,79.9078,78.3367,76.8925,75.8162,74.6984,73.5347,72.3191,70.5146,68.2705,63.232,43.453,25.9763,16.7631,7.80484
99364,178.608,-0.294919,-4.41328,0.00184143,-0.0755383,0.0,12115.4,5,0.08,0.0,0.04561100621408049,170,SHALLOW,APEX,74.2319,-0.4665000000000106,9,74.2319,0,0.2805468579310345,0.0,0.0,False,0,9.1431,19.928,31.3096,53.7583,81.9883,79.3011,77.7682,76.3618,75.316,74.2319,73.1057,71.9326,70.1984,68.0569,63.3514,44.8417,26.4494,16.9466,7.82991
99363,178.848,-0.600307,-4.4323,-0.00251001,-0.0759568,0.0,12130.8,5,0.08,0.0,0.037401025095546,170,SHALLOW,APEX,73.7762,-0.4556999999999931,9,73.7762,0,0.2825079393103448,0.0,0.0,False,0,9.10697,19.6857,30.6881,51.9116,81.3357,78.708,77.2128,75.8437,74.8276,73.7762,72.6862,71.5537,69.8861,67.8395,63.4218,46.443,26.9852,17.1546,7.86052
99362,178.791,-0.848448,-4.44084,-0.00685191,-0.0759036,0.0,11909.3,5,0.08,0.0,0.02685038009208849,170,SHALLOW,APEX,73.2997,-0.4765000000000015,9,73.2997,0,0.2845585324137931,0.0,0.0,False,0,9.06743,19.4418,30.0799,50.1714,80.6722,78.1015,76.6422,75.3084,74.3203,73.2997,72.2436,71.1487,69.5421,67.5809,63.4082,48.1862,27.5569,17.3767,7.8955
99361,178.548,-1.06128,-4.46701,-0.0109756,-0.0753637,0.0,11888.6,5,0.08,0.0,0.01416194958990819,170,SHALLOW,APEX,72.7816,-0.518100000000004,9,72.7816,0,0.28678814896551724,0.0,0.0,False,0,9.02624,19.2072,29.5112,48.602,79.9809,77.4633,76.0375,74.7364,73.7739,72.7816,71.7564,70.6956,69.1437,67.2581,63.2924,49.9945,28.1381,17.6026,7.93335
99360,178.306,-1.19665,-4.48684,-0.0145274,-0.0743398,0.0,11872.3,5,0.08,0.0,0.0002593639156527258,170,SHALLOW,APEX,72.1852,-0.5964000000000027,9,72.1852,0,0.2893547255172414,0.0,0.0,False,0,8.98648,18.9998,29.0232,47.3017,79.2312,76.761,75.3647,74.0926,73.1529,72.1852,71.1872,70.1562,68.6515,66.8305,63.0353,51.6009,28.6759,17.8127,7.97112
99359,178.066,-1.24481,-4.49384,-0.0172076,-0.0728732,0.0,11856.3,5,0.08,0.0,-0.013806520349503129,170,SHALLOW,APEX,71.483,-0.7021999999999906,9,71.483,0,0.29237660689655176,0.0,0.0,False,0,8.95094,18.8339,28.6467,46.3345,78.3992,75.9689,74.5978,73.3503,72.4298,71.483,70.5079,69.502,68.0367,66.2692,62.6112,52.2819,29.1168,17.9879,8.00587
99358,177.829,-1.20671,-4.53852,-0.0187692,-0.07105,0.0,11840.1,5,0.08,0.0,-0.02693017674882063,170,SHALLOW,APEX,70.6543,-0.8286999999999978,9,70.6543,0,0.2959428744827586,0.0,0.0,False,0,8.92228,18.7216,28.4057,45.7466,77.466,75.0677,73.7167,72.4891,71.5842,70.6543,69.6977,68.712,67.2785,65.5536,62.0028,52.3481,29.41,18.1102,8.03461
99357,177.593,-1.06086,-4.55994,-0.0190117,-0.0689801,0.0,11824.7,5,0.08,0.0,-0.03800564648530366,170,SHALLOW,APEX,69.6836,-0.9707000000000079,9,69.6836,0,0.30012023172413793,0.0,0.0,False,0,8.90296,18.673,28.3212,45.5803,76.4171,74.0422,72.7063,71.4937,70.6006,69.6836,68.7411,67.7708,66.3615,64.6688,61.1983,51.9767,29.5126,18.1642,8.05454
99356,177.359,-0.810652,-4.56219,-0.0178257,-0.0667999,0.0,11809.4,5,0.08,0.0,-0.04601435328667698,170,SHALLOW,APEX,68.5642,-1.1193999999999988,9,68.5642,0,0.30493751172413797,0.0,0.0,False,0,8.89496,18.6956,28.4084,45.8701,75.2451,72.8853,71.5595,70.3571,69.4722,68.5642,67.6315,66.6721,65.2798,63.61,60.1952,51.2421,29.4009,18.1402,8.06348
99355,177.125,-0.476807,-4.55433,-0.015254,-0.0646334,0.0,11794.0,5,0.08,0.0,-0.05015808813884861,170,SHALLOW,APEX,67.3043,-1.2599000000000018,9,67.3043,0,0.31035942620689655,0.0,0.0,False,0,8.89901,18.7903,28.6696,46.7131,73.9552,71.603,70.283,69.0865,68.2066,67.3043,66.3777,65.4251,64.0438,62.3885,59.0091,50.2034,29.0837,18.0394,8.06074
99354,176.89,-0.0923185,-4.55214,-0.0115278,-0.0626578,0.0,11778.6,5,0.08,0.0,-0.05000084871806134,170,SHALLOW,APEX,65.9291,-1.3751999999999924,9,65.9291,0,0.31627752827586203,0.0,0.0,False,0,8.91478,18.9509,29.0909,76.8542,72.5672,70.2171,68.8994,67.7058,66.8285,65.9291,65.006,64.0572,62.6821,61.0352,57.6756,48.9309,28.6033,17.8742,8.04691
99353,176.654,0.299756,-4.55893,-0.00703126,-0.0609814,0.0,11763.0,5,0.08,0.0,-0.045555221566015935,170,SHALLOW,APEX,64.4796,-1.4495000000000005,9,64.4796,0,0.32251537655172413,0.0,0.0,False,0,8.94009,19.1623,29.6385,75.4116,71.1145,68.7633,67.446,66.2536,65.3775,64.4796,63.5582,62.6116,61.2402,59.5979,56.2493,47.5135,28.0264,17.6667,8.02446
99352,176.418,0.661632,-4.56579,-0.00215006,-0.0597269,0.0,11747.3,5,0.08,0.0,-0.03735528168413307,170,SHALLOW,APEX,62.9955,-1.484100000000005,9,62.9955,0,0.3289021241379311,0.0,0.0,False,0,8.97281,19.4089,30.2759,73.9384,69.6298,67.2768,65.9594,64.7677,63.8925,62.9955,62.0755,61.1305,59.762,58.1233,54.7826,46.0346,27.4121,17.4375,7.99569
99351,176.181,0.976392,-4.59844,0.00276035,-0.0589561,0.0,11731.2,5,0.08,0.0,-0.02572474361434719,170,SHALLOW,APEX,61.5138,-1.4816999999999965,9,61.5138,0,0.33527854344827585,0.0,0.0,False,0,9.01045,19.6736,30.962,72.4618,68.144,65.7902,64.4736,63.2832,62.4092,61.5138,60.5956,59.653,58.288,56.6541,53.3239,44.5734,26.809,17.2049,7.96307
99350,175.945,1.22915,-4.63725,0.00734961,-0.0587099,0.0,11715.5,5,0.08,0.0,-0.011726895546623225,170,SHALLOW,APEX,60.0707,-1.4431000000000012,9,60.0707,0,0.3414888496551724,0.0,0.0,False,0,9.05021,19.9374,31.6478,71.0091,66.6875,64.336,63.022,61.8346,60.9631,60.0707,59.156,58.2173,56.8583,55.2324,51.9205,43.2111,26.257,16.9853,7.92905
99349,175.71,1.37451,-4.65657,0.0111998,-0.0589716,0.0,11700.1,5,0.08,0.0,0.003511378857409488,170,SHALLOW,APEX,58.7097,-1.3610000000000042,9,58.7097,0,0.3473458427586207,0.0,0.0,False,0,9.08802,20.1736,32.2621,69.6138,65.2972,62.9532,61.6449,60.4635,59.5968,58.7097,57.801,56.8689,55.5202,53.9081,50.6287,42.0441,25.7989,16.7972,7.89694
99348,175.478,1.40327,-4.66187,0.01396,-0.0597091,0.0,11684.7,5,0.08,0.0,0.018723021399120483,170,SHALLOW,APEX,57.4656,-1.244099999999996,9,57.4656,0,0.3526997627586207,0.0,0.0,False,0,9.12013,20.357,32.7345,68.3033,64.0033,61.6736,60.3749,59.2031,58.3441,57.4656,56.5662,55.6442,54.3113,52.7204,49.4919,41.1389,25.4653,16.6553,7.86954
99347,175.249,1.31232,-4.66055,0.0153276,-0.0608081,0.0,11669.6,5,0.08,0.0,0.03256999370037905,170,SHALLOW,APEX,56.3669,-1.098700000000001,9,56.3669,0,0.3574279613793103,0.0,0.0,False,0,9.14246,20.4633,32.9964,67.1017,62.8314,60.5237,59.2392,58.0814,57.2334,56.3669,55.4806,54.5728,53.2621,51.7005,48.5433,40.527,25.2834,16.5729,7.84991
99346,175.023,1.10173,-4.67161,0.015148,-0.0621711,0.0,11654.6,5,0.08,0.0,0.04380085157340173,170,SHALLOW,APEX,55.4237,-0.9432000000000045,9,55.4237,0,0.36148697379310346,0.0,0.0,False,0,9.15251,20.4783,33.0087,66.0192,61.792,59.514,58.2482,57.1086,56.2749,55.4237,54.5541,53.6644,52.3819,50.8574,47.7899,40.1834,25.2666,16.5571,7.83989
99345,174.798,0.795456,-4.68073,0.0134324,-0.0636403,0.0,11639.8,5,0.0,0.62,0.05139438346462538,120,MEDIUM,APPROACH,54.6283,-0.7953999999999937,9,54.6283,0,0.36490993655172416,0.0,0.0,False,0,9.149,20.3998,32.7687,65.053,60.8806,58.639,57.3958,56.278,55.4612,54.6283,53.7783,52.9099,51.6604,50.1788,47.2143,40.0473,25.4179,16.61,7.84067
99344,174.574,0.418304,-4.6913,0.0103141,-0.0650451,0.0,11624.9,5,0.0,0.62,0.054636615894082814,120,MEDIUM,APPROACH,53.9602,-0.6681000000000026,9,53.9602,0,0.3677850703448276,0.0,0.0,False,0,9.13188,20.2353,32.3047,64.1904,60.0821,57.882,56.6641,55.5708,54.7729,53.9602,53.1318,52.2869,51.0734,49.6386,46.7841,40.0501,25.734,16.7303,7.85278
99343,173.425,-0.0325421,-4.73116,0.00620121,-0.0662615,0.0,11244.2,5,0.0,0.62,0.053334936398011366,120,MEDIUM,APPROACH,53.3757,-0.5844999999999985,9,53.3757,0,0.37030043586206896,0.0,0.0,False,0,9.10416,20.0113,31.6959,63.3999,59.3606,57.2046,56.0133,54.9456,54.1675,53.3757,52.5697,51.7488,50.5723,49.1849,46.4402,40.1049,26.1828,16.9041,7.87435
99342,171.6,-0.48109,-4.74237,0.00185776,-0.0671958,0.0,11092.4,5,0.0,0.62,0.04807206456728912,120,MEDIUM,APPROACH,52.8071,-0.5686000000000035,9,52.8071,0,0.37274737655172413,0.0,0.0,False,0,9.07233,19.7744,31.0692,62.63,58.6588,56.5458,55.3805,54.3377,53.5786,52.8071,52.0226,51.2247,50.0833,48.7407,46.0979,40.1079,26.686,17.0987,7.90044
99341,169.629,-0.855125,-4.71751,-0.00233424,-0.0678351,0.0,10946.7,5,0.0,0.62,0.03941909294517708,120,MEDIUM,APPROACH,52.2219,-0.5852000000000004,9,52.2219,0,0.3752657544827586,0.0,0.0,False,0,9.0398,19.547,30.4814,61.8544,57.948,55.8758,54.7351,53.7155,52.9744,52.2219,51.4576,50.681,49.5721,48.2709,45.7205,40.0262,27.1996,17.2965,7.92821
99340,167.577,-1.1357,-4.6578,-0.00619584,-0.0681426,0.0,10802.7,5,0.0,0.62,0.02978444839189349,120,MEDIUM,APPROACH,51.6076,-0.6143000000000001,9,51.6076,0,0.37790936275862075,0.0,0.0,False,0,9.00785,19.3376,29.9524,61.0621,57.2165,55.1825,54.0647,53.0669,52.3424,51.6076,50.862,50.1052,49.0261,47.7628,45.2962,39.8572,27.6999,17.4885,7.95652
99339,165.505,-1.32606,-4.58535,-0.00958979,-0.0681039,0.0,10662.0,5,0.0,0.62,0.01857625136326771,120,MEDIUM,APPROACH,50.956,-0.6515999999999948,9,50.956,0,0.3807134896551724,0.0,0.0,False,0,8.97748,19.1519,29.4945,60.2451,56.4559,54.4575,53.3611,52.3835,51.6745,50.956,50.2276,49.4891,48.4376,47.2089,44.8181,39.6018,28.165,17.6671,7.98433
99338,163.437,-1.42045,-4.5065,-0.0123717,-0.0677293,0.0,10525.7,4,0.0,0.62,0.0066566538860455115,120,MEDIUM,APPROACH,50.2583,-0.6977000000000046,9,50.2583,0,0.38371600551724144,0.0,0.0,False,0,8.94995,18.9965,29.1203,59.3947,55.6576,53.6921,52.6155,51.6565,50.9617,50.2583,49.5459,48.8242,47.7979,46.6008,44.2789,39.2585,28.5688,17.8228,8.01029
99337,161.376,-1.42625,-4.42019,-0.014442,-0.0670439,0.0,10392.0,4,0.0,0.62,-0.005169107754817577,120,MEDIUM,APPROACH,49.51,-0.7483000000000004,9,49.51,0,0.38693627586206897,0.0,0.0,False,0,8.92619,18.8752,28.837,58.5056,54.8164,52.8813,51.8229,50.8812,50.1995,49.51,48.8123,48.1062,47.1031,45.9349,43.6758,38.8297,28.8879,17.9484,8.03325
99336,159.367,-1.35095,-4.34775,-0.0157053,-0.066097,0.0,11515.5,4,0.0,0.62,-0.016145298160726212,120,MEDIUM,APPROACH,48.7067,-0.8033000000000001,9,48.7067,0,0.390393235862069,0.0,0.0,False,0,8.90734,18.7926,28.6895,57.5728,53.9273,52.0201,50.9786,50.0529,49.3834,48.7067,48.0226,47.3308,46.3491,45.2076,43.006,38.3164,29.0131,18.036,8.05187
99335,157.417,-1.20276,-4.29434,-0.0160993,-0.0649508,0.0,11478.6,4,0.0,0.62,-0.02558834148474992,120,MEDIUM,APPROACH,47.8463,-0.8603999999999985,9,47.8463,0,0.39409592275862065,0.0,0.0,False,0,8.89437,18.752,28.8006,56.5927,52.9873,51.106,50.0801,49.1693,48.5111,47.8463,47.1748,46.4963,45.5345,44.4177,42.2692,37.722,28.9366,18.08,8.06504
99334,155.48,-0.99145,-4.23673,-0.0156472,-0.063658,0.0,11135.0,4,0.0,0.62,-0.03295759947784566,120,MEDIUM,APPROACH,46.9337,-0.9125999999999976,9,46.9337,0,0.39802324965517244,0.0,0.0,False,0,8.88747,18.7527,29.4127,55.5682,51.9999,50.1428,49.1316,48.2348,47.5872,46.9337,46.2739,45.608,44.6649,43.5713,41.4724,37.0567,28.711,18.0799,8.07242
99333,153.495,-0.750672,-4.18223,-0.0145252,-0.0622797,0.0,10964.3,4,0.0,0.62,-0.03797823812375164,120,MEDIUM,APPROACH,45.9848,-0.9489000000000019,9,45.9848,0,0.4021067917241379,0.0,0.0,False,0,8.88562,18.7866,60.0091,54.5123,50.9794,49.1455,48.1483,47.2648,46.6275,45.9848,45.3364,44.6824,43.7573,42.6859,40.6344,36.3426,28.3851,18.0446,8.07496
99332,151.512,-0.502497,-4.13403,-0.0129449,-0.0608931,0.0,10813.3,4,0.0,0.62,-0.04062703754719763,120,MEDIUM,APPROACH,45.0168,-0.9679999999999964,9,45.0168,0,0.40627252965517235,0.0,0.0,False,0,8.88767,18.8447,58.9054,53.4397,49.9413,48.1301,47.1467,46.2764,45.6491,45.0168,44.3796,43.7373,42.8296,41.78,39.7743,35.6015,27.9969,17.9847,8.07377
99331,149.544,-0.26542,-4.09522,-0.0110925,-0.0595513,0.0,10665.1,4,0.0,0.7,-0.04106359748093278,130,MEDIUM,APEX,44.0443,-0.9725000000000037,9,44.0443,0,0.41045763310344835,0.0,0.7,False,0,8.8925,18.9185,57.797,52.3626,48.899,47.1104,46.1408,45.2835,44.6661,44.0443,43.4181,42.7874,41.897,40.8687,38.9082,34.8511,27.5734,17.9099,8.06998
99330,147.6,-0.0532928,-4.06935,-0.00914079,-0.0582847,0.0,10518.0,4,0.0,0.7,-0.03958553252742647,130,MEDIUM,APEX,43.0799,-0.9643999999999977,9,43.0799,0,0.41460787862068965,0.0,0.7,False,0,8.89887,18.9999,56.694,51.2923,47.8641,46.0984,45.1427,44.2986,43.6912,43.0799,42.4647,41.8456,40.9725,39.9655,38.0497,34.1059,27.1349,17.8292,8.06477
99329,145.629,0.127634,-4.04373,-0.00724858,-0.0571124,0.0,10304.2,4,0.0,0.7,-0.03659059225735965,130,MEDIUM,APEX,42.1347,-0.9451999999999998,9,42.1347,0,0.4186754979310345,0.0,0.7,False,0,8.90558,19.0807,55.6062,50.2392,46.8474,45.1052,44.1636,43.3328,42.7354,42.1347,41.5306,40.9232,40.0675,39.0817,37.2105,33.3781,26.6967,17.7509,8.0593
99328,143.614,0.270635,-4.0135,-0.00555098,-0.0560531,0.0,10133.3,4,0.0,0.7,-0.03253557296578092,95,MEDIUM,APEX,41.2177,-0.9170000000000016,9,41.2177,0,0.42262175999999996,0.0,0.7,False,0,8.91158,19.1539,54.5417,49.2118,45.8577,44.1394,43.2121,42.3949,41.8077,41.2177,40.6248,40.0292,39.1908,38.2264,36.3995,32.6766,26.2692,17.6816,8.05449
99327,141.594,0.372192,-3.99493,-0.00413585,-0.0551035,0.0,9954.58,4,0.0,0.7,-0.026679169831940353,95,MEDIUM,APEX,40.334,-0.8836999999999975,9,40.334,0,0.4264247172413793,0.0,0.7,False,0,8.91605,19.2142,53.5057,48.2153,44.9001,43.2063,42.2937,41.4901,40.9133,40.334,39.7524,39.1686,38.3476,37.4045,35.6216,32.0061,25.858,17.6257,8.05108
99326,139.553,0.43237,-3.96379,-0.00303525,-0.0542595,0.0,9794.35,4,0.0,0.7,-0.021876919262191086,95,MEDIUM,APEX,39.4848,-0.8492000000000033,9,39.4848,0,0.43007920551724144,0.0,0.7,False,0,8.91866,19.2596,52.5001,47.2514,43.9763,42.3073,41.4095,40.6197,40.0532,39.4848,38.9145,38.3425,37.5389,36.6168,34.8776,31.3668,25.4635,17.5844,8.04934
99325,137.5,0.452264,-3.91468,-0.00227702,-0.0535007,0.0,9645.03,4,0.0,1.0,-0.01793907379499669,95,MEDIUM,APEX,38.6709,-0.8138999999999967,9,38.6709,0,0.43358178206896547,0.0,0.0,False,0,8.91896,19.2878,51.5267,46.3216,43.0874,41.4436,40.5606,39.7847,39.2286,38.6709,38.112,37.5517,36.7653,35.8642,34.1678,30.7589,25.0862,17.5595,8.04966
99324,135.448,0.435711,-3.85331,-0.00185764,-0.0528292,0.0,9498.54,4,0.0,0.78,-0.014710040511897286,95,MEDIUM,APEX,37.8908,-0.7801000000000045,9,37.8908,0,0.4369389020689656,0.0,0.0,False,0,8.917,19.3353,50.5846,45.4249,42.2321,40.6137,39.7455,38.9834,38.4376,37.8908,37.343,36.7944,36.025,35.1444,33.49,30.1799,24.7241,17.5504,8.05198
99323,133.334,0.398725,-3.78524,-0.00172263,-0.0522122,0.0,9046.21,4,0.0,0.78,-0.012062233219755773,95,MEDIUM,APEX,37.1403,-0.7504999999999953,9,37.1403,0,0.44016864000000006,0.0,0.0,False,0,8.91298,19.452,49.6711,44.5579,41.4069,39.8138,38.9604,38.212,37.6765,37.1403,36.6036,36.0664,35.3138,34.4534,32.84,29.6251,24.3731,17.5549,8.05614
99322,131.172,0.352669,-3.71563,-0.0017789,-0.0516498,0.0,8954.13,4,0.0,0.78,-0.009891031240199733,95,MEDIUM,APEX,36.4131,-0.7272000000000034,9,36.4131,0,0.44329810758620686,0.0,0.0,False,0,8.90771,19.6669,48.7808,43.715,40.6058,39.0377,38.199,37.4642,36.9388,36.4131,35.8872,35.3613,34.6251,33.7844,32.2108,29.0877,24.0273,17.5532,8.06137
99321,129.054,0.295083,-3.65538,-0.00199366,-0.0511297,0.0,8827.14,4,0.0,0.78,-0.00811064561696378,95,MEDIUM,APEX,35.7066,-0.7064999999999984,9,35.7066,0,0.4463384937931034,0.0,0.0,False,0,8.9014,20.0265,47.9118,42.8937,39.8261,38.2831,37.4588,36.7374,36.222,35.7066,35.1913,34.6764,33.9563,33.1348,31.5999,28.565,23.685,17.5206,8.06753
99320,126.96,0.230864,-3.59706,-0.00233239,-0.0506459,0.0,8685.79,4,0.0,0.78,-0.0066507294059102995,95,MEDIUM,APEX,35.018,-0.688600000000001,9,35.018,0,0.449301848275862,0.0,0.0,False,0,8.89431,20.6327,47.0616,42.0916,39.0655,37.5471,36.7372,36.0289,35.5233,35.018,34.5132,34.0091,33.3046,32.5018,31.0046,28.0545,23.3445,17.4611,8.07439
99319,124.884,0.165457,-3.53977,-0.00275105,-0.0501828,0.0,8537.14,3,0.0,0.78,-0.005453598112846445,95,MEDIUM,APEX,34.3446,-0.6734000000000009,9,34.3446,0,0.4521997903448276,0.0,0.0,False,0,8.88668,21.8757,46.2277,41.306,38.3211,36.8271,36.0313,35.3359,34.8399,34.3446,33.85,33.3564,32.6672,31.8827,30.4219,27.5535,23.0042,17.3777,8.08173
99318,122.822,0.103339,-3.48296,-0.00320673,-0.049733,0.0,8384.84,3,0.0,0.78,-0.004471950452534085,95,MEDIUM,APEX,33.6836,-0.6610000000000014,9,33.6836,0,0.4550443696551725,0.0,0.0,False,0,8.87885,52.0302,45.4078,40.5343,37.5904,36.1205,35.3385,34.6559,34.1693,33.6836,33.1991,32.7158,32.0416,31.2748,29.8495,27.0597,22.6627,17.2726,8.08926
99317,120.797,0.0477513,-3.44674,-0.00366205,-0.0492788,0.0,10265.6,3,0.0,0.45,-0.003666999371077949,95,MEDIUM,APEX,33.0332,-0.6503999999999976,9,33.0332,0,0.45784333241379316,0.0,0.0,False,0,8.871,51.1901,44.5997,39.7746,36.8713,35.4251,34.6568,33.9866,33.5093,33.0332,32.5585,32.0853,31.4257,30.6762,29.2853,26.5714,22.319,17.148,8.09684
99316,118.785,0.00160229,-3.40474,-0.00408059,-0.0488367,0.0,10236.0,3,0.0,0.45,-0.003006939484283918,95,MEDIUM,APEX,32.391,-0.6422000000000025,9,32.391,0,0.4606070068965518,0.0,0.0,False,0,8.86358,50.3589,43.8011,39.0243,36.1612,34.7385,33.9837,33.3259,32.8577,32.391,31.9259,31.4626,30.8172,30.0846,28.7272,26.0866,21.9721,17.0053,8.10402
99315,116.856,-0.0322114,-3.35624,-0.00443751,-0.0483884,0.0,10172.6,3,0.0,0.9,-0.0024656903771128123,95,MEDIUM,APEX,31.7557,-0.6352999999999973,9,31.7557,0,0.4633409875862069,0.0,0.9,False,0,8.85666,49.5354,43.0106,38.2822,35.4592,34.0597,33.3181,32.6725,32.2132,31.7557,31.3001,30.8465,30.2151,29.499,28.1742,25.6047,21.6219,16.8465,8.11076
99314,115.061,-0.0548474,-3.3024,-0.00474566,-0.0479423,0.0,10094.9,3,0.0,0.9,-0.002021866109232506,95,MEDIUM,APEX,31.1276,-0.6280999999999999,9,31.1276,0,0.4660439834482759,0.0,0.9,False,0,8.85019,48.7191,42.2282,37.5483,34.765,33.3885,32.6601,32.0264,31.576,31.1276,30.6812,30.2371,29.6194,28.9195,27.6265,25.1258,21.2693,16.674,8.11709
99313,113.192,-0.0726205,-3.24815,-0.00501484,-0.0474863,0.0,9479.47,3,0.0,0.9,-0.0016579302095706548,95,MEDIUM,APEX,30.507,-0.6205999999999996,9,30.507,0,0.4687147034482758,0.0,0.9,False,0,8.84398,47.9106,41.4542,36.8229,34.0792,32.7256,32.0101,31.3882,30.9465,30.507,30.0698,29.635,29.0307,28.3467,27.0848,24.6509,20.9154,16.4902,8.12319
99312,111.213,-0.086104,-3.19856,-0.00522494,-0.0470323,0.0,9058.43,3,0.0,0.9,-0.0032317326254023707,95,MEDIUM,APEX,29.8938,-0.6132000000000026,9,29.8938,0,0.4713535779310345,0.0,0.9,False,0,8.8383,47.1098,40.6886,36.106,33.4016,32.0705,31.3679,30.7577,30.3246,29.8938,29.4656,29.04,28.4489,27.7804,26.5487,24.1797,20.5605,16.2962,8.12878
99311,109.218,-0.0948793,-3.15281,-0.00538373,-0.046572,0.0,8684.1,3,0.0,0.45,-0.004708401072475377,95,MEDIUM,APEX,29.289,-0.6047999999999973,9,29.289,0,0.47395630344827583,0.0,0.0,False,0,8.83303,46.3176,39.9323,35.3985,32.7332,31.4245,30.7346,30.1358,29.7111,29.289,28.8696,28.4531,27.8749,27.2215,26.0195,23.7134,20.2057,16.0939,8.13401
99310,107.227,-0.0998254,-3.11204,-0.00550097,-0.0461179,0.0,8330.22,3,0.0,0.45,-0.006064524711307177,95,MEDIUM,APEX,28.6931,-0.5959000000000003,9,28.6931,0,0.476520728275862,0.0,0.0,False,0,8.82817,45.5345,39.1857,34.7009,32.0745,30.7879,30.1105,29.5231,29.1067,28.6931,28.2823,27.8746,27.309,26.6705,25.4973,23.2522,19.8518,15.8848,8.13885
99309,105.258,-0.100551,-3.06737,-0.00558639,-0.0456614,0.0,8638.82,3,0.0,0.0,-0.007290972188411381,95,MEDIUM,APEX,28.1066,-0.5865000000000009,9,28.1066,0,0.47904470068965516,0.0,0.0,False,0,8.82358,44.7613,38.4497,34.0138,31.4261,30.1614,29.4963,28.92,28.5118,28.1066,27.7043,27.3053,26.7521,26.1281,24.983,22.7972,19.4998,15.6702,8.14345
99308,103.365,-0.0970368,-3.01574,-0.00566608,-0.0452139,0.0,8813.79,3,0.0,0.45,-0.008404888431016586,78,MEDIUM,APEX,27.5303,-0.5762999999999998,9,27.5303,0,0.48152477793103443,0.0,0.0,False,0,8.81911,43.9989,37.7251,33.3382,30.7889,29.5457,28.8928,28.3275,27.9274,27.5303,27.1364,26.7459,26.2049,25.595,24.4774,22.349,19.1506,15.4517,8.14793
99307,101.79,-0.093784,-2.95659,-0.00582266,-0.0447519,0.0,9237.11,3,0.0,0.45,-0.009502413893607549,78,MEDIUM,APEX,26.9674,-0.5628999999999991,9,26.9674,0,0.4839471889655172,0.0,0.0,False,0,8.81384,43.2504,37.0152,32.6773,30.1659,28.9442,28.3032,27.7487,27.3565,26.9674,26.5817,26.1995,25.6703,25.0743,23.9833,21.9104,18.807,15.2321,8.15316
99306,100.364,-0.0933808,-2.89718,-0.00601035,-0.0442746,0.0,8850.25,3,0.0,0.45,-0.010617847455497915,78,MEDIUM,APEX,26.4137,-0.5537000000000027,9,26.4137,0,0.48633000827586204,0.0,0.0,False,0,8.813,42.5111,36.3151,32.0264,29.5529,28.3523,27.7231,27.1793,26.7948,26.4137,26.0361,25.662,25.1444,24.562,23.497,21.4782,18.4663,15.0099,8.15875
99305,98.8205,-0.0885657,-2.85419,-0.00611347,-0.0438063,0.0,8691.03,3,0.0,0.45,-0.011664976489565628,78,MEDIUM,APEX,25.8644,-0.5492999999999988,9,25.8644,0,0.4886938924137931,0.0,0.0,False,0,8.82923,41.7754,35.6196,31.3803,28.9447,27.7651,27.1477,26.6144,26.2376,25.8644,25.4946,25.1286,24.6225,24.0534,23.0141,21.0481,18.125,14.7827,8.15724
99304,97.2905,-0.0801555,-2.81841,-0.00615478,-0.0433226,0.0,8554.48,3,0.0,0.45,-0.012596944484579806,78,MEDIUM,APEX,25.3211,-0.5432999999999986,9,25.3211,0,0.49103195586206894,0.0,0.0,False,0,8.86295,41.0453,34.9305,30.741,28.343,27.1843,26.5786,26.0558,25.6866,25.3211,24.9593,24.6012,24.1064,23.5504,22.5362,20.6218,17.7848,14.5522,8.14481
99303,95.7804,-0.0703161,-2.78837,-0.0061568,-0.0428397,0.0,8421.03,3,0.0,0.45,-0.013396156137559909,78,MEDIUM,APEX,24.7847,-0.5364000000000004,9,24.7847,0,0.4933403255172414,0.0,0.0,False,0,8.91458,40.3216,34.2486,30.1091,27.7487,26.6108,26.0166,25.5042,25.1426,24.7847,24.4306,24.0803,23.5966,23.0536,22.0639,20.1999,17.4464,14.3193,8.12245
99302,94.2842,-0.0604478,-2.76093,-0.00613564,-0.0423659,0.0,8288.4,3,0.0,0.45,-0.014063307175197149,78,MEDIUM,APEX,24.2556,-0.5290999999999997,9,24.2556,0,0.49561728,0.0,0.0,False,0,8.98457,39.605,33.5745,29.4852,27.1624,26.0451,25.4624,24.9602,24.606,24.2556,23.9091,23.5666,23.0938,22.5634,21.5979,19.783,17.1104,14.0846,8.09102
99301,92.7957,-0.0512804,-2.73253,-0.00610292,-0.0418808,0.0,8156.46,3,0.0,0.45,-0.01461168166166333,78,MEDIUM,APEX,23.7346,-0.5210000000000008,9,23.7346,0,0.49785937655172413,0.0,0.0,False,0,9.0732,38.8963,32.9092,28.8703,26.5849,25.488,24.9165,24.4245,24.0776,23.7346,23.3957,23.0607,22.5987,22.0807,21.1388,19.3718,16.7774,13.8492,8.05156
99300,91.3105,-0.0433584,-2.70051,-0.00606668,-0.0413988,0.0,8025.09,3,0.0,0.45,-0.015059018756723176,78,MEDIUM,APEX,23.2219,-0.5126999999999988,9,23.2219,0,0.5000657544827586,0.0,0.0,False,0,9.18105,38.1958,32.2529,28.2645,26.0162,24.9396,24.3793,23.8972,23.5576,23.2219,22.8903,22.5629,22.1114,21.6056,20.6868,18.9664,16.4478,13.6134,8.00469
99299,89.8259,-0.0367867,-2.66284,-0.00603068,-0.0409339,0.0,7894.0,3,0.0,0.0,-0.015422569317610244,78,MEDIUM,APEX,22.7174,-0.5045000000000002,9,22.7174,0,0.502236844137931,0.0,0.0,False,0,9.30892,37.5037,31.6055,27.6677,25.4564,24.3998,23.8506,23.3783,23.0458,22.7174,22.3931,22.0729,21.6318,21.1379,20.2417,18.5668,16.1215,13.3775,7.95094
99298,88.3423,-0.0313746,-2.61981,-0.0059967,-0.0404762,0.0,7763.12,3,0.0,0.0,-0.01571888997754411,78,MEDIUM,APEX,22.2212,-0.49620000000000175,9,22.2212,0,0.5043722151724138,0.0,0.0,False,0,9.45762,36.82,30.9673,27.0802,24.9056,23.8689,23.3306,22.8681,22.5425,22.2212,21.904,21.5911,21.1601,20.6779,19.8038,18.1732,15.7989,13.1418,7.891
99297,87.1277,-0.0263324,-2.57143,-0.00593507,-0.0400114,0.0,7947.44,3,0.0,1.0,-0.015933635877536233,78,MEDIUM,APEX,21.732,-0.4892000000000003,9,21.732,0,0.5064774620689655,0.0,1.0,False,0,9.6287,36.143,30.3366,26.5004,24.3624,23.3453,22.8178,22.3649,22.0463,21.732,21.4219,21.116,20.6951,20.2244,19.3719,17.7845,15.4792,12.906,7.82529
99296,86.1491,-0.0226046,-2.52316,-0.00580508,-0.0395566,0.0,7861.87,3,0.0,1.0,-0.016014221903088377,78,MEDIUM,APEX,21.2462,-0.48579999999999757,9,21.2462,0,0.5085680772413793,0.0,1.0,False,0,9.82535,35.4678,29.7087,25.924,23.8228,22.8254,22.3087,21.8653,21.5536,21.2462,20.9431,20.6443,20.2332,19.7739,18.9428,17.3979,15.1601,12.6686,7.7536
99295,84.7071,-0.0148943,-2.47987,-0.0055967,-0.0391197,0.0,6962.26,2,0.0,0.0,-0.015907218396947222,78,MEDIUM,APEX,20.7644,-0.48180000000000334,9,20.7644,0,0.5106414786206896,0.0,0.0,False,0,10.0497,34.795,29.0844,25.3517,23.2873,22.3095,21.8035,21.3697,21.0649,20.7644,20.4682,20.1763,19.7751,19.327,18.517,17.0139,14.8421,12.43,7.67643
99294,82.9971,-0.00149514,-2.4453,0.00462937,-0.0389716,0.0,6433.04,2,0.0,0.0,-0.0058691244778205955,78,MEDIUM,APEX,20.2914,-0.472999999999999,9,20.2914,0,0.5126770096551725,0.0,0.0,False,0,10.3014,34.1316,28.47,24.7893,22.7615,21.8032,21.3077,20.8832,20.5852,20.2914,20.0021,19.7171,19.3254,18.8883,18.0989,16.6366,14.5285,12.193,7.59509
99293,81.3597,0.0086966,-2.40995,0.0186993,-0.0398458,0.0,8306.44,2,0.0,0.0,0.01612641713561978,78,MEDIUM,APEX,19.8281,-0.46330000000000027,9,19.8281,0,0.5146707972413793,0.0,0.0,False,0,10.5826,33.4785,27.8665,24.2377,22.2461,21.3069,20.8219,20.4066,20.1152,19.8281,19.5454,19.2671,18.8848,18.4585,17.6892,16.2663,14.2201,11.9582,7.51017
99292,80.2904,0.0219478,-2.36553,0.0327346,-0.0417468,0.0,8290.66,2,0.0,0.0,0.04796356838004029,78,MEDIUM,APEX,19.3661,-0.46199999999999974,9,19.3661,0,0.5166589903448275,0.0,0.0,False,0,10.902,32.8237,27.2629,23.6869,21.7319,20.812,20.3374,19.9313,19.6465,19.3661,19.09,18.8184,18.4455,18.0298,17.2805,15.8968,13.9114,11.7216,7.42059
99291,79.3786,0.0456566,-2.31709,0.0465366,-0.0446428,0.0,9103.23,2,0.48,0.0,0.08771165673073766,78,MEDIUM,APEX,18.9117,-0.4543999999999997,9,18.9117,0,0.5186144772413793,0.0,0.0,False,0,11.2611,32.1767,26.6677,23.1446,21.2259,20.3251,19.8608,19.4638,19.1855,18.9117,18.6422,18.3771,18.0134,17.6082,16.8784,15.5329,13.6066,11.4865,7.32765
99290,78.6194,0.137487,-2.27276,0.0593415,-0.0484371,0.0,8998.32,2,0.6,0.0,0.13303695365878968,78,MEDIUM,APEX,18.4885,-0.42320000000000135,9,18.4885,0,0.5204356965517241,0.0,0.0,False,0,11.6436,31.5736,26.1133,22.6397,20.7549,19.8718,19.4171,19.0285,18.7563,18.4885,18.2251,17.9661,17.6108,17.2154,16.5035,15.1931,13.3209,11.2644,7.2358
99289,78.8302,0.265582,-2.23829,0.0696468,-0.0529486,0.0,9477.46,2,0.6,0.0,0.18054993708226713,78,MEDIUM,APEX,18.1411,-0.3473999999999968,9,18.1411,0,0.5219307144827586,0.0,0.0,False,0,12.002,31.0851,25.6623,22.2276,20.3696,19.5005,19.0534,18.6715,18.4041,18.1411,17.8825,17.6283,17.2798,16.8919,16.1944,14.9119,13.0827,11.077,7.15315
99288,79.415,0.338728,-2.2179,0.0780975,-0.058094,0.0,9732.72,2,0.0,0.45,0.22809374939634913,60,HAIRPIN,APEX,17.8472,-0.2939000000000007,9,17.8472,0,0.5231954979310345,0.0,0.0,False,0,12.3424,30.6801,25.2858,21.8818,20.0453,19.1873,18.7463,18.3699,18.1063,17.8472,17.5925,17.3422,16.9991,16.6175,15.9316,14.6716,12.8774,10.9132,7.07628
99287,80.09,0.351208,-2.21841,0.084875,-0.063818,0.0,9811.68,2,0.0,0.45,0.27407267356994497,60,HAIRPIN,APEX,17.5996,-0.24760000000000204,9,17.5996,0,0.524261031724138,0.0,0.0,False,0,12.6606,30.3496,24.975,21.5941,19.7739,18.9247,18.4885,18.1162,17.8557,17.5996,17.3479,17.1007,16.7619,16.3852,15.7084,14.4664,12.7003,10.7696,7.00416
99286,79.6688,0.300796,-2.24277,0.0910107,-0.070041,0.0,8860.0,2,0.0,0.45,0.31817738973638665,60,HAIRPIN,APEX,17.3675,-0.23209999999999908,9,17.3675,0,0.5252598620689656,0.0,0.0,False,0,12.9856,30.0453,24.6872,21.3262,19.5207,18.6792,18.2472,17.8787,17.6209,17.3675,17.1186,16.8741,16.5393,16.1669,15.4984,14.2725,12.5319,10.6317,6.93221
99285,78.5682,0.185181,-2.28716,0.0974813,-0.0767428,0.0,8695.37,2,0.0,0.45,0.3611042073184638,60,HAIRPIN,APEX,17.1194,-0.24810000000000088,9,17.1194,0,0.5263275475862069,0.0,0.0,False,0,13.3617,29.7163,24.3771,21.0387,19.2493,18.4164,17.989,17.6246,17.3698,17.1194,16.8735,16.632,16.3013,15.9338,15.2742,14.0659,12.3527,10.4851,6.85553
99284,77.34,0.0779924,-2.32406,0.104102,-0.0839125,0.0,8508.05,2,0.0,0.45,0.40324335406194556,60,HAIRPIN,APEX,16.863,-0.2563999999999993,9,16.863,0,0.527430951724138,0.0,0.0,False,0,13.7885,29.3746,24.0558,20.7411,18.9687,18.1446,17.7221,17.362,17.1103,16.863,16.6202,16.3818,16.0555,15.693,15.0426,13.8524,12.1674,10.3335,6.77547
99283,75.9993,-0.0120057,-2.32654,0.110493,-0.0915095,0.0,8316.48,2,0.0,0.45,0.44454210374835845,60,HAIRPIN,APEX,16.6104,-0.25260000000000105,9,16.6104,0,0.5285180027586207,0.0,0.0,False,0,14.2556,29.0396,23.7403,20.4486,18.6925,17.8772,17.4594,17.1034,16.8547,16.6104,16.3706,16.1353,15.8132,15.4555,14.8142,13.6416,11.9839,10.1826,6.69416
99282,74.5756,-0.0826846,-2.28735,0.116325,-0.0994587,0.0,8134.79,2,0.0,0.45,0.484631336535262,60,HAIRPIN,APEX,16.3712,-0.23919999999999675,9,16.3712,0,0.5295473875862069,0.0,0.0,False,0,14.7509,28.7268,23.4442,20.173,18.4319,17.6244,17.2109,16.8588,16.6127,16.3712,16.1342,15.9016,15.5834,15.2302,14.5971,13.4407,11.8082,10.037,6.61346
99281,73.1051,-0.131728,-2.21306,0.12139,-0.107691,0.0,7965.45,2,0.0,0.45,0.5230010498354969,60,HAIRPIN,APEX,16.1512,-0.22000000000000242,9,16.1512,0,0.5304941462068966,0.0,0.0,False,0,15.2614,28.4463,23.1761,19.9219,18.1934,17.3927,16.9829,16.634,16.3903,16.1512,15.9166,15.6864,15.3716,15.0222,14.3964,13.2542,11.644,9.89963,6.53458
99280,71.6236,-0.165286,-2.11922,0.125562,-0.116102,0.0,7804.71,2,0.0,0.0,0.5591031730078754,60,HAIRPIN,APEX,15.9542,-0.19699999999999918,9,15.9542,0,0.5313419255172414,0.0,0.0,False,0,15.7723,28.2045,22.9416,19.7,17.9815,17.1862,16.7794,16.4332,16.1914,15.9542,15.7215,15.4934,15.1813,14.8352,14.2154,13.0851,11.4937,9.77245,6.45859
99279,70.1531,-0.188168,-2.01734,0.128873,-0.124615,0.0,7649.92,2,0.0,0.0,0.5925142107506786,60,HAIRPIN,APEX,15.7796,-0.17459999999999987,9,15.7796,0,0.5320933075862069,0.0,0.0,False,0,16.2761,28.0004,22.7396,19.5065,17.7953,17.0042,16.5997,16.2556,16.0153,15.7796,15.5485,15.3219,15.012,14.6684,14.0535,12.9329,11.3571,9.65534,6.3857
99278,69.0361,-0.0122688,-1.91939,0.131114,-0.133112,0.0,7919.26,2,0.0,0.0,0.6226752538118872,60,HAIRPIN,APEX,15.6338,-0.14579999999999949,9,15.6338,0,0.5327207503448276,0.0,0.0,False,0,16.7353,27.8448,22.5797,19.3496,17.6424,16.8538,16.4507,16.1078,15.8685,15.6338,15.4037,15.1781,14.8697,14.5279,13.9163,12.8026,11.2383,9.55148,6.31742
99277,68.5104,0.361682,-1.83492,0.129878,-0.141272,0.0,7853.36,2,0.0,0.0,0.6467615542029492,60,HAIRPIN,APEX,15.5842,-0.04960000000000164,9,15.5842,0,0.5329342013793104,0.0,0.0,False,0,16.8459,27.8527,22.561,19.3153,17.6005,16.8087,16.4041,16.0599,15.8197,15.5842,15.3533,15.1269,14.8175,14.4746,13.8614,12.7452,11.1787,9.49182,6.26523
99276,68.219,0.590541,-1.77476,0.124681,-0.148917,0.0,7813.85,2,0.0,0.0,0.6619732136994189,60,HAIRPIN,APEX,15.6469,0.06270000000000131,9,15.6469,0,0.5326643751724138,0.0,0.0,False,0,16.5445,28.0506,22.707,19.4241,17.6884,16.8868,16.4771,16.1286,15.8854,15.6469,15.4131,15.1838,14.8706,14.5233,13.9025,12.7727,11.1881,9.48372,6.23216
99275,67.9934,0.652376,-1.74417,0.116972,-0.156009,0.0,7786.96,2,0.0,0.0,0.667423083493996,60,HAIRPIN,APEX,15.7839,0.13699999999999868,9,15.7839,0,0.5320748027586206,0.0,0.0,False,0,16.0699,28.3708,22.9602,19.6269,17.8617,17.0461,16.6291,16.2743,16.0268,15.7839,15.5458,15.3124,14.9933,14.6397,14.0073,12.8569,11.2436,9.51028,6.21262
99274,67.7922,0.613577,-1.7443,0.10811,-0.162539,0.0,7763.66,2,0.0,0.0,0.6637067903587854,60,HAIRPIN,APEX,15.9626,0.17870000000000097,9,15.9626,0,0.5313057765517242,0.0,0.0,False,0,15.5805,28.7547,23.271,19.8811,18.0823,17.2505,16.8251,16.4631,16.2104,15.9626,15.7195,15.4812,15.1554,14.7942,14.1483,12.9732,11.3258,9.55713,6.20179
99273,67.603,0.52938,-1.77023,0.0989169,-0.168545,0.0,7741.65,2,0.0,0.0,0.6521159012670035,60,HAIRPIN,APEX,16.1617,0.1990999999999996,9,16.1617,0,0.53044896,0.0,0.0,False,0,15.1344,29.1651,23.6078,20.1595,18.3258,17.4768,17.0425,16.673,16.4149,16.1617,15.9134,15.6699,15.3371,14.9679,14.3076,13.1061,11.4219,9.61491,6.19643
99272,67.4177,0.433986,-1.81194,0.0897017,-0.174067,0.0,7719.86,2,0.0,0.0,0.63401321186647,60,HAIRPIN,APEX,16.3728,0.21110000000000184,9,16.3728,0,0.5295405020689654,0.0,0.0,False,0,14.7375,29.5872,23.9574,20.4508,18.5819,17.7156,17.2723,16.8949,16.6314,16.3728,16.1191,15.8704,15.5302,15.1529,14.4779,13.249,11.5266,9.67978,6.19513
99271,67.2312,0.342989,-1.85727,0.0804119,-0.179057,0.0,7697.77,2,0.0,0.0,0.6104617949051818,60,HAIRPIN,APEX,16.598,0.2251999999999974,9,16.598,0,0.5285713655172413,0.0,0.0,False,0,14.3745,30.0237,24.3224,20.7575,18.8532,17.9694,17.5168,17.1314,16.8622,16.598,16.3389,16.0847,15.737,15.3514,14.6611,13.404,11.6417,9.75308,6.19852
99270,67.0402,0.257746,-1.8933,0.0707762,-0.183523,0.0,7675.01,2,0.0,0.0,0.5820696633718039,60,HAIRPIN,APEX,16.8462,0.24820000000000064,9,16.8462,0,0.5275032496551724,0.0,0.0,False,0,14.0273,30.4879,24.7151,21.0907,19.1495,18.2474,17.7852,17.3914,17.1163,16.8462,16.5812,16.3212,15.9656,15.5711,14.8648,13.5776,11.7724,9.83869,6.20783
99269,66.8459,0.167814,-1.91095,0.060499,-0.187461,0.0,7651.85,2,0.0,0.0,0.5490471915658326,60,HAIRPIN,APEX,17.1274,0.2812000000000019,9,17.1274,0,0.5262931200000001,0.0,0.0,False,0,13.6826,30.995,25.1493,21.4626,19.4821,18.5607,18.0881,17.6853,17.4038,17.1274,16.8561,16.5899,16.2257,15.8215,15.0977,13.7777,11.9251,9.94118,6.22454
99268,66.6521,0.0613254,-1.90841,0.0494502,-0.190831,0.0,7628.76,2,0.0,0.0,0.5114374293373057,60,HAIRPIN,APEX,17.4479,0.3204999999999991,9,17.4479,0,0.5249138648275862,0.0,0.0,False,0,13.337,31.5524,25.6322,21.8802,19.858,18.9156,18.4319,18.0196,17.7312,17.4479,17.1699,16.8969,16.5233,16.1085,15.3653,14.0093,12.1042,10.0638,6.24983
99267,66.4641,-0.0746114,-1.89363,0.0377043,-0.193604,0.0,7606.27,2,0.0,0.0,0.46934625906800753,60,HAIRPIN,APEX,17.8075,0.35960000000000036,9,17.8075,0,0.5233663448275863,0.0,0.0,False,0,12.9947,32.1576,26.1621,22.3425,20.2766,19.3119,18.8164,18.3937,18.098,17.8075,17.5222,17.242,16.8583,16.4322,15.6681,14.2726,12.3099,10.2069,6.28391
99266,66.2854,-0.241002,-1.87343,0.0255298,-0.195778,0.0,7584.91,2,0.6,0.0,0.4231218940965887,78,MEDIUM,APEX,18.1989,0.3913999999999973,9,18.1989,0,0.5216819751724138,0.0,0.0,False,0,12.6645,32.797,26.7273,22.8397,20.7293,19.7416,19.2337,18.8003,18.497,18.1989,17.906,17.6182,17.2241,16.7861,16.0,14.5627,12.5385,10.3677,6.3259
99265,66.1181,-0.429716,-1.85343,0.0133211,-0.197368,0.0,7565.05,2,0.6,0.0,0.373435052103222,78,MEDIUM,APEX,18.6095,0.4106000000000023,9,18.6095,0,0.5199149793103448,0.0,0.0,False,0,12.3557,33.4496,27.3096,23.3558,21.2012,20.1907,19.6706,19.2264,18.9154,18.6095,18.3089,18.0136,17.6089,17.1588,16.3504,14.8702,12.7825,10.541,6.37404
99264,66.3956,-0.765384,-1.83733,0.00145376,-0.198446,0.0,8471.78,2,0.48,0.0,0.321206452435866,78,MEDIUM,APEX,19.0222,0.41270000000000095,9,19.0222,0,0.5181389462068966,0.0,0.0,False,0,12.0767,34.0898,27.8854,23.8694,21.6727,20.6405,20.1086,19.654,19.3355,19.0222,18.7142,18.4114,17.9963,17.5345,16.7044,15.1822,13.0312,10.719,6.42556
99263,66.8881,-1.21864,-1.82692,-0.00993109,-0.199182,0.0,8673.49,2,0.48,0.0,0.2673401775670123,78,MEDIUM,APEX,19.4313,0.4090999999999987,9,19.4313,0,0.5163784055172415,0.0,0.0,False,0,11.826,34.7118,28.4484,24.3743,22.1377,21.0848,20.5418,20.0773,19.7517,19.4313,19.1161,18.8062,18.381,17.9078,17.0567,15.4936,13.2805,10.8983,6.47874
99262,67.4091,-1.65563,-1.82603,-0.0201902,-0.199662,0.0,8553.7,2,0.48,0.0,0.21321000119702446,78,MEDIUM,APEX,19.8115,0.38019999999999854,9,19.8115,0,0.5147422344827586,0.0,0.0,False,0,11.6128,35.2808,28.9657,24.8404,22.5685,21.4968,20.9436,20.4703,20.1383,19.8115,19.4899,19.1734,18.7393,18.2556,17.3851,15.7848,13.5144,11.0671,6.5295
99261,67.9014,-1.95231,-1.83627,-0.0281667,-0.199896,0.0,8499.9,2,0.48,0.0,0.16106992582377075,78,MEDIUM,APEX,20.1164,0.30489999999999995,9,20.1164,0,0.5134301131034483,0.0,0.0,False,0,11.4539,35.733,29.3779,25.2126,22.9132,21.8268,21.2656,20.7853,20.4483,20.1164,19.7898,19.4683,19.0269,18.5352,17.6494,16.0193,13.7032,11.2037,6.57107
99260,68.3854,-2.07658,-1.85439,-0.0331438,-0.199885,0.0,8473.61,2,0.48,0.0,0.11346647560605513,78,MEDIUM,APEX,20.3148,0.19840000000000302,9,20.3148,0,0.5125763089655173,0.0,0.0,False,0,11.3557,36.0279,29.6462,25.4547,23.1373,22.0415,21.4752,20.9902,20.6499,20.3148,19.9849,19.6601,19.2142,18.7172,17.8215,16.172,13.8266,11.2931,6.59879
99259,68.8704,-2.04,-1.88163,-0.0349004,-0.199656,0.0,8462.87,2,0.48,0.0,0.07270500480055277,78,MEDIUM,APEX,20.3945,0.079699999999999,9,20.3945,0,0.5122333241379311,0.0,0.0,False,0,11.3176,36.1519,29.7567,25.5532,23.228,22.1282,21.5597,21.0727,20.7311,20.3945,20.0632,19.7371,19.2893,18.7902,17.8905,16.2331,13.8759,11.3289,6.61065
99258,69.3604,-1.87705,-1.91643,-0.0335233,-0.199291,0.0,8462.69,2,0.48,0.0,0.04059696704548775,78,MEDIUM,APEX,20.3566,-0.03790000000000049,9,20.3566,0,0.5123964248275862,0.0,0.0,False,0,11.3366,36.1082,29.7118,25.5099,23.1866,22.088,21.5202,21.0339,20.6926,20.3566,20.0257,19.7001,19.2531,18.7548,17.8568,16.2027,13.8511,11.311,6.60622
99257,69.8576,-1.62671,-1.94776,-0.0293021,-0.198898,0.0,8467.58,2,0.6,0.0,0.01835306294250503,78,MEDIUM,APEX,20.2113,-0.14529999999999887,9,20.2113,0,0.513021715862069,0.0,0.0,False,0,11.4095,35.9117,29.5252,25.3373,23.0247,21.9321,21.3676,20.8843,20.5452,20.2113,19.8826,19.5591,19.1152,18.6205,17.7294,16.0889,13.7587,11.2437,6.58644
99256,70.3602,-1.33399,-1.97152,-0.0226005,-0.198583,0.0,8478.0,2,0.6,0.0,0.006619063309802031,78,MEDIUM,APEX,19.9732,-0.23810000000000286,9,19.9732,0,0.5140463668965518,0.0,0.0,False,0,11.5337,35.5814,29.2153,25.0524,22.7585,21.6761,21.1172,20.6389,20.3034,19.9732,19.6481,19.3284,18.8897,18.401,17.5212,15.903,13.6079,11.1338,6.55287
99255,70.9299,-1.0681,-1.98711,-0.0139749,-0.198488,0.0,8678.31,2,0.48,0.0,0.0054276319140376655,78,MEDIUM,APEX,19.6644,-0.30879999999999797,9,19.6644,0,0.515375271724138,0.0,0.0,False,0,11.7051,35.1472,28.8101,24.6814,22.4125,21.3437,20.7923,20.3205,19.9899,19.6644,19.3442,19.0293,18.5974,18.1166,17.2516,15.6625,13.4127,10.9913,6.50802
99254,71.5706,-0.848055,-1.99715,-0.00416124,-0.19879,0.0,8768.5,2,0.48,0.0,0.013994728847313571,78,MEDIUM,APEX,19.3125,-0.35190000000000055,9,19.3125,0,0.5168896551724138,0.0,0.0,False,0,11.9166,34.6477,28.3457,24.2572,22.0176,20.9645,20.4217,19.9576,19.6324,19.3125,18.9979,18.6886,18.2646,17.7928,16.9446,15.3887,13.1902,10.8281,6.45489
99253,72.1638,-0.631744,-2.00259,0.0063386,-0.199567,0.0,8647.18,2,0.6,0.0,0.03130003593116473,78,MEDIUM,APEX,18.9332,-0.37930000000000064,9,18.9332,0,0.5185219531034483,0.0,0.0,False,0,12.1657,34.1044,27.8422,23.7986,21.5912,20.5554,20.0219,19.5662,19.247,18.9332,18.6246,18.3214,17.9059,17.4439,16.614,15.0939,12.9504,10.6515,6.39542
99252,72.6696,-0.412344,-2.00442,0.0172191,-0.200863,0.0,8682.11,2,0.6,0.0,0.05617694853278826,78,MEDIUM,APEX,18.5419,-0.3913000000000011,9,18.5419,0,0.5202058924137931,0.0,0.0,False,0,12.4491,33.5395,27.3202,23.3242,21.1508,20.133,19.6094,19.1624,18.8495,18.5419,18.2397,17.9428,17.5362,17.0843,16.2733,14.79,12.7028,10.4684,6.33162
99251,73.2428,-0.221894,-2.00364,0.0278894,-0.202705,0.0,8906.51,2,0.6,0.0,0.08709518332047309,78,MEDIUM,APEX,18.1595,-0.38239999999999696,9,18.1595,0,0.5218515310344828,0.0,0.0,False,0,12.7562,32.9841,26.8082,22.8597,20.72,19.72,19.2061,18.7676,18.4609,18.1595,17.8634,17.5728,17.1748,16.7328,15.9402,14.4929,12.4601,10.2878,6.2663
99250,73.8884,-0.057447,-2.00017,0.0378796,-0.205074,0.0,9012.79,2,0.0,0.45,0.12234091248673175,60,HAIRPIN,APEX,17.8013,-0.3582000000000001,9,17.8013,0,0.5233930262068965,0.0,0.0,False,0,13.0751,32.4629,26.3281,22.4246,20.3164,19.3332,18.8284,18.3979,18.0969,17.8013,17.5111,17.2262,16.8363,16.4035,15.6281,14.214,12.2316,10.1166,6.20174
99249,74.5474,0.0872832,-1.99621,0.0468755,-0.207973,0.0,9101.9,2,0.0,0.45,0.16020296275273338,60,HAIRPIN,APEX,17.4764,-0.3248999999999995,9,17.4764,0,0.5247912165517241,0.0,0.0,False,0,13.3953,31.992,25.8938,22.0305,19.9508,18.9826,18.4859,18.0627,17.7668,17.4764,17.1913,16.9116,16.5289,16.1044,15.3443,13.9599,12.0224,9.9584,6.13913
99248,74.0333,0.165822,-1.99427,0.0550221,-0.211355,0.0,8227.5,2,0.0,0.45,0.19941619132633642,60,HAIRPIN,APEX,17.1786,-0.2978000000000023,9,17.1786,0,0.5260727834482759,0.0,0.0,False,0,13.7183,31.563,25.4975,21.6705,19.6164,18.6617,18.1724,17.7556,17.4644,17.1786,16.8982,16.6231,16.247,15.8299,15.0836,13.7259,11.8287,9.8106,6.07786
99247,72.8331,0.173798,-1.98993,0.0627794,-0.215207,0.0,8047.73,2,0.0,0.45,0.2393903449137771,60,HAIRPIN,APEX,16.892,-0.28659999999999997,9,16.892,0,0.527306151724138,0.0,0.0,False,0,14.0591,31.1513,25.1168,21.3244,19.2948,18.353,17.8707,17.4601,17.1734,16.892,16.616,16.3454,15.9754,15.5654,14.8322,13.4998,11.6408,9.66619,6.01579
99246,71.521,0.176144,-1.96632,0.0699512,-0.219491,0.0,7861.45,2,0.0,0.0,0.27944771227118115,60,HAIRPIN,APEX,16.6224,-0.2696000000000005,9,16.6224,0,0.5284663613793104,0.0,0.0,False,0,14.4103,30.7668,24.7605,21.0,18.993,18.0631,17.5873,17.1824,16.8997,16.6224,16.3505,16.084,15.7198,15.3162,14.5951,13.2861,11.4624,9.52782,5.95394
99245,70.1371,0.181505,-1.91631,0.0762486,-0.224139,0.0,7679.62,2,0.0,0.0,0.3187465222166491,60,HAIRPIN,APEX,16.3788,-0.2436000000000007,9,16.3788,0,0.5295146813793103,0.0,0.0,False,0,14.7566,30.4247,24.4418,20.7087,18.7213,17.8018,17.3316,16.9316,16.6525,16.3788,16.1105,15.8475,15.4883,15.0904,14.3799,13.0914,11.2987,9.39949,5.89388
99244,69.1352,0.387623,-1.84369,0.080825,-0.228984,0.0,7925.76,2,0.0,0.0,0.3557604872631152,60,HAIRPIN,APEX,16.188,-0.19079999999999941,9,16.188,0,0.5303357793103448,0.0,0.0,False,0,15.049,30.17,24.2002,20.4849,18.5108,17.5985,17.1323,16.7358,16.4592,16.188,15.9223,15.6619,15.3062,14.9124,14.2094,12.9359,11.1659,9.29315,5.84006
99243,68.8961,0.717149,-1.76377,0.0807641,-0.233636,0.0,7888.62,2,0.0,0.0,0.38637081708068755,60,HAIRPIN,APEX,16.1396,-0.048399999999997334,9,16.1396,0,0.5305440662068965,0.0,0.0,False,0,15.1253,30.152,24.1667,20.4431,18.4654,17.5516,17.0848,16.6879,16.411,16.1396,15.8736,15.613,15.257,14.863,14.1597,12.8861,11.1175,9.24789,5.8064
99242,68.7455,0.864008,-1.69722,0.0774523,-0.23801,0.0,7872.13,2,0.0,0.0,0.40854468236704256,60,HAIRPIN,APEX,16.1948,0.05519999999999925,9,16.1948,0,0.530306515862069,0.0,0.0,False,0,15.0381,30.306,24.2848,20.5339,18.5402,17.6188,17.148,16.7478,16.4686,16.1948,15.9265,15.6637,15.3047,14.9073,14.1979,12.9135,11.1307,9.24738,5.78796
99241,68.6013,0.905221,-1.65194,0.0723337,-0.242012,0.0,7856.73,2,0.0,0.0,0.4220153276925874,60,HAIRPIN,APEX,16.3122,0.11739999999999995,9,16.3122,0,0.5298012910344828,0.0,0.0,False,0,14.8648,30.56,24.4918,20.7031,18.6867,17.7541,17.2774,16.8722,16.5894,16.3122,16.0405,15.7743,15.4107,15.008,14.2893,12.9877,11.1814,9.27456,5.77968
99240,68.4614,0.893079,-1.63246,0.0663263,-0.245641,0.0,7841.42,2,0.0,0.0,0.4274581031401371,60,HAIRPIN,APEX,16.4647,0.15249999999999986,9,16.4647,0,0.5291450151724137,0.0,0.0,False,0,14.6568,30.8669,24.747,20.9157,18.8732,17.9276,17.4441,17.0329,16.746,16.4647,16.189,15.9187,15.5496,15.1408,14.4109,13.0888,11.2541,9.31814,5.77799
99239,68.3249,0.855275,-1.63739,0.060008,-0.248894,0.0,7825.95,2,0.0,0.0,0.4259894815042702,60,HAIRPIN,APEX,16.6349,0.1701999999999977,9,16.6349,0,0.528412568275862,0.0,0.0,False,0,14.4432,31.1968,25.0246,21.1492,19.0793,18.1201,17.6294,17.212,16.9206,16.6349,16.3549,16.0804,15.7055,15.2901,14.5483,13.2041,11.3385,9.37093,5.78063
99238,68.1901,0.805657,-1.66399,0.053643,-0.251774,0.0,7810.14,2,0.0,0.0,0.41878251394064625,60,HAIRPIN,APEX,16.8148,0.1799000000000035,9,16.8148,0,0.5276383779310345,0.0,0.0,False,0,14.2354,31.5356,25.3123,21.3929,19.2954,18.3224,17.8245,17.4008,17.1049,16.8148,16.5303,16.2515,15.8705,15.4485,14.6946,13.3277,11.4301,9.42953,5.78653
99237,68.0558,0.74834,-1.70776,0.0472413,-0.254283,0.0,7793.79,2,0.0,0.0,0.4068089794794233,60,HAIRPIN,APEX,17.0041,0.18929999999999936,9,17.0041,0,0.5268237351724139,0.0,0.0,False,0,14.0331,31.8828,25.6095,21.6465,19.5211,18.5345,18.0292,17.5991,17.2987,17.0041,16.7151,16.4318,16.0447,15.6158,14.8495,13.4595,11.5288,9.49396,5.79568
99236,67.9208,0.687624,-1.75337,0.0406833,-0.256421,0.0,7777.48,2,0.0,0.0,0.390749243146425,60,HAIRPIN,APEX,17.207,0.20289999999999964,9,17.207,0,0.5259505655172414,0.0,0.0,False,0,13.8316,32.2448,25.9219,21.9151,19.7615,18.7606,18.2479,17.8112,17.5062,17.207,16.9134,16.6255,16.2321,15.796,15.0166,13.6025,11.6371,9.566,5.80865
99235,67.7858,0.626165,-1.78595,0.03388,-0.258188,0.0,7761.42,2,0.0,0.0,0.37107451574842343,60,HAIRPIN,APEX,17.4267,0.21969999999999956,9,17.4267,0,0.5250050979310346,0.0,0.0,False,0,13.6283,32.6265,26.2542,22.2027,20.0203,19.0046,18.4841,18.0407,17.7308,17.4267,17.1284,16.8358,16.4357,15.9921,15.1991,13.7595,11.7572,9.64719,5.82589
99234,67.6532,0.558568,-1.8035,0.0268799,-0.259586,0.0,7745.94,2,0.0,0.0,0.34821856731718015,60,HAIRPIN,APEX,17.6622,0.23549999999999827,9,17.6622,0,0.5239916358620689,0.0,0.0,False,0,13.4252,33.0253,26.6039,22.5076,20.2959,19.2651,18.7364,18.286,17.9712,17.6622,17.3589,17.0614,16.6545,16.2032,15.396,13.9295,11.8886,9.73712,5.84729
99233,67.5254,0.48387,-1.80858,0.0198802,-0.26061,0.0,7731.33,2,0.0,0.0,0.3227288256499794,60,HAIRPIN,APEX,17.9065,0.24430000000000263,9,17.9065,0,0.5229403034482759,0.0,0.0,False,0,13.2283,33.4298,26.9613,22.821,20.5803,19.5345,18.9978,18.5403,18.2205,17.9065,17.5983,17.2958,16.882,16.423,15.6014,14.1077,12.0272,9.83301,5.872
99232,67.4037,0.407216,-1.80543,0.0130838,-0.261262,0.0,7717.76,2,0.6,0.0,0.29525194867286864,78,MEDIUM,APEX,18.1488,0.24230000000000018,9,18.1488,0,0.5218975779310345,0.0,0.0,False,0,13.045,33.8233,27.3112,23.1295,20.861,19.801,19.2566,18.7923,18.4677,18.1488,17.8358,17.5286,17.1082,16.6416,15.8062,14.286,12.1667,9.93045,5.89866
99231,67.2885,0.337995,-1.79832,0.00691414,-0.261606,0.0,7705.26,2,0.6,0.0,0.26673501600811617,78,MEDIUM,APEX,18.3761,0.2272999999999996,9,18.3761,0,0.520919404137931,0.0,0.0,False,0,12.8829,34.1869,27.6358,23.4169,21.1232,20.0503,19.4989,19.0285,18.6994,18.3761,18.0587,17.747,17.3206,16.8471,15.999,14.4544,12.2991,10.0235,5.92521
99230,67.6578,0.159004,-1.79213,0.0016849,-0.261688,0.0,8443.01,2,0.48,0.0,0.23826331252798233,78,MEDIUM,APEX,18.5753,0.1991999999999976,9,18.5753,0,0.5200621572413793,0.0,0.0,False,0,12.7478,34.5021,27.918,23.6674,21.3522,20.2683,19.7109,19.2353,18.9024,18.5753,18.2541,17.9387,17.507,17.0275,16.1685,14.6027,12.4161,10.1064,5.94971
99229,68.2355,-0.080125,-1.7865,-0.00270736,-0.261679,0.0,8570.68,2,0.48,0.0,0.21063771474536236,78,MEDIUM,APEX,18.7471,0.17180000000000106,9,18.7471,0,0.5193228248275862,0.0,0.0,False,0,12.6365,34.773,28.1605,23.8829,21.5494,20.456,19.8935,19.4134,19.0773,18.7471,18.4226,18.104,17.6677,17.1831,16.3146,14.7309,12.5173,10.1782,5.97122
99228,68.8128,-0.252745,-1.78425,-0.00582838,-0.261616,0.0,8418.85,2,0.48,0.0,0.18494045370942333,78,MEDIUM,APEX,18.8735,0.1264000000000003,9,18.8735,0,0.5187788689655172,0.0,0.0,False,0,12.5576,34.9744,28.3398,24.0419,21.6949,20.5942,20.028,19.5446,19.2062,18.8735,18.5467,18.2257,17.7861,17.2977,16.4222,14.8252,12.5917,10.231,5.98718
99227,69.3241,-0.280087,-1.79056,-0.00687933,-0.261496,0.0,8387.36,2,0.6,0.0,0.16283683666880566,78,MEDIUM,APEX,18.9234,0.049900000000000944,9,18.9234,0,0.5185641268965517,0.0,0.0,False,0,12.5279,35.0604,28.4139,24.1061,21.753,20.6492,20.0813,19.5965,19.2571,18.9234,18.5956,18.2736,17.8326,17.3427,16.4642,14.8618,12.6204,10.2513,5.99353
99226,69.8111,-0.215008,-1.80641,-0.00580609,-0.261351,0.0,8401.96,2,0.6,0.0,0.14574731877637773,78,MEDIUM,APEX,18.8937,-0.029700000000001836,9,18.8937,0,0.5186919393103449,0.0,0.0,False,0,12.5477,35.0273,28.3789,24.0721,21.7205,20.6177,20.0503,19.5659,19.2269,18.8937,18.5663,18.2447,17.8043,17.315,16.4378,14.8382,12.6012,10.2374,5.98967
99225,70.3616,-0.141252,-1.82961,-0.00313365,-0.261227,0.0,8605.42,2,0.48,0.0,0.13432846456561984,78,MEDIUM,APEX,18.8037,-0.08999999999999986,9,18.8037,0,0.5190792496551725,0.0,0.0,False,0,12.6057,34.9043,28.2616,23.9639,21.6195,20.5207,19.9555,19.4731,19.1355,18.8037,18.4778,18.1577,17.7194,17.2326,16.3599,14.769,12.5459,10.1977,5.97788
99224,70.9793,-0.10168,-1.85715,0.000432134,-0.261271,0.0,8707.03,2,0.48,0.0,0.12844118806833807,78,MEDIUM,APEX,18.6791,-0.12460000000000093,9,18.6791,0,0.5196154593103448,0.0,0.0,False,0,12.6883,34.7303,28.0974,23.8132,21.4793,20.3861,19.8241,19.3444,19.0088,18.6791,18.3552,18.0373,17.6019,17.1184,16.2519,14.6733,12.4691,10.1423,5.9606
99223,71.5501,-0.0452175,-1.88248,0.00474513,-0.261533,0.0,8600.86,2,0.6,0.0,0.12783252209413273,78,MEDIUM,APEX,18.5253,-0.15379999999999683,9,18.5253,0,0.5202773296551724,0.0,0.0,False,0,12.7939,34.5132,27.8937,23.6268,21.306,20.2199,19.6618,19.1856,18.8525,18.5253,18.204,17.8886,17.4568,16.9774,16.1187,14.5552,12.3741,10.0734,5.93827
99222,72.0443,0.0486029,-1.90111,0.00979578,-0.262035,0.0,8634.22,2,0.6,0.0,0.1322872285848461,78,MEDIUM,APEX,18.3416,-0.18370000000000175,9,18.3416,0,0.5210678731034483,0.0,0.0,False,0,12.9253,34.2515,27.6491,23.4036,21.0987,20.0213,19.4679,18.9959,18.6658,18.3416,18.0234,17.711,17.2836,16.8092,15.9597,14.4141,12.2606,9.9907,5.91069
99221,72.6029,0.124094,-1.91139,0.0150985,-0.262807,0.0,8861.94,2,0.48,0.0,0.14115789179820445,78,MEDIUM,APEX,18.1448,-0.19679999999999964,9,18.1448,0,0.5219147917241379,0.0,0.0,False,0,13.0733,33.9701,27.3865,23.1642,20.8765,19.8084,19.2601,18.7926,18.4657,18.1448,17.8298,17.5207,17.0979,16.6288,15.7892,14.2628,12.1384,9.90133,5.87987
99220,73.2343,0.162259,-1.91526,0.020273,-0.263882,0.0,8974.82,2,0.0,0.45,0.15354547482169587,60,HAIRPIN,APEX,17.9511,-0.19369999999999976,9,17.9511,0,0.5227483696551725,0.0,0.0,False,0,13.2269,33.6944,27.1289,22.9292,20.6581,19.599,19.0556,18.5925,18.2688,17.9511,17.6392,17.3333,16.915,16.451,15.6211,14.1133,12.0172,9.81201,5.84772
99219,73.818,0.21116,-1.91508,0.0252706,-0.265288,0.0,8866.02,2,0.0,0.45,0.1686672668917667,60,HAIRPIN,APEX,17.7617,-0.18939999999999912,9,17.7617,0,0.5235634427586207,0.0,0.0,False,0,13.3852,33.4269,26.8783,22.7001,20.445,19.3946,18.856,18.3971,18.0764,17.7617,17.4529,17.1501,16.7361,16.277,15.4563,13.9665,11.8976,9.72307,5.81428
99218,73.2181,0.228909,-1.90935,0.030497,-0.266983,0.0,8126.9,2,0.0,0.45,0.18627373564402674,60,HAIRPIN,APEX,17.5626,-0.1991000000000014,9,17.5626,0,0.5244202593103449,0.0,0.0,False,0,13.56,33.1448,26.6144,22.4591,20.221,19.1798,18.6461,18.1916,17.8742,17.5626,17.2571,16.9575,16.548,16.0941,15.283,13.8119,11.7714,9.62893,5.77802
99217,72.0047,0.181533,-1.89828,0.0361125,-0.269044,0.0,7948.26,2,0.0,0.45,0.2063216680684271,60,HAIRPIN,APEX,17.3474,-0.2151999999999994,9,17.3474,0,0.5253463613793103,0.0,0.0,False,0,13.7592,32.8381,26.3283,22.1982,19.9786,18.9474,18.4192,17.9695,17.6555,17.3474,17.0454,16.7492,16.3446,15.8963,15.0957,13.6448,11.6347,9.52656,5.73771
99216,70.6821,0.144673,-1.86628,0.0417637,-0.271475,0.0,7764.59,2,0.0,0.0,0.228431681512569,60,HAIRPIN,APEX,17.1286,-0.21880000000000166,9,17.1286,0,0.526287955862069,0.0,0.0,False,0,13.9739,32.5266,26.0376,21.9332,19.7323,18.7112,18.1885,17.7437,17.4331,17.1286,16.83,16.5375,16.1378,15.6951,14.9049,13.4744,11.495,9.42125,5.69496
99215,69.2921,0.12808,-1.80842,0.0470771,-0.27424,0.0,7585.91,2,0.0,0.0,0.25192642024946715,60,HAIRPIN,APEX,16.9194,-0.20919999999999916,9,16.9194,0,0.5271882372413793,0.0,0.0,False,0,14.192,32.231,25.7611,21.6806,19.4973,18.4856,17.9681,17.5279,17.2206,16.9194,16.6241,16.3348,15.9398,15.5024,14.7221,13.3107,11.3599,9.31863,5.65165
99214,68.3315,0.317629,-1.73004,0.0511043,-0.277215,0.0,7833.25,2,0.0,0.0,0.2753182025890601,60,HAIRPIN,APEX,16.753,-0.16639999999999944,9,16.753,0,0.5279043310344829,0.0,0.0,False,0,14.3758,32.0053,25.5469,21.4829,19.3121,18.3072,17.7935,17.3566,17.0518,16.753,16.4602,16.1733,15.7817,15.3482,14.5752,13.1782,11.2493,9.23288,5.61263
99213,68.1443,0.590345,-1.64904,0.0514613,-0.280043,0.0,7804.17,2,0.0,0.0,0.2950406273933912,60,HAIRPIN,APEX,16.7135,-0.03950000000000031,9,16.7135,0,0.5280743172413793,0.0,0.0,False,0,14.4251,31.9856,25.5163,21.4468,19.274,18.2684,17.7544,17.3173,17.0124,16.7135,16.4206,16.1337,15.742,15.3085,14.5357,13.1394,11.2126,9.19989,5.59035
99212,68.0225,0.72052,-1.58503,0.0497717,-0.282651,0.0,7792.2,2,0.0,0.0,0.3097456847988326,60,HAIRPIN,APEX,16.7465,0.03300000000000125,9,16.7465,0,0.5279323034482759,0.0,0.0,False,0,14.3949,32.0827,25.5901,21.503,19.3198,18.3091,17.7926,17.3534,17.0469,16.7465,16.4522,16.1638,15.7702,15.3345,14.5576,13.1545,11.2186,9.1976,5.57836
99211,67.9052,0.790374,-1.54578,0.0470339,-0.285034,0.0,7780.33,2,0.0,0.0,0.3193001345237289,60,HAIRPIN,APEX,16.8158,0.06929999999999836,9,16.8158,0,0.5276340744827586,0.0,0.0,False,0,14.327,32.2364,25.7149,21.6045,19.4072,18.3895,17.8693,17.4269,17.1183,16.8158,16.5193,16.2288,15.8322,15.3933,14.6105,13.1967,11.2464,9.21114,5.5721
99210,67.7911,0.831132,-1.53571,0.0438957,-0.287183,0.0,7768.13,2,0.0,0.0,0.32422507943858864,60,HAIRPIN,APEX,16.9023,0.08650000000000091,9,16.9023,0,0.5272618262068965,0.0,0.0,False,0,14.2435,32.4152,25.863,21.7271,19.5142,18.4887,17.9643,17.5184,17.2073,16.9023,16.6034,16.3105,15.9106,15.4679,14.6785,13.2522,11.2851,9.23287,5.56925
99209,67.6796,0.852552,-1.55364,0.040661,-0.289085,0.0,7755.62,2,0.0,0.0,0.3252429418829272,60,HAIRPIN,APEX,16.9964,0.09410000000000096,9,16.9964,0,0.526856871724138,0.0,0.0,False,0,14.1553,32.6028,26.0202,21.8584,19.6295,18.596,18.0674,17.6177,17.304,16.9964,16.695,16.3996,15.9963,15.5498,14.7533,13.3142,11.3292,9.25901,5.56874
99208,67.5695,0.861873,-1.59268,0.0374078,-0.290779,0.0,7742.73,2,0.0,0.0,0.3230247499787815,60,HAIRPIN,APEX,17.0952,0.09879999999999711,9,17.0952,0,0.5264316910344827,0.0,0.0,False,0,14.0657,32.7955,26.182,21.9946,19.7495,18.708,18.175,17.7217,17.4054,17.0952,16.7911,16.4932,16.0864,15.636,14.8325,13.3801,11.3769,9.28814,5.56998
99207,67.4601,0.858674,-1.647,0.0340667,-0.29226,0.0,7729.45,2,0.0,0.0,0.3180528072255523,60,HAIRPIN,APEX,17.201,0.10580000000000211,9,17.201,0,0.5259763862068966,0.0,0.0,False,0,13.9725,33.0106,26.352,22.1387,19.8771,18.8274,18.2901,17.833,17.5139,17.201,16.8943,16.5938,16.1834,15.7289,14.9181,13.452,11.4296,9.3213,5.57331
99206,67.3507,0.849146,-1.6989,0.0305374,-0.293527,0.0,7716.4,2,0.0,0.0,0.3106248390591005,60,HAIRPIN,APEX,17.3178,0.1167999999999978,9,17.3178,0,0.5254737434482759,0.0,0.0,False,0,13.8729,33.2612,26.5356,22.2956,20.0166,18.9584,18.4165,17.9554,17.6335,17.3178,17.0083,16.705,16.2906,15.8319,15.0132,13.5326,11.4895,9.36007,5.57921
99205,67.2415,0.836041,-1.73448,0.0267732,-0.294573,0.0,7703.66,2,0.0,0.0,0.3009390144174765,60,HAIRPIN,APEX,17.4474,0.12959999999999994,9,17.4474,0,0.5249160165517242,0.0,0.0,False,0,13.7657,33.5536,26.7353,22.4674,20.1704,19.103,18.5563,18.091,17.7661,17.4474,17.1349,16.8286,16.4102,15.9467,15.1197,13.6235,11.5578,9.40528,5.58797
99204,67.134,0.816189,-1.75389,0.0228474,-0.295397,0.0,7691.41,2,0.0,0.0,0.2892291597007331,60,HAIRPIN,APEX,17.5874,0.14000000000000057,9,17.5874,0,0.5243135337931034,0.0,0.0,False,0,13.6537,33.8869,26.9475,22.6511,20.3355,19.2586,18.707,18.2373,17.9092,17.5874,17.2718,16.9624,16.5397,16.0714,15.2355,13.7228,11.6333,9.45605,5.59931
99203,67.0293,0.789046,-1.76022,0.0189263,-0.295996,0.0,7679.68,2,0.0,0.0,0.2758487882551748,60,HAIRPIN,APEX,17.7319,0.14450000000000074,9,17.7319,0,0.5236916855172414,0.0,0.0,False,0,13.5422,34.2537,27.1635,22.8392,20.5052,19.4188,18.8621,18.388,18.0569,17.7319,17.4132,17.1007,16.6737,16.2006,15.3557,13.8262,11.7126,9.51,5.61255
99202,66.928,0.758202,-1.75754,0.0152103,-0.296384,0.0,7668.47,2,0.0,0.0,0.2612839338864165,60,HAIRPIN,APEX,17.8733,0.14140000000000086,9,17.8733,0,0.5230831779310344,0.0,0.0,False,0,13.4367,34.6417,27.3728,23.022,20.6707,19.5752,19.0136,18.5353,18.2012,17.8733,17.5517,17.2362,16.8051,16.3273,15.4738,13.9282,11.7913,9.56396,5.62668
99201,66.8299,0.727989,-1.751,0.0118779,-0.29658,0.0,7657.72,2,0.6,0.0,0.24610830795799504,78,MEDIUM,APEX,18.0044,0.1311,9,18.0044,0,0.522518995862069,0.0,0.0,False,0,13.342,35.0382,27.5655,23.1908,20.8237,19.7201,19.1541,18.6719,18.335,18.0044,17.6801,17.362,16.9271,16.4451,15.5838,14.0233,11.8651,9.61489,5.64072
99200,66.7354,0.699197,-1.74343,0.00900126,-0.296611,0.0,7647.46,2,0.6,0.0,0.23086448646665472,78,MEDIUM,APEX,18.1188,0.11439999999999984,9,18.1188,0,0.5220266813793104,0.0,0.0,False,0,13.2617,35.4297,27.7329,23.3376,20.9569,19.8463,19.2765,18.7911,18.4518,18.1188,17.7921,17.4717,17.0337,16.548,15.68,14.1067,11.93,9.66002,5.65373
99199,67.1331,0.586345,-1.73768,0.00681376,-0.296522,0.0,8284.37,2,0.48,0.0,0.2162277784431129,78,MEDIUM,APEX,18.209,0.09019999999999939,9,18.209,0,0.5216385103448276,0.0,0.0,False,0,13.1999,35.799,27.865,23.4534,21.0618,19.9458,19.3731,18.885,18.5438,18.209,17.8805,17.5582,17.1177,16.6292,15.7559,14.1726,11.9815,9.69597,5.66449
99198,67.7264,0.436312,-1.73314,0.00520873,-0.296466,0.0,8384.09,2,0.48,0.0,0.2026585028989466,78,MEDIUM,APEX,18.2775,0.06850000000000023,9,18.2775,0,0.5213437241379311,0.0,0.0,False,0,13.1544,36.1523,27.9668,23.542,21.1417,20.0215,19.4464,18.9563,18.6138,18.2775,17.9475,17.6238,17.1812,16.6905,15.8133,14.2223,12.02,9.72278,5.67238
99197,68.2952,0.34496,-1.7331,0.0044812,-0.296454,0.0,8248.96,2,0.6,0.0,0.19082224137875461,78,MEDIUM,APEX,18.3125,0.03500000000000014,9,18.3125,0,0.521193103448276,0.0,0.0,False,0,13.1323,36.4592,28.022,23.5888,21.1834,20.0605,19.4843,18.993,18.6496,18.3125,17.9817,17.6572,17.2135,16.7215,15.8421,14.247,12.0388,9.73559,5.67595
99196,68.7847,0.348395,-1.74204,0.00513554,-0.29647,0.0,8254.27,2,0.6,0.0,0.18175494697842923,78,MEDIUM,APEX,18.2947,-0.017800000000001148,9,18.2947,0,0.5212697048275862,0.0,0.0,False,0,13.1459,36.6505,28.0037,23.5697,21.1645,20.042,19.4659,18.9749,18.6317,18.2947,17.9641,17.6398,17.1963,16.7046,15.8259,14.2323,12.0265,9.72655,5.67292
99195,69.3299,0.363151,-1.75905,0.0068779,-0.296546,0.0,8450.71,2,0.6,0.0,0.17602207183483345,78,MEDIUM,APEX,18.235,-0.05969999999999942,9,18.235,0,0.5215266206896552,0.0,0.0,False,0,13.1885,36.7355,27.9271,23.4983,21.0976,19.9776,19.403,18.9133,18.571,18.235,17.9054,17.582,17.1399,16.6498,15.774,14.1863,11.9896,9.69997,5.66446
99194,69.9394,0.355104,-1.7809,0.00913513,-0.296759,0.0,8546.37,2,0.48,0.0,0.17353428920772027,78,MEDIUM,APEX,18.1546,-0.08040000000000092,9,18.1546,0,0.5218726179310345,0.0,0.0,False,0,13.2466,36.7695,27.8248,23.4014,21.0072,19.8907,19.3181,18.8302,18.4893,18.1546,17.8263,17.5042,17.064,16.576,15.7042,14.1246,11.94,9.66413,5.65266
99193,70.5619,0.341734,-1.80603,0.0117406,-0.297134,0.0,8631.11,2,0.48,0.0,0.17405775884250263,78,MEDIUM,APEX,18.0596,-0.09499999999999886,9,18.0596,0,0.5222814455172414,0.0,0.0,False,0,13.3166,36.769,27.7073,23.2867,20.9004,19.7881,19.2179,18.7321,18.3927,18.0596,17.7329,17.4124,16.9744,16.489,15.6219,14.0516,11.8813,9.62147,5.63812
99192,71.1208,0.35729,-1.82862,0.0146545,-0.297702,0.0,8535.8,2,0.0,0.0,0.17736407606571805,60,HAIRPIN,APEX,17.9514,-0.10820000000000007,9,17.9514,0,0.5227470786206896,0.0,0.0,False,0,13.3984,36.7383,27.5759,23.1561,20.7787,19.6713,19.1037,18.6204,18.2827,17.9514,17.6264,17.3078,16.8723,16.3898,15.528,13.9684,11.8142,9.57244,5.62086
99191,71.6011,0.407311,-1.84596,0.0179168,-0.29845,0.0,8580.94,2,0.0,0.0,0.1833039917543487,60,HAIRPIN,APEX,17.8288,-0.12259999999999849,9,17.8288,0,0.5232746813793103,0.0,0.0,False,0,13.4937,36.6751,27.428,23.0077,20.6406,19.5389,18.9743,18.4937,18.1581,17.8288,17.5059,17.1893,16.7567,16.2774,15.4218,13.874,11.7381,9.51663,5.6008
99190,71.6776,0.49665,-1.85618,0.0211773,-0.299355,0.0,8209.39,2,0.0,0.0,0.1914124437337667,60,HAIRPIN,APEX,17.7052,-0.12359999999999971,9,17.7052,0,0.5238065875862069,0.0,0.0,False,0,13.5928,36.6085,27.2829,22.8584,20.5015,19.4054,18.844,18.3661,18.0324,17.7052,17.3843,17.0697,16.64,16.164,15.3145,13.7786,11.6609,9.45966,5.57972
99189,71.5658,0.568188,-1.85884,0.0237131,-0.300374,0.0,8195.31,2,0.0,0.0,0.2006010147976071,60,HAIRPIN,APEX,17.6041,-0.10110000000000241,9,17.6041,0,0.5242416662068965,0.0,0.0,False,0,13.677,36.5888,27.1777,22.7379,20.3887,19.2968,18.7377,18.262,17.9298,17.6041,17.2848,16.9718,16.5443,16.0709,15.2262,13.6996,11.5963,9.41133,5.5607
99188,71.4545,0.613969,-1.85008,0.0255507,-0.301482,0.0,8181.84,2,0.0,0.0,0.21000130458532135,60,HAIRPIN,APEX,17.5283,-0.07579999999999742,9,17.5283,0,0.5245678675862069,0.0,0.0,False,0,13.7428,36.6199,27.1188,22.6495,20.305,19.216,18.6585,18.1841,17.853,17.5283,17.21,16.8981,16.4721,16.0004,15.159,13.639,11.546,9.37277,5.54416
99187,71.3421,0.64595,-1.83157,0.0267277,-0.302656,0.0,8168.72,2,0.0,0.0,0.21893627506352428,60,HAIRPIN,APEX,17.4763,-0.052000000000003155,9,17.4763,0,0.5247916468965518,0.0,0.0,False,0,13.79,36.6967,27.107,22.5918,20.2492,19.1615,18.6048,18.1311,17.8005,17.4763,17.1586,16.8472,16.4221,15.9515,15.112,13.5958,11.5091,9.34351,5.53009
99186,71.2293,0.664569,-1.81106,0.0273184,-0.30386,0.0,8155.54,2,0.0,0.0,0.2269206629439431,60,HAIRPIN,APEX,17.4459,-0.030399999999996652,9,17.4459,0,0.524922471724138,0.0,0.0,False,0,13.82,36.8115,27.1417,22.5614,20.2183,19.1307,18.5741,18.1005,17.77,17.4459,17.1283,16.8171,16.3921,15.9218,15.083,13.5682,11.4844,9.32276,5.51843
99185,71.1157,0.676338,-1.79097,0.0274045,-0.305075,0.0,8142.72,2,0.0,0.0,0.23363483083835984,60,HAIRPIN,APEX,17.4342,-0.011700000000001154,9,17.4342,0,0.5249728220689656,0.0,0.0,False,0,13.8347,36.9576,27.2213,22.555,20.2091,19.1205,18.5634,18.0894,17.7586,17.4342,17.1163,16.8048,16.3796,15.9089,15.0697,13.5544,11.4703,9.30947,5.50894
99184,71.0018,0.683895,-1.77373,0.0270809,-0.306266,0.0,8129.82,2,0.0,0.0,0.2389067173695242,60,HAIRPIN,APEX,17.4382,0.003999999999997783,9,17.4382,0,0.5249556082758622,0.0,0.0,False,0,13.8364,37.127,27.3442,22.5684,20.2182,19.1275,18.5694,18.0946,17.7632,17.4382,17.1197,16.8077,16.3818,15.9102,15.0696,13.5521,11.4653,9.3026,5.50146
99183,70.8876,0.688233,-1.76168,0.0264241,-0.307426,0.0,8116.88,2,0.0,0.0,0.2426692665693477,60,HAIRPIN,APEX,17.4553,0.01710000000000278,9,17.4553,0,0.5248820193103448,0.0,0.0,False,0,13.8273,37.313,27.5092,22.5983,20.2423,19.1488,18.5893,18.1133,17.7811,17.4553,17.136,16.8232,16.3961,15.9234,15.0806,13.5595,11.4679,9.30113,5.49572
99182,70.7737,0.6876,-1.75691,0.0255131,-0.30852,0.0,8103.91,2,0.0,0.0,0.24494204677588388,60,HAIRPIN,APEX,17.4831,0.02779999999999916,9,17.4831,0,0.5247623834482759,0.0,0.0,False,0,13.8096,37.5093,27.7154,22.6415,20.2786,19.1818,18.6205,18.1431,17.8098,17.4831,17.1628,16.849,16.4205,15.9463,15.1008,13.5749,11.4769,9.30429,5.49164
99181,70.6601,0.684562,-1.75821,0.0244073,-0.309553,0.0,8090.93,2,0.0,0.0,0.2457993033044889,60,HAIRPIN,APEX,17.5193,0.0362000000000009,9,17.5193,0,0.5246065986206896,0.0,0.0,False,0,13.7852,37.7114,27.9626,22.6969,20.3247,19.224,18.6608,18.1816,17.8472,17.5193,17.1979,16.8829,16.4529,15.9769,15.1282,13.5967,11.4911,9.31116,5.48892
99180,70.547,0.678435,-1.76386,0.0231627,-0.310506,0.0,8078.04,2,0.0,0.0,0.2453551632958513,60,HAIRPIN,APEX,17.5623,0.04299999999999926,9,17.5623,0,0.5244215503448275,0.0,0.0,False,0,13.7556,37.915,28.2511,22.7724,20.3784,19.2736,18.7082,18.2272,17.8914,17.5623,17.2396,16.9234,16.4917,16.0137,15.1615,13.6236,11.5095,9.32117,5.48747
99179,70.4233,0.670525,-1.77331,0.0216273,-0.311461,0.0,8063.95,2,0.0,0.0,0.24356076751107392,60,HAIRPIN,APEX,17.6151,0.05280000000000129,9,17.6151,0,0.5241943282758621,0.0,0.0,False,0,13.7189,38.1367,28.6167,22.8795,20.4438,19.3343,18.7663,18.2831,17.9458,17.6151,17.291,16.9734,16.5397,16.0595,15.2032,13.6577,11.5334,9.33496,5.48709
99178,70.3007,0.660895,-1.78354,0.0200019,-0.312302,0.0,8050.04,2,0.0,0.0,0.24056370184720685,60,HAIRPIN,APEX,17.6719,0.05679999999999907,9,17.6719,0,0.5239498924137931,0.0,0.0,False,0,13.6796,38.3534,29.0337,23.011,20.5134,19.399,18.8285,18.3431,18.0042,17.6719,17.3462,17.0271,16.5913,16.1088,15.2484,13.695,11.5601,9.3509,5.4878
99177,70.1788,0.654464,-1.79126,0.01837,-0.313057,0.0,8036.31,2,0.0,0.0,0.2365682332988501,60,HAIRPIN,APEX,17.7308,0.05889999999999773,9,17.7308,0,0.5236964193103448,0.0,0.0,False,0,13.6393,38.5631,29.4768,23.1666,20.585,19.4659,18.8928,18.4051,18.0646,17.7308,17.4035,17.0828,16.6449,16.1601,15.2954,13.7341,11.5883,9.36815,5.48924
99176,70.0584,0.64508,-1.79962,0.0167753,-0.313691,0.0,8022.39,2,0.0,0.0,0.23178203183617585,60,HAIRPIN,APEX,17.7905,0.05970000000000297,9,17.7905,0,0.5234395034482758,0.0,0.0,False,0,13.5986,38.7633,29.8866,23.3464,20.6601,19.5335,18.9579,18.468,18.126,17.7905,17.4617,17.1395,16.6995,16.2123,15.3434,13.7743,11.6175,9.38648,5.49152
99175,69.9394,0.633214,-1.80776,0.0152643,-0.314219,0.0,8009.18,2,0.0,0.0,0.2264217051484304,60,HAIRPIN,APEX,17.8492,0.0586999999999982,9,17.8492,0,0.5231868910344828,0.0,0.0,False,0,13.5592,38.9512,30.2613,23.5497,20.7491,19.5997,19.0217,18.5297,18.1861,17.8492,17.5189,17.1952,16.7532,16.2637,15.3907,13.8141,11.6466,9.40502,5.49433
99174,69.8221,0.624268,-1.81133,0.0139239,-0.314663,0.0,7996.2,2,0.0,0.0,0.22075101939587044,60,HAIRPIN,APEX,17.9032,0.053999999999998494,9,17.9032,0,0.5229545048275862,0.0,0.0,False,0,13.5235,39.1215,30.5978,23.7726,20.8499,19.6612,19.0802,18.5863,18.2414,17.9032,17.5715,17.2464,16.8025,16.3109,15.4342,13.8507,11.6734,9.42216,5.4971
99173,69.7068,0.61581,-1.81538,0.0128324,-0.315017,0.0,7983.44,2,0.0,0.0,0.2150621188420163,60,HAIRPIN,APEX,17.9493,0.046100000000002694,9,17.9493,0,0.522756115862069,0.0,0.0,False,0,13.4936,39.2699,30.894,24.0115,20.9595,19.7257,19.1305,18.6348,18.2888,17.9493,17.6165,17.2903,16.8447,16.3513,15.4713,13.8819,11.6962,9.43673,5.49952
99172,69.593,0.613248,-1.8197,0.0120291,-0.315308,0.0,7970.85,2,0.0,0.0,0.20963468789324727,60,HAIRPIN,APEX,17.9858,0.0365000000000002,9,17.9858,0,0.52259904,0.0,0.0,False,0,13.4707,39.3947,31.1504,24.2641,21.0757,19.7951,19.1788,18.6732,18.3262,17.9858,17.652,17.3249,16.878,16.3831,15.5003,13.9061,11.7138,9.4478,5.5012
99171,69.4809,0.613023,-1.82158,0.0115173,-0.315558,0.0,7958.48,2,0.6,0.0,0.20470278685602514,78,MEDIUM,APEX,18.0119,0.026099999999999568,9,18.0119,0,0.5224867200000001,0.0,0.0,False,0,13.4549,39.4972,31.3712,24.5301,21.198,19.8686,19.2307,18.7081,18.3536,18.0119,17.6775,17.3496,16.9017,16.4057,15.5209,13.923,11.7259,9.45503,5.50195
99170,69.3702,0.616703,-1.82123,0.0112884,-0.315773,0.0,7946.22,2,0.6,0.0,0.20045037893868375,78,MEDIUM,APEX,18.0297,0.017799999999997596,9,18.0297,0,0.5224101186206898,0.0,0.0,False,0,13.4461,39.5782,31.5601,24.8107,21.327,19.9467,19.2863,18.7462,18.3803,18.0297,17.6931,17.3647,16.9162,16.4194,15.5331,13.9326,11.7323,9.45848,5.50176
99169,69.8316,0.542586,-1.81908,0.0113273,-0.316006,0.0,8594.14,2,0.48,0.0,0.19701723134545582,78,MEDIUM,APEX,18.0444,0.014700000000001268,9,18.0444,0,0.5223468579310345,0.0,0.0,False,0,13.4469,39.6334,31.7135,25.0999,21.4576,20.0247,19.3413,18.7833,18.4058,18.0444,17.6983,17.3665,16.9176,16.4205,15.5337,13.9321,11.7308,9.45628,5.49984
99168,70.5108,0.427008,-1.81556,0.0115609,-0.316371,0.0,8704.37,2,0.48,0.0,0.19445454931861128,78,MEDIUM,APEX,18.0626,0.018200000000000216,9,18.0626,0,0.5222685351724138,0.0,0.0,False,0,13.4547,39.6722,31.8434,25.4015,21.5982,20.1096,19.4017,18.825,18.4352,18.0626,17.7061,17.3647,16.9103,16.413,15.5261,13.9243,11.7233,9.44958,5.49599
99167,71.1478,0.372638,-1.81506,0.0123153,-0.316871,0.0,8565.92,2,0.6,0.0,0.19312215696969812,78,MEDIUM,APEX,18.0712,0.008600000000001273,9,18.0712,0,0.5222315255172414,0.0,0.0,False,0,13.4778,39.676,31.9297,25.6431,21.7298,20.1848,19.4525,18.8569,18.455,18.0712,17.7044,17.3534,16.8869,16.3859,15.4999,13.9002,11.7028,9.43349,5.48879
99166,71.6887,0.399986,-1.82659,0.0140858,-0.317469,0.0,8596.0,2,0.6,0.0,0.19379501546326383,78,MEDIUM,APEX,18.048,-0.023200000000002774,9,18.048,0,0.5223313655172414,0.0,0.0,False,0,13.5296,39.6158,31.9418,25.7866,21.8188,20.2218,19.4672,18.8547,18.4418,18.048,17.672,17.3126,16.8355,16.3243,15.4397,13.8464,11.6588,9.40092,5.47638
99165,72.3036,0.419291,-1.84758,0.0164144,-0.3182,0.0,8830.98,2,0.48,0.0,0.1966648820149485,78,MEDIUM,APEX,18.011,-0.036999999999999034,9,18.011,0,0.5224905931034483,0.0,0.0,False,0,13.5987,39.5197,31.9122,25.8739,21.8911,20.243,19.4668,18.8377,18.4144,18.011,17.6262,17.2588,16.7715,16.2501,15.3602,13.7757,11.6014,9.35863,5.46056
99164,72.9916,0.399578,-1.87152,0.0186636,-0.319107,0.0,8952.48,2,0.0,0.45,0.20127099573110396,60,HAIRPIN,APEX,17.9882,-0.022800000000000153,9,17.9882,0,0.5225887117241379,0.0,0.0,False,0,13.6684,39.4263,31.8832,25.9557,21.9897,20.2848,19.4845,18.8372,18.4022,17.9882,17.5938,17.2175,16.719,16.1865,15.2818,13.7056,11.5441,9.31604,5.44389
99163,73.6151,0.39541,-1.89868,0.0208619,-0.320216,0.0,8854.1,2,0.0,0.45,0.20726507088411278,60,HAIRPIN,APEX,17.9794,-0.008800000000000807,9,17.9794,0,0.5226265820689655,0.0,0.0,False,0,13.74,39.3337,31.8532,26.0294,22.1151,20.3471,19.5202,18.8529,18.4051,17.9794,17.5743,17.1883,16.6777,16.1328,15.2093,13.6349,11.4861,9.27236,5.42603
99162,72.9325,0.351438,-1.9232,0.0237291,-0.32151,0.0,8079.4,2,0.0,0.45,0.21506145591291848,60,HAIRPIN,APEX,17.95,-0.029399999999998983,9,17.95,0,0.5227531034482759,0.0,0.0,False,0,13.8341,39.1992,31.776,26.0441,22.2127,20.3845,19.5325,18.8462,18.3865,17.95,17.535,17.1401,16.6182,16.0623,15.1217,13.544,11.4119,9.21703,5.40397
99161,71.5871,0.240138,-1.92689,0.0274718,-0.323111,0.0,7881.69,2,0.0,0.0,0.22520949557426057,60,HAIRPIN,APEX,17.8833,-0.06670000000000087,9,17.8833,0,0.5230401434482759,0.0,0.0,False,0,13.9594,39.0098,31.6369,25.9838,22.2471,20.3736,19.5003,18.7983,18.3287,17.8833,17.4603,17.0581,16.5273,15.9625,15.0089,13.4259,11.3161,9.14587,5.37599
99160,70.1018,0.159204,-1.88834,0.0315373,-0.325064,0.0,7681.92,2,0.0,0.0,0.2376243851539385,60,HAIRPIN,APEX,17.8007,-0.08259999999999934,9,17.8007,0,0.5233956082758621,0.0,0.0,False,0,14.0906,38.7954,31.4684,25.8858,22.2333,20.3418,19.449,18.7327,18.2541,17.8007,17.3706,16.962,16.4232,15.8508,14.8859,13.2943,11.2093,9.06625,5.34401
99159,69.0684,0.339363,-1.80852,0.0346751,-0.327236,0.0,7918.35,2,0.0,0.0,0.251009465257529,60,HAIRPIN,APEX,17.7667,-0.03399999999999892,9,17.7667,0,0.5235419255172414,0.0,0.0,False,0,14.187,38.6292,31.3484,25.8356,22.2652,20.3742,19.4562,18.721,18.2307,17.7667,17.327,16.9098,16.3604,15.7775,14.7968,13.1853,11.1189,8.99751,5.31424
99158,68.9061,0.589297,-1.72046,0.0341618,-0.329194,0.0,7890.65,2,0.0,0.0,0.26161918944086404,60,HAIRPIN,APEX,17.9439,0.17719999999999914,9,17.9439,0,0.5227793544827586,0.0,0.0,False,0,14.1654,38.6757,31.4504,26.0195,22.5439,20.6905,19.7203,18.9459,18.4306,17.9439,17.4836,17.0475,16.4744,15.8677,14.8501,13.1865,11.1073,8.98401,5.30149
99157,68.7792,0.687766,-1.65476,0.0320277,-0.330903,0.0,7877.93,2,0.6,0.0,0.26835738517919805,78,MEDIUM,APEX,18.2468,0.30290000000000106,9,18.2468,0,0.52147584,0.0,0.0,False,0,14.0901,38.8151,31.6463,26.2978,22.9128,21.1276,20.1414,19.3135,18.7643,18.2468,17.7584,17.2968,16.6915,16.0524,14.9846,13.2497,11.1328,8.99679,5.29745
99156,68.6578,0.73467,-1.62608,0.0293479,-0.332371,0.0,7865.23,2,0.6,0.0,0.2713729159756662,78,MEDIUM,APEX,18.6307,0.3839000000000006,9,18.6307,0,0.5198237462068965,0.0,0.0,False,0,13.9944,38.9841,31.8692,26.5985,23.2942,21.5701,20.6228,19.7753,19.1853,18.6307,18.1087,17.6165,16.9727,16.2952,15.1679,13.3491,11.1731,9.0205,5.29762
99155,69.1149,0.658004,-1.63223,0.0266716,-0.333662,0.0,8523.98,2,0.48,0.0,0.27132716381868544,78,MEDIUM,APEX,19.0727,0.44200000000000017,9,19.0727,0,0.5179216220689655,0.0,0.0,False,0,13.8949,39.1505,32.0857,26.8868,23.6528,21.9824,21.0692,20.2554,19.6649,19.0727,18.5123,17.9851,17.2978,16.5767,15.3827,13.4705,11.2161,9.04655,5.29923
99154,69.7828,0.514661,-1.6669,0.0240757,-0.334912,0.0,8629.42,2,0.48,0.0,0.268846667111315,78,MEDIUM,APEX,19.5526,0.47990000000000066,9,19.5526,0,0.5158563972413793,0.0,0.0,False,0,13.7949,39.3094,32.2919,27.1579,23.9867,22.3629,21.4793,20.6946,20.1268,19.5526,18.9712,18.4042,17.6673,16.8972,15.6281,13.6122,11.2616,9.07232,5.30091
99153,70.4024,0.420422,-1.73177,0.0221486,-0.336142,0.0,8502.73,2,0.6,0.0,0.26501974196737704,78,MEDIUM,APEX,19.9591,0.40649999999999764,9,19.9591,0,0.5141070455172414,0.0,0.0,False,0,13.7079,39.4282,32.4543,27.3782,24.2646,22.6784,21.8207,21.0609,20.5125,19.9591,19.4003,18.8357,18.0513,17.2287,15.8802,13.7558,11.306,9.0888,5.29998
99152,70.9302,0.421429,-1.80748,0.0214853,-0.337315,0.0,8533.82,2,0.6,0.0,0.2613158236099804,78,MEDIUM,APEX,20.2585,0.2994000000000021,9,20.2585,0,0.5128185931034484,0.0,0.0,False,0,13.6456,39.4739,32.54,27.5172,24.4546,22.9001,22.0643,21.3261,20.7942,20.2585,19.7186,19.1744,18.4047,17.5357,16.109,13.8798,11.3363,9.08735,5.29414
99151,71.5227,0.426513,-1.88135,0.0214396,-0.338476,0.0,8779.84,2,0.48,0.0,0.2583135098658115,78,MEDIUM,APEX,20.4989,0.2403999999999975,9,20.4989,0,0.5117840441379311,0.0,0.0,False,0,13.5917,39.4834,32.5871,27.6145,24.5986,23.0733,22.2551,21.5361,21.0191,20.4989,19.9757,19.4492,18.7064,17.8489,16.3421,14.0044,11.366,9.07703,5.2858
99150,72.185,0.388164,-1.93441,0.0209615,-0.339655,0.0,8915.83,2,0.48,0.0,0.25546657328844447,78,MEDIUM,APEX,20.7424,0.24350000000000094,9,20.7424,0,0.5107361544827586,0.0,0.0,False,0,13.5245,39.5117,32.6512,27.7268,24.7543,23.2568,22.4548,21.7516,21.2481,20.7424,20.2343,19.7238,19.0051,18.1777,16.6331,14.1679,11.419,9.07205,5.27892
99149,72.7945,0.35728,-1.96452,0.0200484,-0.340839,0.0,8813.44,2,0.6,0.0,0.25232368569835584,78,MEDIUM,APEX,20.9908,0.24840000000000018,9,20.9908,0,0.5096671779310344,0.0,0.0,False,0,13.4439,39.5606,32.734,27.8556,24.9231,23.4523,22.6655,21.9762,21.4836,20.9908,20.4966,20.0007,19.3037,18.5031,16.991,14.3771,11.4988,9.07445,5.27371
99148,73.3224,0.365799,-1.97912,0.0192118,-0.341975,0.0,8857.82,2,0.6,0.0,0.24900934823909218,78,MEDIUM,APEX,21.2189,0.2281000000000013,9,21.2189,0,0.5086855613793103,0.0,0.0,False,0,13.3599,39.6037,32.809,27.9743,25.0786,23.6329,22.8606,22.1845,21.7016,21.2189,20.7365,20.2539,19.5765,18.7999,17.338,14.6183,11.5963,9.08598,5.26856
99147,73.9168,0.327459,-1.99313,0.0182359,-0.343063,0.0,9139.06,2,0.48,0.0,0.2454154565516401,78,MEDIUM,APEX,21.4418,0.2228999999999992,9,21.4418,0,0.5077263227586207,0.0,0.0,False,0,13.2684,39.6531,32.8888,28.0948,25.2344,23.8111,23.0524,22.3888,21.9151,21.4418,20.9691,20.4972,19.8374,19.0825,17.6655,14.9054,11.7193,9.11221,5.26443
99146,74.5979,0.202877,-2.00396,0.0166738,-0.34416,0.0,9291.56,2,0.48,0.0,0.2410219706359138,78,MEDIUM,APEX,21.683,0.2411999999999992,9,21.683,0,0.5066883310344827,0.0,0.0,False,0,13.1617,39.7334,32.9976,28.2408,25.4142,24.0102,23.2645,22.6126,22.1475,21.683,21.2194,20.7566,20.1108,19.3753,17.9984,15.2673,11.8835,9.1613,5.26282
99145,75.242,0.0835394,-2.01263,0.0149078,-0.345274,0.0,9163.18,2,0.48,0.0,0.2357753758924765,78,MEDIUM,APEX,21.9214,0.2383999999999986,9,21.9214,0,0.5056623889655173,0.0,0.0,False,0,13.048,39.8235,33.1139,28.392,25.5967,24.2101,23.4754,22.8346,22.3776,21.9214,21.4662,21.0121,20.3786,19.6583,18.3173,15.6669,12.0823,9.22888,5.26204
99144,75.8021,0.0377195,-2.0292,0.0137379,-0.346361,0.0,9185.48,2,0.6,0.0,0.23040800335116787,78,MEDIUM,APEX,22.1165,0.19510000000000005,9,22.1165,0,0.5048227862068966,0.0,0.0,False,0,12.9414,39.8795,33.1946,28.5063,25.74,24.3705,23.6451,23.0139,22.5647,22.1165,21.6693,21.2234,20.6016,19.895,18.5843,16.0085,12.2946,9.30298,5.25897
99143,76.3431,0.0295505,-2.04952,0.0132196,-0.347421,0.0,9243.27,2,0.6,0.0,0.2255744230244271,78,MEDIUM,APEX,22.2674,0.15090000000000003,9,22.2674,0,0.504173395862069,0.0,0.0,False,0,12.8416,39.8984,33.2372,28.5814,25.8424,24.4898,23.7736,23.1507,22.7081,22.2674,21.8279,21.3899,20.7793,20.0859,18.801,16.2932,12.5189,9.38286,5.25333
99142,76.9635,-0.0118497,-2.06995,0.0129621,-0.348467,0.0,9529.34,2,0.48,0.0,0.22143162128168112,78,MEDIUM,APEX,22.3957,0.12830000000000297,9,22.3957,0,0.5036212634482758,0.0,0.0,False,0,12.7415,39.9019,33.263,28.6386,25.9253,24.589,23.8819,23.267,22.8302,22.3957,21.9635,21.533,20.9332,20.2524,18.9917,16.544,12.7699,9.47622,5.24675
99141,77.6646,-0.122214,-2.08781,0.0123732,-0.349581,0.0,9668.95,2,0.48,0.0,0.21753711621519012,78,MEDIUM,APEX,22.5289,0.13319999999999865,9,22.5289,0,0.503048044137931,0.0,0.0,False,0,12.633,39.9188,33.3,28.7051,26.0155,24.6948,23.9963,23.3891,22.9579,22.5289,22.1024,21.6785,21.0889,20.4199,19.182,16.7865,13.0704,9.5941,5.24088
99140,78.3199,-0.214036,-2.10306,0.0117276,-0.35077,0.0,9532.58,2,0.48,0.0,0.2137961170213555,78,MEDIUM,APEX,22.6539,0.125,9,22.6539,0,0.5025101131034484,0.0,0.0,False,0,12.5206,39.9341,33.3341,28.7667,26.1001,24.7932,24.1031,23.5033,23.0774,22.6539,22.2328,21.8144,21.2334,20.5756,19.3592,17.0096,13.3864,9.73335,5.23445
99139,78.8886,-0.221585,-2.11642,0.0117216,-0.351979,0.0,9555.1,2,0.6,0.0,0.21080534911290078,78,MEDIUM,APEX,22.7405,0.08660000000000068,9,22.7405,0,0.5021374344827586,0.0,0.0,False,0,12.4135,39.9133,33.3321,28.791,26.1477,24.8533,24.1715,23.5792,23.1587,22.7405,22.3249,21.912,21.3387,20.6908,19.4956,17.1891,13.6533,9.88246,5.22766
99138,79.4292,-0.207319,-2.1439,0.0122418,-0.353193,0.0,9623.96,2,0.6,0.0,0.20894264652451391,78,MEDIUM,APEX,22.7956,0.05509999999999948,9,22.7956,0,0.5019003144827586,0.0,0.0,False,0,12.309,39.8631,33.3003,28.7854,26.1649,24.8828,24.2084,23.6235,23.2084,22.7956,22.3855,21.978,21.4125,20.7736,19.5982,17.334,13.8792,10.0446,5.22652
99137,80.0492,-0.237937,-2.16922,0.0128241,-0.354486,0.0,9903.45,2,0.0,0.0,0.20807084825301464,78,MEDIUM,APEX,22.841,0.04540000000000077,9,22.841,0,0.5017049379310344,0.0,0.0,False,0,12.2009,39.8083,33.2629,28.7732,26.1742,24.9043,24.2365,23.6583,23.2484,22.841,22.4361,22.034,21.476,20.8457,19.6877,17.4642,14.0829,10.2309,5.23297
99136,80.7468,-0.340848,-2.19356,0.0130634,-0.355883,0.0,10035.0,2,0.0,0.0,0.2076846134310224,78,MEDIUM,APEX,22.8951,0.05409999999999826,9,22.8951,0,0.5014721213793103,0.0,0.0,False,0,12.0837,39.771,33.2407,28.7745,26.1953,24.937,24.2756,23.7029,23.2975,22.8951,22.4953,22.0983,21.5475,20.9254,19.7828,17.5965,14.2803,10.4542,5.24917
99135,80.9679,-0.311814,-2.25845,0.0138347,-0.357388,0.0,9252.25,2,0.08,0.0,0.20822211086754225,78,MEDIUM,APEX,22.9177,0.02260000000000062,9,22.9177,0,0.5013748634482759,0.0,0.0,False,0,11.9694,39.7034,33.1882,28.7455,26.1856,24.9391,24.2841,23.7171,23.3158,22.9177,22.523,22.1311,21.5874,20.9737,19.8467,17.6956,14.4412,10.6884,5.27138
99134,80.7833,-0.190722,-2.34384,0.0153151,-0.358878,0.0,9224.14,2,0.08,0.0,0.21020672618933836,78,MEDIUM,APEX,22.9037,-0.013999999999999346,9,22.9037,0,0.5014351117241379,0.0,0.0,False,0,11.8596,39.5967,33.0972,28.6788,26.1382,24.904,24.2556,23.6945,23.2975,22.9037,22.5134,22.1265,21.5902,20.9849,19.8738,17.7568,14.563,10.8909,5.29956
99133,80.682,-0.0852003,-2.41499,0.0165739,-0.360351,0.0,9285.37,2,0.08,0.0,0.21316097071647933,78,MEDIUM,APEX,22.8958,-0.007899999999999352,9,22.8958,0,0.5014691089655172,0.0,0.0,False,0,11.7424,39.5017,33.0166,28.6209,26.0986,24.8758,24.2339,23.6784,23.2854,22.8958,22.5095,22.1269,21.5973,21.0,19.9041,17.8178,14.6808,11.0811,5.33846
99132,80.617,-0.0031389,-2.46243,0.00554013,-0.361342,0.0,9278.35,2,0.08,0.0,0.20490403192572787,78,MEDIUM,APEX,22.9019,0.006099999999999994,9,22.9019,0,0.5014428579310345,0.0,0.0,False,0,11.6167,39.4286,32.9557,28.5808,26.0757,24.8629,24.227,23.6769,23.2877,22.9019,22.5195,22.1407,21.6166,21.0267,19.945,17.8866,14.801,11.2651,5.38942
99131,80.5527,0.0552149,-2.49014,-0.00618124,-0.361327,0.0,9271.03,2,0.08,0.0,0.18671537058842028,78,MEDIUM,APEX,22.9228,0.020899999999997476,9,22.9228,0,0.501352915862069,0.0,0.0,False,0,11.4883,39.3787,32.916,28.5592,26.0703,24.8659,24.2356,23.6905,23.305,22.9228,22.544,22.1687,21.6496,21.0656,19.9971,17.9645,14.9245,11.4442,5.45313
99130,80.4928,0.0631233,-2.52656,-0.0180931,-0.360303,0.0,9264.34,2,0.08,0.0,0.16012813852126606,78,MEDIUM,APEX,22.948,0.025200000000001666,9,22.948,0,0.5012444689655172,0.0,0.0,False,0,11.3612,39.3397,32.8856,28.5452,26.0713,24.8748,24.2492,23.7089,23.3268,22.948,22.5727,22.2009,21.6865,21.1079,20.0507,18.0428,15.044,11.6136,5.52895
99129,80.4402,-0.0335668,-2.63071,-0.0300319,-0.35836,0.0,9258.42,2,0.08,0.0,0.12656497853453624,78,MEDIUM,APEX,22.9695,0.02149999999999963,9,22.9695,0,0.5011519448275863,0.0,0.0,False,0,11.2381,39.3024,32.8555,28.5304,26.0703,24.8814,24.2599,23.7237,23.345,22.9695,22.5975,22.2291,21.7194,21.146,20.0987,18.1143,15.1534,11.7688,5.61565
99128,80.3948,-0.137273,-2.71646,-0.0412536,-0.355582,0.0,9252.91,2,0.08,0.0,0.08792291931306453,78,MEDIUM,APEX,22.9549,-0.0146000000000015,9,22.9549,0,0.5012147751724139,0.0,0.0,False,0,11.1287,39.2257,32.787,28.4783,26.0324,24.8518,24.2348,23.7025,23.3268,22.9549,22.5864,22.2215,21.7167,21.149,20.1121,18.1513,15.2291,11.8932,5.70834
99127,80.355,-0.210601,-2.76715,-0.0510118,-0.352031,0.0,9248.05,2,0.08,0.0,0.04648877986550021,78,MEDIUM,APEX,22.873,-0.08189999999999742,9,22.873,0,0.5015672275862069,0.0,0.0,False,0,11.0429,39.0685,32.6421,28.3534,25.9239,24.7531,24.1414,23.6138,23.2414,22.873,22.5085,22.1476,21.6486,21.0874,20.0627,18.128,15.2497,11.971,5.80156
99126,80.3205,-0.263641,-2.78478,-0.0587959,-0.347809,0.0,9243.73,2,0.08,0.0,0.004642067404265121,78,MEDIUM,APEX,22.7041,-0.16890000000000072,9,22.7041,0,0.50229408,0.0,0.0,False,0,10.9888,38.8026,32.3948,28.1318,25.7224,24.5635,23.9582,23.4364,23.0683,22.7041,22.3439,21.9878,21.4954,20.942,19.932,18.0277,15.2021,11.9914,5.89033
99125,80.2897,-0.299604,-2.79533,-0.0641294,-0.343096,0.0,9239.89,2,0.08,0.0,-0.035189585694509064,78,MEDIUM,APEX,22.4297,-0.2744,9,22.4297,0,0.5034749462068966,0.0,0.0,False,0,10.9761,38.4015,32.0212,27.7918,25.4078,24.2634,23.6662,23.1515,22.7886,22.4297,22.0748,21.7242,21.2399,20.6959,19.7037,17.8359,15.0738,11.9449,5.9688
99124,80.26,-0.31988,-2.79915,-0.0668492,-0.338066,0.0,9236.32,2,0.08,0.0,-0.07084475527453847,78,MEDIUM,APEX,22.0458,-0.3839000000000006,9,22.0458,0,0.5051270400000001,0.0,0.0,False,0,11.0128,37.8563,31.5143,27.3274,24.9751,23.8482,23.2607,22.7548,22.3983,22.0458,21.6975,21.3534,20.8787,20.3458,19.375,17.5507,14.8634,11.8309,6.03009
99123,80.2289,-0.337715,-2.79396,-0.0670197,-0.332941,0.0,9232.74,2,0.08,0.0,-0.10059861614708125,78,MEDIUM,APEX,21.5586,-0.4872000000000014,9,21.5586,0,0.50722368,0.0,0.0,False,0,11.1051,37.171,30.8788,26.7443,24.4301,23.324,22.7481,22.2525,21.9035,21.5586,21.2181,20.8818,20.4182,19.8982,18.9521,17.1785,14.5769,11.6541,6.06221
99122,80.1948,-0.352792,-2.78044,-0.0648456,-0.327899,0.0,9228.93,2,0.08,0.0,-0.12322402004049667,78,MEDIUM,APEX,20.9804,-0.5781999999999989,9,20.9804,0,0.5097119337931034,0.0,0.0,False,0,11.261,36.3571,30.1267,26.0545,23.7852,22.703,22.1405,21.6568,21.3165,20.9804,20.6487,20.3215,19.8706,19.3652,18.4471,16.7308,14.2245,11.4228,6.06602
99121,80.1568,-0.362984,-2.73797,-0.0606627,-0.323123,0.0,9224.52,2,0.08,0.0,-0.13802926685896766,78,MEDIUM,APEX,20.329,-0.6513999999999989,9,20.329,0,0.5125152,0.0,0.0,False,0,11.4903,35.4343,29.2773,25.2772,23.0588,22.0037,21.4561,20.9859,20.6553,20.329,20.0073,19.6901,19.2531,18.764,17.8768,16.2233,13.8202,11.148,6.04437
99120,80.1152,-0.368816,-2.65594,-0.0549173,-0.318753,0.0,9219.93,2,0.08,0.0,-0.14487229533266802,78,MEDIUM,APEX,19.6257,-0.7033000000000023,9,19.6257,0,0.5155418151724138,0.0,0.0,False,0,11.8048,34.4278,28.3549,24.4355,22.2734,21.248,20.7168,20.2613,19.9412,19.6257,19.3148,19.0083,18.5865,18.1148,17.2608,15.6743,13.3798,10.8418,6.00096
99119,80.0714,-0.360982,-2.57145,-0.048003,-0.3149,0.0,9215.09,2,0.08,0.0,-0.14401240034021812,78,MEDIUM,APEX,18.8889,-0.7367999999999988,9,18.8889,0,0.518712595862069,0.0,0.0,False,0,12.2181,33.3602,27.3808,23.55,21.4486,20.4551,19.9416,19.5017,19.1929,18.8889,18.5893,18.2941,17.8883,17.435,16.6158,15.0992,12.9162,10.5143,5.93902
99118,80.0246,-0.350997,-2.43678,-0.0401807,-0.311631,0.0,9210.05,2,0.08,0.0,-0.13591174485296106,78,MEDIUM,APEX,18.1309,-0.7579999999999991,9,18.1309,0,0.5219746096551725,0.0,0.0,False,0,12.755,32.246,26.37,22.6347,20.5978,19.6383,19.1433,18.7199,18.4231,18.1309,17.8431,17.5598,17.1705,16.7364,15.9534,14.5084,12.4384,10.1723,5.86107
99117,79.9772,-0.306084,-2.27302,-0.0316739,-0.309008,0.0,9204.73,2,0.0,0.45,-0.12116275702165819,60,HAIRPIN,APEX,17.3619,-0.7690000000000019,9,17.3619,0,0.5252839613793104,0.0,0.0,False,0,13.4616,31.0979,25.3348,21.7013,19.7321,18.8083,18.3328,17.9265,17.642,17.3619,17.0863,16.8151,16.443,16.0286,15.2825,13.9103,11.9532,9.82099,5.7691
99116,79.9314,-0.230305,-2.12063,-0.0231211,-0.307017,0.0,9199.5,2,0.0,0.45,-0.0993534607577597,60,HAIRPIN,APEX,16.6043,-0.7576,9,16.6043,0,0.5285442537931034,0.0,0.0,False,0,14.3928,29.9496,24.305,20.7771,18.877,17.9895,17.5336,17.1447,16.8723,16.6043,16.3409,16.082,15.7271,15.3323,14.6228,13.3221,11.475,9.47125,5.66727
99115,78.906,-0.0341038,-1.9898,-0.00731087,-0.30569,0.0,8734.08,2,0.0,0.45,-0.06768163574603268,60,HAIRPIN,APEX,15.8856,-0.7186999999999983,9,15.8856,0,0.5316371420689654,0.0,0.0,False,0,15.6553,28.8452,23.3188,19.8956,18.0637,17.2116,16.7748,16.4024,16.1417,15.8856,15.6339,15.3868,15.0484,14.6724,13.9979,12.7649,11.0207,9.13591,5.56083
99114,77.4263,0.174071,-1.88025,0.0175524,-0.305994,0.0,8530.14,2,0.0,0.45,-0.017472418226214544,60,HAIRPIN,APEX,15.2276,-0.6579999999999995,9,15.2276,0,0.5344688110344827,0.0,0.0,False,0,17.5489,27.8237,22.4096,19.0856,17.3178,16.4989,16.0797,15.7225,15.4728,15.2276,14.9869,14.7507,14.4275,14.0688,13.4263,12.2548,10.6036,8.82498,5.45428
99113,75.8825,0.340223,-1.77953,0.0406966,-0.307977,0.0,8331.05,2,0.0,0.45,0.046377882003549885,60,HAIRPIN,APEX,14.6253,-0.6023000000000014,9,14.6253,0,0.5370607779310345,0.0,0.0,False,0,52.7623,26.8815,21.5732,18.3423,16.6346,15.8463,15.4432,15.1001,14.8605,14.6253,14.3947,14.1685,13.8593,13.5164,12.9031,11.7874,10.2199,8.53614,5.34824
99112,74.2712,0.465793,-1.61535,0.0618355,-0.311461,0.0,8212.83,2,0.0,0.45,0.11956331960229136,60,HAIRPIN,APEX,14.0819,-0.5434000000000001,9,14.0819,0,0.5393992717241379,0.0,0.0,False,0,51.814,26.0284,20.8172,17.6712,16.018,15.2574,14.8689,14.5385,14.308,14.0819,13.8603,13.6431,13.3464,13.0177,12.4304,11.3643,9.87096,8.27061,5.2442
99111,72.6785,0.545645,-1.39084,0.080241,-0.316266,0.0,8065.34,2,0.0,1.0,0.19456331960229134,60,HAIRPIN,APEX,13.6109,-0.4709999999999983,9,13.6109,0,0.541426195862069,0.0,1.0,False,0,51.0238,25.2952,20.1654,17.0916,15.4848,14.7475,14.3715,14.052,13.8292,13.6109,13.3969,13.1874,12.9013,12.5845,12.0193,10.995,9.56422,8.03416,5.14493
99110,71.128,0.628145,-1.18717,0.0955946,-0.322104,0.0,7888.28,2,0.0,1.0,0.26956331960229135,60,HAIRPIN,APEX,13.2157,-0.3952000000000009,9,13.2157,0,0.5431269186206896,0.0,1.0,False,0,50.4145,24.6944,19.6264,16.6095,15.0396,14.3212,13.9552,13.6444,13.4278,13.2157,13.008,12.8046,12.527,12.2199,11.6723,10.6818,9.3017,7.82867,5.05222
99109,69.3168,0.585886,-1.01329,0.108355,-0.328759,0.0,6951.66,2,0.0,1.0,0.34456331960229136,60,HAIRPIN,APEX,12.8815,-0.33419999999999916,9,12.8815,0,0.5445651310344828,0.0,1.0,False,0,49.9581,24.2029,19.1795,16.2065,14.6656,13.962,13.604,13.3002,13.0886,12.8815,12.6787,12.4802,12.2095,11.9101,11.3768,10.4133,9.07436,7.64788,4.96488
99108,67.3843,0.419598,-0.886355,0.120169,-0.336191,0.0,6206.32,2,0.0,1.0,0.4195633196022914,60,HAIRPIN,APEX,12.566,-0.3155000000000001,9,12.566,0,0.5459228689655172,0.0,1.0,False,0,49.5459,23.7443,18.7607,15.8277,14.3135,13.6235,13.2729,12.9756,12.7686,12.566,12.3678,12.1738,11.9094,11.6172,11.0969,10.1583,8.8572,7.47364,4.8771
99107,65.4526,0.231242,-0.789988,0.131772,-0.344375,0.0,5450.49,2,0.0,1.0,0.4945633196022914,60,HAIRPIN,APEX,12.2514,-0.31460000000000043,9,12.2514,0,0.5472767337931035,0.0,1.0,False,0,49.1297,23.2848,18.3421,15.4497,13.9623,13.286,12.9427,12.6518,12.4494,12.2514,12.0577,11.8682,11.6101,11.325,10.8177,9.90374,8.63979,7.29842,4.78651
99106,63.5352,0.0720824,-0.710403,0.142975,-0.353229,0.0,5235.99,2,0.0,1.0,0.568964474963889,60,HAIRPIN,APEX,11.932,-0.3193999999999999,9,11.932,0,0.5486512551724139,0.0,1.0,False,0,48.6908,22.8124,17.9141,15.0646,13.6052,12.943,12.6073,12.3231,12.1254,11.932,11.743,11.5582,11.3065,11.0286,10.5346,9.64569,8.41918,7.12019,4.69277
99105,61.6362,-0.0483922,-0.638834,0.153572,-0.362633,0.0,5235.99,2,0.0,1.0,0.6409384333439013,60,HAIRPIN,APEX,11.6101,-0.3219000000000012,9,11.6101,0,0.5500365351724138,0.0,1.0,False,0,48.2333,22.3303,17.4797,14.6751,13.2447,12.597,12.2691,11.9916,11.7987,11.6101,11.4258,11.2458,11.0006,10.73,10.2495,9.38592,8.19688,6.94017,4.59655
99104,59.7502,-0.137852,-0.571377,0.164127,-0.372512,0.0,5235.99,2,0.0,1.0,0.7055695153419991,60,HAIRPIN,APEX,11.2883,-0.32179999999999964,9,11.2883,0,0.5514213848275862,0.0,1.0,False,0,47.7627,21.8429,17.0426,14.2844,12.8836,12.2508,11.9307,11.6601,11.472,11.2883,11.1088,10.9334,10.6948,10.4316,9.96461,9.12638,7.97455,6.7597,4.49856
99103,57.8765,-0.202185,-0.507569,0.174587,-0.382774,0.0,5235.99,2,0.0,1.0,0.7585670025804393,60,HAIRPIN,APEX,10.9685,-0.319799999999999,9,10.9685,0,0.5527976275862069,0.0,1.0,False,0,47.283,21.3534,16.6056,13.895,12.5244,11.9065,11.5944,11.3306,11.1474,10.9685,10.7938,10.6232,10.3911,10.1354,9.68179,8.86875,7.75366,6.57999,4.39954
99102,55.9757,-0.248521,-0.422704,0.184844,-0.393356,0.0,5235.99,2,0.0,1.0,0.8020249421159602,60,HAIRPIN,APEX,10.6537,-0.31479999999999997,9,10.6537,0,0.5541523531034482,0.0,1.0,False,0,46.8015,20.8669,16.1732,13.5107,12.1702,11.5673,11.263,11.0061,10.8278,10.6537,10.4837,10.3178,10.0922,9.84375,9.40341,8.61514,7.53593,6.40237,4.30019
99101,54.0829,-0.277703,-0.342122,0.194925,-0.404186,0.0,5235.99,2,0.0,0.0,0.8376604525350874,60,HAIRPIN,APEX,10.3436,-0.31010000000000026,9,10.3436,0,0.555486852413793,0.0,0.0,False,0,46.3167,20.3829,15.7448,13.1312,11.821,11.2331,10.9367,10.6865,10.513,10.3436,10.1784,10.0171,9.79802,9.55674,9.12951,8.36561,7.32153,6.2271,4.20087
99100,52.2205,-0.289985,-0.279756,0.204855,-0.415202,0.0,5235.99,2,0.0,0.0,0.8668815710787716,60,HAIRPIN,APEX,10.0386,-0.3049999999999997,9,10.0386,0,0.556799404137931,0.0,0.0,False,0,45.8272,19.9009,15.3205,12.7566,11.4769,10.9039,10.6153,10.3719,10.2032,10.0386,9.87799,9.72138,9.50862,9.27449,8.86019,8.12031,7.11067,6.05438,4.10197
99099,50.3921,-0.244234,-0.221056,0.214388,-0.426347,0.0,5235.99,2,0.0,0.0,0.8908428882845927,42,HAIRPIN,APEX,9.74337,-0.2952300000000001,9,9.74337,0,0.5580699111724138,0.0,0.0,False,0,45.3505,19.432,14.9087,12.3936,11.1437,10.5853,10.3043,10.0675,9.9034,9.74337,9.58732,9.43519,9.2286,9.00135,8.59953,7.88276,6.90616,5.88631,4.00443
99098,48.6522,-0.0519341,-0.168025,0.222008,-0.437422,0.0,5235.99,2,0.0,0.0,0.910491168393366,42,HAIRPIN,APEX,9.48671,-0.2566600000000001,9,9.48671,0,0.5591744342068966,0.0,0.0,False,0,44.993,19.0416,14.5597,12.0826,10.8564,10.3096,10.0348,9.80337,9.64302,9.48671,9.33435,9.18586,8.9843,8.76269,8.37108,7.67333,6.72409,5.7347,3.91269
99097,47.1469,0.322472,-0.126673,0.224631,-0.448114,0.0,5235.99,2,0.0,0.0,0.9266027580825601,42,HAIRPIN,APEX,9.32389,-0.16281999999999996,9,9.32389,0,0.5598751216551724,0.0,0.0,False,0,44.9738,18.8611,14.373,11.9023,10.6828,10.1398,9.86714,9.63766,9.47875,9.32389,9.173,9.02598,8.82648,8.60723,8.22003,7.5309,6.59496,5.62177,3.83485
99096,46.0387,0.725862,-0.115704,0.219761,-0.458074,0.0,5235.99,2,0.0,0.0,0.9398142616276993,42,HAIRPIN,APEX,9.3011,-0.022790000000000532,9,9.3011,0,0.5599731972413793,0.0,0.0,False,0,45.4791,19.0038,14.4337,11.9196,10.68,10.1285,9.85176,9.61903,9.458,9.3011,9.14826,8.99937,8.79739,8.57549,8.18386,7.4876,6.54391,5.56569,3.77779
99095,45.6025,1.24607,-0.146541,0.210309,-0.467062,0.0,5251.74,2,0.0,0.0,0.9506476945347134,42,HAIRPIN,APEX,9.37379,0.0726899999999997,9,9.37379,0,0.559660379586207,0.0,0.0,False,0,46.3215,19.3632,14.6621,12.0713,10.7938,10.2257,9.94058,9.70091,9.53515,9.37379,9.21671,9.06374,8.85624,8.62835,8.22636,7.51246,6.54689,5.54942,3.73698
99094,45.4098,1.65639,-0.221085,0.19928,-0.475046,0.0,5235.99,2,0.0,0.0,0.959531109518465,42,HAIRPIN,APEX,9.49366,0.11987000000000059,9,9.49366,0,0.5591445252413793,0.0,0.0,False,0,47.298,19.8209,14.9698,12.2874,10.9644,10.3759,10.0806,9.83237,9.66072,9.49366,9.33106,9.17284,8.95843,8.72304,8.30797,7.57158,6.57765,5.55424,3.70662
99093,45.2505,1.96769,-0.32715,0.187207,-0.482129,0.0,5235.99,2,0.0,0.0,0.9668155098051413,42,HAIRPIN,APEX,9.64316,0.14949999999999974,9,9.64316,0,0.5585011597241379,0.0,0.0,False,0,48.3371,20.3337,15.3245,12.5427,11.17,10.559,10.2524,9.99475,9.81658,9.64316,9.4744,9.31021,9.08776,8.84379,8.41406,7.65234,6.62619,5.57302,3.68394
99092,45.1061,2.22175,-0.449382,0.174831,-0.488344,0.0,5235.99,2,0.0,0.0,0.9727887180402158,42,HAIRPIN,APEX,9.81623,0.17306999999999917,9,9.81623,0,0.5577563619310345,0.0,0.0,False,0,49.4116,20.8857,15.7145,12.8283,11.403,10.7681,10.4495,10.1817,9.99646,9.81623,9.64086,9.47022,9.23907,8.98562,8.5396,7.75044,6.68913,5.60325,3.66794
99091,44.963,2.44357,-0.570506,0.162075,-0.493725,0.0,5235.99,1,0.0,0.0,0.977686748792977,60,HAIRPIN,APEX,10.0183,0.20207000000000086,9,10.0183,0,0.556886764137931,0.0,0.0,False,0,50.5372,21.4889,16.1484,13.1527,11.6698,11.0092,10.6776,10.3988,10.206,10.0183,9.83572,9.65806,9.41739,9.15353,8.68933,7.86947,6.76917,5.64673,3.65898
99090,44.8119,2.6517,-0.67176,0.148438,-0.498271,0.0,5235.99,1,0.0,0.0,0.9803676760394107,60,HAIRPIN,APEX,10.2626,0.24430000000000085,9,10.2626,0,0.555835431724138,0.0,0.0,False,0,51.7528,22.1702,16.6492,13.5341,11.9864,11.2972,10.9511,10.6599,10.4585,10.2626,10.0718,9.88618,9.63476,9.35907,8.87415,8.01842,6.87318,5.70822,3.65849
99089,44.6557,2.84625,-0.744914,0.133482,-0.501955,0.0,6929.3,1,0.0,0.0,0.9682504554487261,60,HAIRPIN,APEX,10.5631,0.30049999999999955,9,10.5631,0,0.5545422455172414,0.0,0.0,False,0,53.0932,22.9558,17.2405,13.9919,12.3707,11.648,11.2852,10.98,10.7688,10.5631,10.363,10.1682,9.90428,9.61489,9.10577,8.20757,7.00862,5.79288,3.66801
99088,44.5017,3.02994,-0.782405,0.117136,-0.504707,0.0,6921.42,1,0.0,0.0,0.9425811055617104,60,HAIRPIN,APEX,10.9284,0.3652999999999995,9,10.9284,0,0.552970195862069,0.0,0.0,False,0,54.5678,23.8559,17.9329,14.5361,12.8329,12.0715,11.689,11.3675,11.1451,10.9284,10.7175,10.5121,10.2338,9.92854,9.39135,8.44348,7.18025,5.90405,3.68875
99087,44.337,3.17616,-0.807226,0.0995383,-0.506508,0.0,6834.32,1,0.0,0.0,0.9045147700890223,60,HAIRPIN,APEX,11.362,0.4336000000000002,9,11.362,0,0.5511042206896551,0.0,0.0,False,0,56.1871,24.871,18.7271,15.1695,13.3766,12.5722,12.1675,11.827,11.5914,11.362,11.1387,10.9214,10.6269,10.3035,9.73426,8.72917,7.39035,6.04326,3.72109
99086,44.1672,3.26252,-0.837206,0.0808191,-0.507354,0.0,6806.73,1,0.0,0.0,0.855125211751776,60,HAIRPIN,APEX,11.8689,0.5068999999999999,9,11.8689,0,0.5489228027586207,0.0,0.0,False,0,58.0643,25.9983,19.6244,15.8959,14.0048,13.1535,12.7244,12.363,12.1127,11.8689,11.6314,11.4002,11.0869,10.7433,10.1379,9.06791,7.64212,6.21214,3.76551
99085,44.0248,3.28008,-0.875961,0.0613532,-0.507267,0.0,6783.41,1,0.0,0.0,0.795659486570031,60,HAIRPIN,APEX,12.4455,0.5765999999999991,9,12.4455,0,0.5464414344827586,0.0,0.0,False,0,60.2302,27.2191,20.6141,16.708,14.7108,13.8099,13.3549,12.971,12.7049,12.4455,12.1927,11.9464,11.6123,11.2456,10.5997,9.45787,7.93454,6.40975,3.82175
99084,43.9114,3.23879,-0.909625,0.041738,-0.506312,0.0,6764.95,1,0.0,0.0,0.727726510957815,60,HAIRPIN,APEX,13.0779,0.6324000000000005,9,13.0779,0,0.5437199337931033,0.0,0.0,False,0,20.3527,28.501,21.6676,17.5833,15.4784,14.5247,14.0429,13.636,13.3535,13.0779,12.8091,12.5469,12.1911,11.8,11.1102,9.89041,8.26146,6.63179,3.88821
99083,43.8307,3.13652,-0.94353,0.022788,-0.50457,0.0,6752.23,1,0.0,0.0,0.6534444827856584,60,HAIRPIN,APEX,13.74,0.6621000000000006,9,13.74,0,0.5408706206896552,0.0,0.0,False,0,18.461,29.7895,22.7404,18.4847,16.2763,15.2703,14.7608,14.3304,14.0316,13.74,13.4553,13.1774,12.7998,12.3842,11.6501,10.3487,8.61032,6.87042,3.96217
99082,43.7771,2.99211,-0.980543,0.00543427,-0.502139,0.0,6744.92,1,0.0,0.0,0.5784444827856584,60,HAIRPIN,APEX,14.3958,0.6557999999999993,9,14.3958,0,0.5380484193103449,0.0,0.0,False,0,17.2548,31.0212,23.7779,19.3656,17.0601,16.0061,15.4709,15.018,14.7032,14.3958,14.0957,13.8028,13.4047,12.966,12.1896,10.8093,8.96248,7.11328,4.03976
99081,43.7409,2.82802,-1.01757,-0.00962377,-0.499142,0.0,6741.25,1,0.0,0.0,0.5034444827856585,60,HAIRPIN,APEX,15.0121,0.6163000000000007,9,15.0121,0,0.535396204137931,0.0,0.0,False,0,16.4085,32.1408,24.729,20.1807,17.7887,16.6928,16.135,15.6624,15.3336,15.0121,14.6979,14.391,13.9736,13.5138,12.6995,11.2474,9.29906,7.34759,4.11709
99080,43.7133,2.65671,-1.05091,-0.022011,-0.495705,0.0,6739.25,1,0.0,0.0,0.42844448278565844,60,HAIRPIN,APEX,15.5618,0.5496999999999996,9,15.5618,0,0.5330305986206896,0.0,0.0,False,0,15.7963,33.1122,25.5594,20.8976,18.4339,17.3012,16.7248,16.2357,15.8951,15.5618,15.2358,14.9171,14.4832,14.0047,13.1569,11.6433,9.60511,7.56293,4.19096
99079,43.6902,2.46691,-1.07717,-0.0316541,-0.491959,0.0,6737.61,1,0.0,0.0,0.3541424838013939,60,HAIRPIN,APEX,16.0292,0.4673999999999996,9,16.0292,0,0.5310191668965517,0.0,0.0,False,0,15.3487,33.9217,26.2544,21.5001,18.9794,17.8168,17.2244,16.722,16.3719,16.0292,15.6936,15.3655,14.9183,14.4247,13.5488,11.9843,9.87159,7.75238,4.25909
99078,43.6694,2.24229,-1.09318,-0.0390317,-0.488035,0.0,6735.83,1,0.0,0.0,0.28576045220438984,60,HAIRPIN,APEX,16.4057,0.37650000000000006,9,16.4057,0,0.5293989186206897,0.0,0.0,False,0,15.0245,34.5647,26.8074,21.9818,19.4165,18.2313,17.6265,17.1132,16.7556,16.4057,16.063,15.7276,15.2703,14.7651,13.8678,12.2628,10.092,7.91124,4.31973
99077,43.6483,1.97879,-1.09664,-0.0439615,-0.484084,0.0,6733.53,1,0.0,0.0,0.2246151734195054,60,HAIRPIN,APEX,16.6868,0.2811000000000021,9,16.6868,0,0.5281892193103448,0.0,0.0,False,0,14.7989,35.0409,27.2161,22.3388,19.7411,18.54,17.9265,17.4054,17.0423,16.6868,16.3389,15.9985,15.5341,15.0208,14.1082,12.4738,10.2618,8.03583,4.37118
99076,43.6233,1.69467,-1.08728,-0.0464878,-0.480239,0.0,6730.35,1,0.0,0.0,0.17175235924357385,60,HAIRPIN,APEX,16.8736,0.18679999999999808,9,16.8736,0,0.5273853351724138,0.0,0.0,False,0,14.655,35.3572,27.4848,22.5734,19.9546,18.7438,18.1249,17.5991,17.2325,16.8736,16.5222,16.1784,15.7097,15.1915,14.2697,12.6169,10.3794,8.12483,4.41248
99075,43.5928,1.41017,-1.06542,-0.0468771,-0.476631,0.0,6726.13,1,0.0,0.0,0.12777887522091444,60,HAIRPIN,APEX,16.9721,0.09850000000000136,9,16.9721,0,0.5269614455172413,0.0,0.0,False,0,14.5794,35.5281,27.6254,22.6953,20.0656,18.8502,18.2289,17.7008,17.3326,16.9721,16.619,16.2736,15.8028,15.2825,14.3567,12.6959,10.4471,8.17942,4.44331
99074,43.5566,1.14116,-1.0345,-0.0453804,-0.473314,0.0,6720.88,1,0.0,0.0,0.09295156360668666,60,HAIRPIN,APEX,16.9906,0.018499999999999517,9,16.9906,0,0.5268818317241379,0.0,0.0,False,0,14.5623,35.5688,27.6512,22.7156,20.0843,18.8686,18.2473,17.7193,17.3512,16.9906,16.6375,16.2921,15.8212,15.3013,14.3761,12.7162,10.4691,8.20235,4.46414
99073,43.5151,0.901112,-0.986522,-0.042274,-0.470353,0.0,6715.19,1,0.0,0.0,0.06721635704417034,60,HAIRPIN,APEX,16.9395,-0.0511000000000017,9,16.9395,0,0.5271017379310344,0.0,0.0,False,0,14.5962,35.4971,27.5778,22.648,20.0229,18.8107,18.1916,17.6655,17.2988,16.9395,16.5879,16.2438,15.7749,15.2571,14.3366,12.6853,10.4509,8.19707,4.47569
99072,43.4699,0.696299,-0.9293,-0.0378754,-0.467805,0.0,6708.35,1,0.0,0.0,0.05022356513093311,60,HAIRPIN,APEX,16.8317,-0.10779999999999745,9,16.8317,0,0.5275656496551724,0.0,0.0,False,0,14.6738,35.3337,27.4234,22.5088,19.896,18.6906,18.0754,17.5528,17.1884,16.8317,16.4825,16.1409,15.6754,15.1615,14.2487,12.6121,10.3992,8.168,4.47883
99071,43.4221,0.533431,-0.87753,-0.0324831,-0.465633,0.0,6700.92,1,0.0,0.0,0.04118332340736515,60,HAIRPIN,APEX,16.6805,-0.1512000000000029,9,16.6805,0,0.5282163310344828,0.0,0.0,False,0,14.7882,35.0998,27.2068,22.3147,19.7191,18.523,17.913,17.395,17.034,16.6805,16.3347,15.9964,15.5355,15.0269,14.1241,12.5068,10.322,8.1206,4.47517
99070,43.3728,0.414961,-0.836001,-0.0264111,-0.463881,0.0,6693.21,1,0.0,0.0,0.039774628034973954,60,HAIRPIN,APEX,16.499,-0.18149999999999977,9,16.499,0,0.5289974068965517,0.0,0.0,False,0,14.9326,34.8164,26.9467,22.0824,19.5074,18.3222,17.7183,17.2057,16.8485,16.499,16.157,15.8227,15.3672,14.8648,13.9736,12.3787,10.2264,8.05954,4.46579
99069,43.3224,0.338485,-0.796186,-0.0199125,-0.462496,0.0,6685.42,1,0.0,0.0,0.044854583826256365,60,HAIRPIN,APEX,16.2986,-0.20039999999999836,9,16.2986,0,0.5298598179310345,0.0,0.0,False,0,15.1003,34.5018,26.6592,21.8261,19.2738,18.1007,17.5035,16.9968,16.6439,16.2986,15.9609,15.6307,15.1813,14.6856,13.807,12.2363,10.1191,7.98951,4.45218
99068,43.2713,0.303792,-0.760403,-0.0132706,-0.461447,0.0,6677.63,1,0.0,0.0,0.05541779422022294,60,HAIRPIN,APEX,16.0913,-0.20730000000000004,9,16.0913,0,0.5307519227586207,0.0,0.0,False,0,15.2833,34.1755,26.3616,21.5611,19.0323,17.8717,17.2815,16.7808,16.4322,16.0913,15.758,15.4322,14.9888,14.5001,13.6343,12.0883,10.0069,7.91528,4.43582
99067,43.2198,0.303965,-0.732302,-0.00669599,-0.460702,0.0,6669.78,1,0.0,0.0,0.07043252462733215,60,HAIRPIN,APEX,15.8858,-0.20550000000000068,9,15.8858,0,0.5316362813793104,0.0,0.0,False,0,15.4748,33.8523,26.0668,21.2985,18.793,17.6449,17.0613,16.5667,16.2225,15.8858,15.5568,15.2353,14.7979,14.316,13.4628,11.9412,9.89474,7.84022,4.4178
99066,43.1678,0.333006,-0.712589,-0.000365973,-0.460216,0.0,6661.85,1,0.0,0.0,0.08887697655304477,60,HAIRPIN,APEX,15.6893,-0.19650000000000034,9,15.6893,0,0.5324819089655173,0.0,0.0,False,0,15.6681,33.5447,25.7856,21.0477,18.5644,17.428,16.851,16.362,16.0219,15.6893,15.3644,15.0471,14.6154,14.1399,13.2986,11.8,9.78666,7.76723,4.39915
99065,43.1151,0.388454,-0.699383,0.00554395,-0.45997,0.0,6653.87,1,0.0,0.0,0.10974103269963312,60,HAIRPIN,APEX,15.5082,-0.18109999999999893,9,15.5082,0,0.533261263448276,0.0,0.0,False,0,15.8557,33.2643,25.5277,20.8172,18.354,17.2283,16.6571,16.1733,15.8369,15.5082,15.187,14.8733,14.4468,13.9772,13.1468,11.6692,9.68608,7.6987,4.38061
99064,43.0616,0.465992,-0.693344,0.0109162,-0.459899,0.0,6645.7,1,0.0,0.0,0.13207742561515123,60,HAIRPIN,APEX,15.3471,-0.16110000000000113,9,15.3471,0,0.5339545489655172,0.0,0.0,False,0,16.0304,33.0199,25.3009,20.6133,18.1675,17.0511,16.485,16.0058,15.6726,15.3471,15.0292,14.7189,14.2969,13.8324,13.0115,11.5524,9.59584,7.63672,4.36311
99063,43.0071,0.558035,-0.692486,0.0153701,-0.459951,0.0,6637.37,1,0.0,0.0,0.15473504903622248,60,HAIRPIN,APEX,15.2096,-0.1374999999999993,9,15.2096,0,0.5345462731034483,0.0,0.0,False,0,16.1857,32.8179,25.1102,20.4406,18.0089,16.9,16.3381,15.8628,15.5324,15.2096,14.8944,14.5867,14.1686,13.7084,12.8954,11.4519,9.51779,7.58263,4.34724
99062,42.9516,0.658781,-0.694854,0.0189669,-0.460078,0.0,6628.9,1,0.0,0.0,0.176826371857296,60,HAIRPIN,APEX,15.0971,-0.11250000000000071,9,15.0971,0,0.5350304110344828,0.0,0.0,False,0,16.3166,32.6616,24.9587,20.3012,17.8802,16.7771,16.2184,15.746,15.4177,15.0971,14.784,14.4785,14.0634,13.6066,12.7998,11.3687,9.45287,7.5372,4.33339
99061,42.895,0.765867,-0.69858,0.021858,-0.460245,0.0,6620.24,1,0.0,0.0,0.19776869244913092,60,HAIRPIN,APEX,15.0108,-0.0862999999999996,9,15.0108,0,0.5354017986206897,0.0,0.0,False,0,16.4186,32.5537,24.8483,20.197,17.7828,16.6835,16.1269,15.6566,15.3299,15.0108,14.6993,14.3953,13.9823,13.528,12.7258,11.3038,9.40169,7.50093,4.32184
99060,42.8375,0.872658,-0.702266,0.0240469,-0.46041,0.0,6611.46,1,0.0,0.0,0.21708473177463072,60,HAIRPIN,APEX,14.9508,-0.0600000000000005,9,14.9508,0,0.5356600055172415,0.0,0.0,False,0,16.4895,32.4945,24.7792,20.1281,17.7168,16.6194,16.0639,15.5947,15.2689,14.9508,14.6402,14.3372,13.9255,13.4727,12.6733,11.2572,9.36445,7.47397,4.31285
99059,42.7795,0.976437,-0.70498,0.0255611,-0.46055,0.0,6602.58,1,0.0,0.0,0.2344083336002986,60,HAIRPIN,APEX,14.9162,-0.0345999999999993,9,14.9162,0,0.5358089048275861,0.0,0.0,False,0,16.5287,32.4826,24.7504,20.0934,17.6813,16.584,16.0286,15.5595,15.234,14.9162,14.606,14.3033,13.8921,13.4399,12.6417,11.2284,9.34076,7.45619,4.30646
99058,42.7208,1.07466,-0.699211,0.0264528,-0.460635,0.0,6594.08,1,0.0,0.0,0.24948804208940717,60,HAIRPIN,APEX,14.9055,-0.010699999999999932,9,14.9055,0,0.535854951724138,0.0,0.0,False,0,16.5379,32.5152,24.7593,20.0909,17.6744,16.5754,16.0192,15.5495,15.2236,14.9055,14.5951,14.2923,13.8809,13.4285,12.6299,11.2163,9.3299,7.4471,4.30273
99057,42.6624,1.16546,-0.683172,0.0267925,-0.460651,0.0,6585.09,1,0.0,0.0,0.26218537484758625,60,HAIRPIN,APEX,14.9165,0.010999999999999233,9,14.9165,0,0.5358076137931036,0.0,0.0,False,0,16.5199,32.5879,24.8024,20.1175,17.6935,16.5912,16.0333,15.5622,15.2354,14.9165,14.6054,14.3019,13.8896,13.4362,12.6359,11.2193,9.3307,7.44603,4.3016
99056,42.6044,1.24459,-0.671707,0.0266299,-0.460585,0.0,6576.05,1,0.0,0.0,0.27243429631556304,60,HAIRPIN,APEX,14.9477,0.031200000000000117,9,14.9477,0,0.5356733462068966,0.0,0.0,False,0,16.4773,32.6979,24.8773,20.1714,17.7366,16.6298,16.0694,15.5963,15.268,14.9477,14.6354,14.3308,13.917,13.4619,12.6586,11.2367,9.34244,7.45263,4.30299
99055,42.5472,1.31184,-0.668306,0.0260084,-0.460436,0.0,6567.16,1,0.0,0.0,0.28022286176085853,60,HAIRPIN,APEX,14.998,0.05030000000000001,9,14.998,0,0.5354568827586207,0.0,0.0,False,0,16.413,32.8424,24.9816,20.2505,17.8022,16.6895,16.1261,15.6503,15.3201,14.998,14.6839,14.3777,13.9618,13.5044,12.697,11.2676,9.3644,7.46645,4.30678
99054,42.4908,1.36755,-0.664076,0.0250075,-0.46019,0.0,6558.44,1,0.0,0.0,0.28561775414885193,60,HAIRPIN,APEX,15.0649,0.0669000000000004,9,15.0649,0,0.5351689820689656,0.0,0.0,False,0,16.3311,33.0167,25.1115,20.3515,17.8873,16.7676,16.2006,15.7215,15.3892,15.0649,14.7486,14.4403,14.0217,13.5615,12.7489,11.3102,9.39537,7.48667,4.3128
99053,42.4353,1.41278,-0.657662,0.0237041,-0.459845,0.0,6549.92,1,0.0,0.0,0.2887484194837115,60,HAIRPIN,APEX,15.1459,0.08099999999999952,9,15.1459,0,0.5348204027586206,0.0,0.0,False,0,16.2358,33.2157,25.2627,20.471,17.9888,16.8613,16.2902,15.8076,15.4727,15.1459,14.8271,14.5164,14.0946,13.631,12.8126,11.363,9.43406,7.51246,4.32082
99052,42.3809,1.44683,-0.656199,0.0221848,-0.459393,0.0,6541.63,1,0.0,0.0,0.28980480713545453,60,HAIRPIN,APEX,15.2382,0.0923000000000016,9,15.2382,0,0.5344231944827585,0.0,0.0,False,0,16.1314,33.4341,25.4306,20.6051,18.1036,16.9674,16.3918,15.9054,15.5678,15.2382,14.9168,14.6034,14.178,13.7105,12.8855,11.424,9.47903,7.54285,4.3306
99051,42.328,1.46853,-0.658391,0.0205395,-0.458853,0.0,6533.56,1,0.0,0.0,0.2890315403273249,60,HAIRPIN,APEX,15.3385,0.10029999999999895,9,15.3385,0,0.5339915586206896,0.0,0.0,False,0,16.0224,33.6657,25.61,20.7491,18.2277,17.082,16.5017,16.0113,15.6708,15.3385,15.0142,14.698,14.2688,13.797,12.9649,11.4908,9.52839,7.57651,4.3417
99050,42.2763,1.47975,-0.663847,0.0188398,-0.458222,0.0,6525.69,1,0.0,0.0,0.2866987453252061,60,HAIRPIN,APEX,15.444,0.10550000000000104,9,15.444,0,0.5335375448275863,0.0,0.0,False,0,15.9119,33.9054,25.7968,20.8994,18.358,17.2022,16.6172,16.1226,15.7792,15.444,15.1169,14.7978,14.3647,13.8885,13.0488,11.5615,9.58103,7.61264,4.35389
99049,42.2258,1.48153,-0.671016,0.0171359,-0.457509,0.0,6518.01,1,0.0,0.0,0.28307743748535885,60,HAIRPIN,APEX,15.5528,0.10879999999999868,9,15.5528,0,0.5330693296551724,0.0,0.0,False,0,15.8022,34.1494,25.9879,21.0536,18.4919,17.326,16.7359,16.2372,15.8909,15.5528,15.2228,14.9009,14.4638,13.9832,13.1354,11.6349,9.63596,7.65047,4.36692
99048,42.1762,1.47667,-0.679253,0.0153565,-0.456726,0.0,6510.46,1,0.0,0.0,0.2783212219855693,60,HAIRPIN,APEX,15.6624,0.10960000000000036,9,15.6624,0,0.532597671724138,0.0,0.0,False,0,15.6954,34.3935,26.1795,21.2088,18.6268,17.4509,16.8555,16.3526,16.0034,15.6624,15.3296,15.0049,14.5639,14.0789,13.2232,11.7092,9.69191,7.68905,4.38049
99047,42.1277,1.46362,-0.687565,0.0133965,-0.455863,0.0,6503.09,1,0.0,0.0,0.27245300070236594,60,HAIRPIN,APEX,15.771,0.10860000000000092,9,15.771,0,0.5321303172413793,0.0,0.0,False,0,15.5932,34.634,26.3686,21.3622,18.7602,17.5746,16.9741,16.4668,16.1148,15.771,15.4354,15.108,14.6632,14.174,13.3105,11.783,9.74783,7.72774,4.39439
99046,42.08,1.44481,-0.693905,0.0115657,-0.454936,0.0,6495.86,1,0.0,0.0,0.2657944015268858,60,HAIRPIN,APEX,15.877,0.10599999999999987,9,15.877,0,0.5316741517241379,0.0,0.0,False,0,15.4965,34.8685,26.553,21.512,18.8904,17.6956,17.0902,16.5786,16.2235,15.877,15.5388,15.2087,14.7603,14.267,13.3962,11.8552,9.80287,7.76588,4.40837
99045,42.0331,1.42078,-0.697609,0.00990915,-0.453953,0.0,6488.73,1,0.0,0.0,0.2586535865026014,60,HAIRPIN,APEX,15.9786,0.10159999999999947,9,15.9786,0,0.5312369213793104,0.0,0.0,False,0,15.4066,35.0936,26.7296,21.6556,19.0151,17.8115,17.2015,16.6858,16.3279,15.9786,15.6378,15.3053,14.8534,14.3563,13.4784,11.9246,9.85597,7.80272,4.42218
99044,41.9866,1.39443,-0.699092,0.00843644,-0.452934,0.0,6481.69,1,0.0,0.0,0.25129395743609406,60,HAIRPIN,APEX,16.0751,0.09649999999999892,9,16.0751,0,0.5308216386206897,0.0,0.0,False,0,15.3236,35.3084,26.8976,21.792,19.1333,17.9216,17.3072,16.7878,16.4271,16.0751,15.7317,15.3968,14.9417,14.441,13.5566,11.9906,9.90658,7.83791,4.43565
99043,41.9407,1.36434,-0.697652,0.00716376,-0.45188,0.0,6474.79,1,0.0,0.0,0.243947341726156,60,HAIRPIN,APEX,16.1658,0.09070000000000178,9,16.1658,0,0.5304313158620689,0.0,0.0,False,0,15.2478,35.5115,27.0555,21.92,19.2441,18.0248,17.4064,16.8834,16.5203,16.1658,15.8199,15.4826,15.0245,14.5204,13.6299,12.0527,9.95423,7.87124,4.44872
99042,41.8952,1.33247,-0.6798,0.00614452,-0.45081,0.0,6468.15,1,0.0,0.0,0.23685716028872125,60,HAIRPIN,APEX,16.2481,0.08230000000000004,9,16.2481,0,0.5300771420689655,0.0,0.0,False,0,15.1808,35.6986,27.1998,22.0364,19.3448,18.1184,17.4963,16.9702,16.6048,16.2481,15.9,15.5604,15.0993,14.5923,13.6964,12.109,9.99755,7.90179,4.46115
99041,41.85,1.29989,-0.661307,0.00534964,-0.449731,0.0,6461.23,1,0.0,0.0,0.23019517233329562,60,HAIRPIN,APEX,16.3227,0.07460000000000022,9,16.3227,0,0.5297561048275862,0.0,0.0,False,0,15.1214,35.8711,27.3321,22.1422,19.4363,18.2033,17.5779,17.0489,16.6815,16.3227,15.9726,15.6311,15.1672,14.6573,13.7566,12.1603,10.0369,7.92983,4.47294
99040,41.8053,1.26552,-0.647805,0.00477815,-0.44866,0.0,6454.27,1,0.0,0.0,0.2241024384042698,60,HAIRPIN,APEX,16.3895,0.06680000000000064,9,16.3895,0,0.5294686344827586,0.0,0.0,False,0,15.0693,36.0291,27.4519,22.2374,19.5185,18.2791,17.6508,17.1193,16.75,16.3895,16.0376,15.6943,15.2279,14.7153,13.8103,12.206,10.072,7.95511,4.48398
99039,41.7609,1.23024,-0.639126,0.00440853,-0.447601,0.0,6447.41,1,0.0,0.0,0.21867394066006696,60,HAIRPIN,APEX,16.4489,0.05939999999999657,9,16.4489,0,0.5292130096551724,0.0,0.0,False,0,15.0237,36.1737,27.5605,22.3228,19.5921,18.3468,17.7158,17.182,16.8111,16.4489,16.0954,15.7506,15.282,14.7669,13.8579,12.2467,10.1032,7.97785,4.49428
99038,41.7164,1.19873,-0.623822,0.0042321,-0.446565,0.0,6440.6,1,0.0,0.0,0.21397986230536925,60,HAIRPIN,APEX,16.5013,0.05240000000000222,9,16.5013,0,0.5289875089655172,0.0,0.0,False,0,14.9843,36.3055,27.658,22.3989,19.6572,18.4065,17.7729,17.2371,16.8648,16.5013,16.1463,15.8001,15.3296,14.8123,13.8995,12.2823,10.1305,7.99799,4.5038
99037,41.6719,1.17065,-0.612516,0.0042178,-0.44555,0.0,6433.82,1,0.0,0.0,0.21004736345051753,60,HAIRPIN,APEX,16.5476,0.046299999999998676,9,16.5476,0,0.5287882593103449,0.0,0.0,False,0,14.9498,36.4263,27.7463,22.4672,19.7153,18.4598,17.8236,17.286,16.9125,16.5476,16.1914,15.8439,15.3718,14.8525,13.9362,12.3138,10.1546,8.01599,4.51267
99036,41.6275,1.14403,-0.604981,0.00436896,-0.444571,0.0,6427.07,1,0.0,0.0,0.20690298490006948,60,HAIRPIN,APEX,16.5876,0.03999999999999915,9,16.5876,0,0.5286161213793104,0.0,0.0,False,0,14.9205,36.5361,27.825,22.5271,19.7659,18.5061,17.8676,17.3281,16.9535,16.5876,16.2303,15.8817,15.4081,14.8871,13.9678,12.3408,10.1754,8.03157,4.52074
99035,41.583,1.12108,-0.600422,0.00465458,-0.443619,0.0,6420.32,1,0.0,0.0,0.20453767963795902,60,HAIRPIN,APEX,16.6225,0.034900000000000375,9,16.6225,0,0.5284659310344828,0.0,0.0,False,0,14.8953,36.6371,27.8959,22.5806,19.8105,18.5469,17.9063,17.3651,16.9893,16.6225,16.2643,15.9147,15.4397,14.9173,13.9954,12.3642,10.1935,8.04528,4.52819
99034,41.5385,1.10241,-0.599155,0.00505894,-0.442708,0.0,6413.55,1,0.0,0.0,0.2029296749868949,60,HAIRPIN,APEX,16.6527,0.03020000000000067,9,16.6527,0,0.5283359668965517,0.0,0.0,False,0,14.8736,36.7303,27.96,22.6281,19.8498,18.5826,17.9403,17.3974,17.0205,16.6527,16.2937,15.9433,15.4672,14.9435,14.0192,12.3842,10.2092,8.05718,4.535
99033,41.4939,1.08846,-0.599756,0.00553768,-0.441826,0.0,6406.76,1,0.0,0.0,0.2020170886582519,60,HAIRPIN,APEX,16.6803,0.027599999999999625,9,16.6803,0,0.528217191724138,0.0,0.0,False,0,14.854,36.8191,28.0202,22.6724,19.886,18.6155,17.9714,17.4271,17.0492,16.6803,16.3205,15.9694,15.4923,14.9674,14.041,12.4023,10.2234,8.068,4.5414
99032,41.4494,1.07643,-0.601847,0.00578564,-0.44098,0.0,6399.98,1,0.0,0.0,0.20145242151406176,60,HAIRPIN,APEX,16.7055,0.025200000000001666,9,16.7055,0,0.5281087448275863,0.0,0.0,False,0,14.8364,36.9038,28.0767,22.7133,19.9191,18.6456,17.9999,17.4541,17.0753,16.7055,16.3448,15.9929,15.5148,14.9889,14.0605,12.4185,10.2362,8.07769,4.54734
99031,41.4047,1.06832,-0.603628,0.00601261,-0.440146,0.0,6393.18,1,0.0,0.0,0.20115342404811926,60,HAIRPIN,APEX,16.7294,0.02389999999999759,9,16.7294,0,0.5280058924137931,0.0,0.0,False,0,14.8199,36.9864,28.1314,22.7526,19.9507,18.6743,18.0271,17.4799,17.1001,16.7294,16.3678,16.0152,15.5362,15.0093,14.0791,12.4337,10.2483,8.08678,4.553
99030,41.3602,1.06186,-0.604376,0.00627344,-0.439337,0.0,6386.39,1,0.0,0.0,0.20110696631494315,60,HAIRPIN,APEX,16.7525,0.023100000000003007,9,16.7525,0,0.5279064827586206,0.0,0.0,False,0,14.8043,37.0677,28.185,22.7907,19.9813,18.7019,18.0532,17.5048,17.1241,16.7525,16.39,16.0365,15.5566,15.0287,14.0968,12.4482,10.2596,8.09525,4.55835
99029,41.3155,1.05901,-0.603671,0.00654953,-0.438538,0.0,6379.58,1,0.0,0.0,0.20128313883375681,60,HAIRPIN,APEX,16.7755,0.022999999999999687,9,16.7755,0,0.5278075034482759,0.0,0.0,False,0,14.7888,37.1492,28.2386,22.8288,20.0119,18.7295,18.0793,17.5296,17.148,16.7755,16.4122,16.0578,15.5768,15.048,14.1144,12.4627,10.2709,8.10361,4.56356
99028,41.2708,1.05759,-0.601652,0.00682228,-0.437752,0.0,6372.78,1,0.0,0.0,0.20163950410484127,60,HAIRPIN,APEX,16.7993,0.023799999999997823,9,16.7993,0,0.5277050813793104,0.0,0.0,False,0,14.7731,37.2321,28.2936,22.8678,20.0435,18.7577,18.1061,17.5552,17.1727,16.7993,16.435,16.0799,15.5977,15.0678,14.1325,12.4777,10.2825,8.11216,4.5687
99027,41.2261,1.05781,-0.591921,0.00710076,-0.436981,0.0,6366.26,1,0.0,0.0,0.2021502346146702,60,HAIRPIN,APEX,16.8235,0.024200000000000443,9,16.8235,0,0.5276009379310345,0.0,0.0,False,0,14.7572,37.3159,28.3493,22.9074,20.0756,18.7864,18.1333,17.5811,17.1977,16.8235,16.4584,16.1023,15.6189,15.0878,14.1508,12.4929,10.2941,8.12079,4.57384
99026,41.1813,1.06174,-0.573459,0.00737065,-0.436219,0.0,6359.41,1,0.0,0.0,0.20277979331758725,60,HAIRPIN,APEX,16.8487,0.025200000000001666,9,16.8487,0,0.5274924910344827,0.0,0.0,False,0,14.7408,37.4018,28.4068,22.9484,20.109,18.8162,18.1616,17.6081,17.2238,16.8487,16.4827,16.1258,15.6412,15.1088,14.1699,12.5088,10.3061,8.12975,4.57904
99025,41.137,1.06268,-0.557635,0.00762718,-0.435459,0.0,6352.57,1,0.0,0.0,0.2034939149213936,60,HAIRPIN,APEX,16.8752,0.026499999999998636,9,16.8752,0,0.5273784496551723,0.0,0.0,False,0,14.7236,37.49,28.4664,22.9914,20.1441,18.8475,18.1912,17.6365,17.2513,16.8752,16.5083,16.1505,15.6647,15.131,14.19,12.5256,10.3187,8.13921,4.58438
99024,41.0928,1.06458,-0.548901,0.00786274,-0.434714,0.0,6345.71,1,0.0,0.0,0.2042579787314905,60,HAIRPIN,APEX,16.9033,0.028100000000002012,9,16.9033,0,0.5272575227586207,0.0,0.0,False,0,14.7055,37.5815,28.5285,23.0366,20.181,18.8807,18.2225,17.6664,17.2802,16.9033,16.5354,16.1767,15.6897,15.1545,14.2112,12.5434,10.332,8.14911,4.58979
99023,41.049,1.06503,-0.538736,0.00808209,-0.433977,0.0,6338.96,1,0.0,0.0,0.2050477533527853,60,HAIRPIN,APEX,16.9327,0.029399999999998983,9,16.9327,0,0.5271310013793102,0.0,0.0,False,0,14.6867,37.6758,28.593,23.0837,20.2197,18.9155,18.2553,17.6977,17.3106,16.9327,16.564,16.2043,15.716,15.1794,14.2335,12.5621,10.3459,8.15947,4.59532
99022,41.0051,1.06754,-0.527688,0.00826901,-0.433243,0.0,6332.24,1,0.0,0.0,0.20582722830305897,60,HAIRPIN,APEX,16.9643,0.03160000000000096,9,16.9643,0,0.526995012413793,0.0,0.0,False,0,14.6665,37.7742,28.6609,23.1339,20.261,18.9529,18.2906,17.7313,17.3432,16.9643,16.5946,16.234,15.7443,15.2062,14.2577,12.5824,10.361,8.17059,4.60104
99021,40.9613,1.07047,-0.520757,0.00843161,-0.432512,0.0,6325.57,1,0.0,0.0,0.20657477435601346,60,HAIRPIN,APEX,16.9977,0.033399999999996766,9,16.9977,0,0.5268512772413793,0.0,0.0,False,0,14.6451,37.8762,28.7317,23.1867,20.3046,18.9925,18.328,17.7669,17.3776,16.9977,16.627,16.2654,15.7744,15.2348,14.2835,12.6039,10.3771,8.18236,4.60695
99020,40.9177,1.07369,-0.51707,0.00857037,-0.431786,0.0,6318.93,1,0.0,0.0,0.20727325987964512,60,HAIRPIN,APEX,17.033,0.035300000000002996,9,17.033,0,0.5266993655172414,0.0,0.0,False,0,14.6227,37.9818,28.8055,23.242,20.3503,19.0341,18.3675,17.8045,17.414,17.033,16.6612,16.2986,15.8062,15.265,14.3108,12.6267,10.3942,8.19473,4.61302
99019,40.8743,1.07712,-0.516521,0.00868147,-0.43106,0.0,6312.31,1,0.0,0.0,0.20790457414778946,60,HAIRPIN,APEX,17.0702,0.03719999999999857,9,17.0702,0,0.5265392772413793,0.0,0.0,False,0,14.599,38.0912,28.8826,23.3001,20.3985,19.0782,18.4094,17.8445,17.4525,17.0702,16.6974,16.3337,15.8399,15.297,14.34,12.6508,10.4125,8.20782,4.61931
99018,40.8313,1.07784,-0.518355,0.00878304,-0.430335,0.0,6305.76,1,0.0,0.0,0.20847159389719527,60,HAIRPIN,APEX,17.1089,0.038699999999998624,9,17.1089,0,0.5263727337931035,0.0,0.0,False,0,14.5746,38.203,28.9619,23.36,20.4483,19.1237,18.4527,17.8859,17.4926,17.1089,16.7348,16.3701,15.8748,15.3303,14.3703,12.6758,10.4315,8.22139,4.62573
99017,40.7883,1.0805,-0.521783,0.0088126,-0.429617,0.0,6299.2,1,0.0,0.0,0.20891623116682895,60,HAIRPIN,APEX,17.1492,0.040300000000002,9,17.1492,0,0.5261993048275861,0.0,0.0,False,0,14.5494,38.3176,29.0438,23.4219,20.4998,19.1709,18.4977,17.9289,17.5342,17.1492,16.7737,16.4078,15.911,15.3648,14.4018,12.7018,10.4514,8.2354,4.63227
99016,40.7456,1.08115,-0.525476,0.00856751,-0.428892,0.0,6292.69,1,0.0,0.0,0.20899251914371392,60,HAIRPIN,APEX,17.1908,0.04159999999999897,9,17.1908,0,0.5260202813793103,0.0,0.0,False,0,14.5236,38.4345,29.1276,23.4855,20.553,19.2196,18.544,17.9733,17.5772,17.1908,16.814,16.4467,15.9483,15.4005,14.4344,12.7288,10.4719,8.24984,4.63892
99015,40.7029,1.08402,-0.528662,0.00830525,-0.428152,0.0,6286.18,1,0.0,0.0,0.20874901063546286,60,HAIRPIN,APEX,17.2343,0.04350000000000165,9,17.2343,0,0.5258330813793103,0.0,0.0,False,0,14.497,38.5545,29.2143,23.5514,20.6084,19.2702,18.5924,18.0196,17.6222,17.2343,16.8561,16.4875,15.9873,15.4377,14.4685,12.7571,10.4934,8.26488,4.64577
99014,40.6604,1.08501,-0.53028,0.00802964,-0.427394,0.0,6279.7,1,0.0,0.0,0.2082290345322398,60,HAIRPIN,APEX,17.2795,0.045199999999997686,9,17.2795,0,0.5256385655172414,0.0,0.0,False,0,14.4695,38.6796,29.3034,23.6194,20.6658,19.3225,18.6424,18.0677,17.6688,17.2795,16.8999,16.5299,16.0278,15.4763,14.5039,12.7866,10.5158,8.28056,4.65281
99013,40.6182,1.08524,-0.530565,0.00775307,-0.426625,0.0,6273.27,1,0.0,0.0,0.20748066753401803,60,HAIRPIN,APEX,17.3258,0.04630000000000223,9,17.3258,0,0.5254393158620689,0.0,0.0,False,0,14.4415,38.8126,29.3942,23.6889,20.7245,19.376,18.6936,18.1168,17.7165,17.3258,16.9448,16.5734,16.0694,15.5158,14.5402,12.817,10.5387,8.2967,4.65996
99012,40.5763,1.08229,-0.52972,0.00749462,-0.425845,0.0,6266.88,1,0.0,0.0,0.2065619169938185,60,HAIRPIN,APEX,17.3723,0.04649999999999821,9,17.3723,0,0.5252392055172415,0.0,0.0,False,0,14.4138,38.9521,29.4852,23.7588,20.7835,19.4298,18.7449,18.1661,17.7644,17.3723,16.9899,16.6171,16.1112,15.5556,14.5766,12.8476,10.5618,8.31303,4.66721
99011,40.5344,1.0796,-0.518112,0.00726956,-0.425062,0.0,6260.72,1,0.0,0.0,0.20553576955252228,60,HAIRPIN,APEX,17.4183,0.045999999999999375,9,17.4183,0,0.5250412468965517,0.0,0.0,False,0,14.3866,39.0968,29.5752,23.8279,20.8418,19.483,18.7955,18.2148,17.8117,17.4183,17.0345,16.6604,16.1526,15.5949,14.6125,12.8778,10.5845,8.3292,4.67447
99010,40.4926,1.07896,-0.502231,0.00706452,-0.424276,0.0,6254.32,1,0.0,0.0,0.20444085149792618,60,HAIRPIN,APEX,17.4642,0.04590000000000316,9,17.4642,0,0.5248437186206896,0.0,0.0,False,0,14.3597,39.2483,29.6652,23.8971,20.9001,19.5363,18.8461,18.2634,17.859,17.4642,17.0792,16.7037,16.1941,15.6343,14.6483,12.9081,10.6073,8.34546,4.68177
99009,40.4513,1.075,-0.489944,0.00687664,-0.423477,0.0,6247.93,1,0.0,0.0,0.2033053666652238,60,HAIRPIN,APEX,17.5104,0.04619999999999891,9,17.5104,0,0.5246448993103449,0.0,0.0,False,0,14.3329,39.407,29.7555,23.9667,20.9587,19.59,18.8972,18.3123,17.9065,17.5104,17.124,16.7472,16.2358,15.6741,14.6844,12.9386,10.6301,8.36191,4.68918
99008,40.4106,1.06642,-0.483903,0.00673025,-0.422676,0.0,6241.62,1,0.0,0.0,0.2021768927066382,60,HAIRPIN,APEX,17.5556,0.045199999999997686,9,17.5556,0,0.5244503834482759,0.0,0.0,False,0,14.3069,39.571,29.8443,24.035,21.0162,19.6426,18.9473,18.3602,17.953,17.5556,17.1679,16.7899,16.2768,15.713,14.7199,12.9684,10.6525,8.37807,4.69656
99007,40.3698,1.06022,-0.473027,0.00661629,-0.421879,0.0,6235.36,1,0.0,0.0,0.2010860290010317,60,HAIRPIN,APEX,17.6001,0.04450000000000287,9,17.6001,0,0.5242588800000001,0.0,0.0,False,0,14.2816,39.741,29.9321,24.1024,21.0729,19.6946,18.9967,18.4075,17.9988,17.6001,17.2112,16.8319,16.3171,15.7514,14.7548,12.9978,10.6746,8.39401,4.70387
99006,40.3291,1.05404,-0.464134,0.00652808,-0.421083,0.0,6229.15,1,0.0,0.0,0.20005115533034998,60,HAIRPIN,APEX,17.6442,0.04410000000000025,9,17.6442,0,0.5240690979310345,0.0,0.0,False,0,14.2567,39.918,30.0195,24.1694,21.1291,19.7462,19.046,18.4545,18.0443,17.6442,17.2541,16.8736,16.3572,15.7896,14.7897,13.0269,10.6967,8.40986,4.71118
99005,40.2887,1.04792,-0.458503,0.00647229,-0.420294,0.0,6222.99,1,0.0,0.0,0.19909425028422736,60,HAIRPIN,APEX,17.6877,0.043499999999998096,9,17.6877,0,0.5238818979310345,0.0,0.0,False,0,14.2325,40.1016,30.1059,24.2354,21.1844,19.797,19.0944,18.501,18.0893,17.6877,17.2962,16.9146,16.3965,15.8272,14.824,13.0555,10.7184,8.42543,4.71838
99004,40.2484,1.04192,-0.455797,0.00645226,-0.419507,0.0,6216.85,1,0.0,0.0,0.19823624756052483,60,HAIRPIN,APEX,17.7306,0.042899999999999494,9,17.7306,0,0.52369728,0.0,0.0,False,0,14.2089,40.2917,30.1912,24.3004,21.2389,19.847,19.1421,18.5466,18.1336,17.7306,17.3377,16.9549,16.4352,15.8641,14.8577,13.0835,10.7398,8.44074,4.72553
99003,40.2084,1.036,-0.455639,0.00646466,-0.418723,0.0,6210.74,1,0.0,0.0,0.19749113767741006,60,HAIRPIN,APEX,17.7728,0.042200000000001125,9,17.7728,0,0.5235156744827586,0.0,0.0,False,0,14.1858,40.4888,30.2755,24.3645,21.2927,19.8963,19.1891,18.5917,18.1772,17.7728,17.3786,16.9944,16.4732,15.9004,14.8909,13.1111,10.7609,8.45582,4.73263
99002,40.1685,1.03018,-0.457449,0.00650948,-0.417948,0.0,6204.66,1,0.0,0.0,0.19687079351949816,60,HAIRPIN,APEX,17.8144,0.04159999999999897,9,17.8144,0,0.5233366510344827,0.0,0.0,False,0,14.1633,40.6931,30.3586,24.4276,21.3457,19.9447,19.2352,18.6359,18.2201,17.8144,17.4189,17.0334,16.5105,15.9361,14.9235,13.1382,10.7816,8.47058,4.73961
99001,40.1287,1.02451,-0.460344,0.00648468,-0.417179,0.0,6198.59,1,0.0,0.0,0.1962853558093677,60,HAIRPIN,APEX,17.8554,0.04100000000000037,9,17.8554,0,0.5231602096551724,0.0,0.0,False,0,14.1413,40.905,30.4408,24.4898,21.398,19.9923,19.2807,18.6796,18.2624,17.8554,17.4586,17.0718,16.5472,15.9711,14.9556,13.1649,10.802,8.48507,4.74651
99000,40.0889,1.02189,-0.46321,0.00628632,-0.416412,0.0,6192.52,1,0.0,0.0,0.19555962584304906,60,HAIRPIN,APEX,17.8965,0.041100000000000136,9,17.8965,0,0.5229833379310345,0.0,0.0,False,0,14.1194,41.1268,30.523,24.5523,21.4505,20.0399,19.3263,18.7232,18.3048,17.8965,17.4984,17.1104,16.584,16.0061,14.9878,13.1917,10.8224,8.4995,4.75336
98999,40.0494,1.01764,-0.465303,0.00610703,-0.415634,0.0,6186.48,1,0.0,0.0,0.1947366785454165,60,HAIRPIN,APEX,17.9377,0.0411999999999999,9,17.9377,0,0.522806035862069,0.0,0.0,False,0,14.0976,41.3583,30.6053,24.6149,21.503,20.0877,19.3718,18.7669,18.3472,17.9377,17.5383,17.149,16.6209,16.0411,15.0199,13.2186,10.8429,8.514,4.76022
98998,40.0098,1.01578,-0.465851,0.00593823,-0.414858,0.0,6180.45,1,0.0,0.0,0.19384436739246702,60,HAIRPIN,APEX,17.9791,0.04139999999999944,9,17.9791,0,0.5226278731034483,0.0,0.0,False,0,14.0759,41.6009,30.6878,24.6778,21.5558,20.1357,19.4174,18.8108,18.3898,17.9791,17.5784,17.188,16.6581,16.0764,15.0522,13.2457,10.8634,8.52857,4.76702
98997,39.9705,1.01187,-0.465373,0.0057885,-0.414071,0.0,6174.45,1,0.6,0.0,0.19291300019691807,78,MEDIUM,APEX,18.0205,0.04139999999999944,9,18.0205,0,0.5224497103448276,0.0,0.0,False,0,14.0543,41.8543,30.7704,24.7409,21.6086,20.1839,19.4631,18.8547,18.4325,18.0205,17.6186,17.2269,16.6954,16.1118,15.0845,13.2729,10.8839,8.54329,4.77388
98996,39.9313,1.00722,-0.463905,0.00566548,-0.413287,0.0,6168.48,1,0.6,0.0,0.19197582854104106,78,MEDIUM,APEX,18.0613,0.040800000000000836,9,18.0613,0,0.5222741296551724,0.0,0.0,False,0,14.0331,42.1177,30.8522,24.8032,21.6608,20.2316,19.5084,18.898,18.4746,18.0613,17.6583,17.2654,16.7323,16.1468,15.1162,13.2997,10.9041,8.55781,4.78069
98995,40.4889,0.979915,-0.450847,0.00562638,-0.412519,0.0,6835.23,1,0.48,0.0,0.19111673207857954,78,MEDIUM,APEX,18.0989,0.03760000000000119,9,18.0989,0,0.52211232,0.0,0.0,False,0,14.014,42.3858,30.9293,24.8612,21.7091,20.2756,19.5502,18.9378,18.5132,18.0989,17.6947,17.3007,16.7661,16.1789,15.1453,13.3242,10.9224,8.57114,4.78714
98994,41.2534,0.9463,-0.432549,0.00557011,-0.411782,0.0,6987.5,1,0.48,0.0,0.19030705360963668,78,MEDIUM,APEX,18.1379,0.038999999999997925,9,18.1379,0,0.5219444855172414,0.0,0.0,False,0,13.9943,42.6753,31.0098,24.9219,21.7595,20.3216,19.5939,18.9795,18.5535,18.1379,17.7326,17.3375,16.8013,16.2124,15.1756,13.3494,10.9412,8.58471,4.79349
98993,41.9719,0.939359,-0.418605,0.0056588,-0.411077,0.0,6834.6,1,0.6,0.0,0.18968128183074878,78,MEDIUM,APEX,18.1709,0.03300000000000125,9,18.1709,0,0.521802471724138,0.0,0.0,False,0,13.9781,42.9662,31.0816,24.9748,21.8029,20.361,19.6311,19.0149,18.5876,18.1709,17.7646,17.3685,16.8309,16.2405,15.2009,13.3704,10.9568,8.59598,4.7991
98992,42.5823,0.95587,-0.415621,0.00614231,-0.410371,0.0,6916.89,1,0.6,0.0,0.189590810972051,78,MEDIUM,APEX,18.1865,0.01559999999999917,9,18.1865,0,0.5217353379310344,0.0,0.0,False,0,13.9711,43.2235,31.126,25.0042,21.8253,20.3807,19.6495,19.0322,18.604,18.1865,17.7796,17.3829,16.8446,16.2533,15.2122,13.3795,10.9636,8.60147,4.8032
98991,43.2856,0.957009,-0.417729,0.00666779,-0.409695,0.0,7250.83,1,0.48,0.0,0.18998221883363392,78,MEDIUM,APEX,18.201,0.014500000000001734,9,18.201,0,0.5216729379310345,0.0,0.0,False,0,13.9649,43.4946,31.1693,25.0323,21.8465,20.3993,19.6668,19.0482,18.6193,18.201,17.7933,17.3961,16.8571,16.265,15.2224,13.3876,10.9696,8.60629,4.80698
98990,44.0684,0.935893,-0.427486,0.00696343,-0.409045,0.0,7471.77,1,0.48,0.0,0.1905466749924711,78,MEDIUM,APEX,18.2275,0.026499999999998636,9,18.2275,0,0.5215588965517242,0.0,0.0,False,0,13.9527,43.8213,31.2323,25.0769,21.8823,20.4313,19.6969,19.0769,18.6468,18.2275,17.8187,17.4205,16.8803,16.287,15.2422,13.4034,10.9814,8.61477,4.81162
98989,44.8062,0.924414,-0.443261,0.00718039,-0.408437,0.0,7364.76,1,0.6,0.0,0.19117926701221133,78,MEDIUM,APEX,18.2585,0.03100000000000236,9,18.2585,0,0.5214254896551724,0.0,0.0,False,0,13.9386,44.1858,31.3037,25.1282,21.9239,20.4686,19.7322,19.1103,18.6791,18.2585,17.8485,17.4491,16.9075,16.3128,15.2654,13.422,10.9951,8.62435,4.81637
98988,45.4554,0.938904,-0.460421,0.0075466,-0.407834,0.0,7457.52,2,0.6,0.0,0.19201344615446153,78,MEDIUM,APEX,18.2838,0.02529999999999788,9,18.2838,0,0.5213166124137931,0.0,0.0,False,0,13.9275,44.5556,31.3663,25.172,21.9588,20.4994,19.7612,19.1379,18.7055,18.2838,17.8729,17.4725,16.9295,16.3336,15.284,13.4367,11.006,8.63196,4.82059
98987,46.1827,0.930718,-0.473396,0.0078389,-0.407255,0.0,7886.17,2,0.48,0.0,0.1929425779090852,78,MEDIUM,APEX,18.314,0.03020000000000067,9,18.314,0,0.521186648275862,0.0,0.0,False,0,13.9142,44.967,31.4372,25.2227,21.9994,20.5355,19.7954,19.1704,18.7368,18.314,17.9018,17.5002,16.9557,16.3583,15.3063,13.4545,11.019,8.64086,4.82504
98986,46.4987,0.959142,-0.482321,0.00799149,-0.406696,0.0,5844.63,2,0.6,0.0,0.19381485731880693,78,MEDIUM,APEX,18.3488,0.03480000000000061,9,18.3488,0,0.521036888275862,0.0,0.0,False,0,13.8987,45.4228,31.516,25.2801,22.046,20.5771,19.8347,19.2078,18.7729,18.3488,17.9354,17.5325,16.9863,16.387,15.3322,13.4754,11.0341,8.65107,4.82975
98985,46.4765,0.999961,-0.494991,0.00784939,-0.406078,0.0,5860.95,2,0.6,0.0,0.19434944582020897,78,MEDIUM,APEX,18.3883,0.03950000000000031,9,18.3883,0,0.5208669020689655,0.0,0.0,False,0,13.8807,45.92,31.6056,25.3436,22.0981,20.624,19.8789,19.2501,18.8138,18.3883,17.9735,17.5694,17.0213,16.42,15.3621,13.4998,11.052,8.66318,4.83521
98984,46.4945,1.02179,-0.501361,0.00754803,-0.40542,0.0,5376.01,2,0.6,0.0,0.19444926803741958,78,MEDIUM,APEX,18.4371,0.048799999999999955,9,18.4371,0,0.5206568937931034,0.0,0.0,False,0,13.8581,46.4791,31.7169,25.4196,22.1614,20.6814,19.9332,19.302,18.8642,18.4371,18.0208,17.6151,17.0649,16.4612,15.3994,13.5307,11.0747,8.67863,4.84164
98983,46.8975,1.02204,-0.49528,0.00734585,-0.404748,0.0,5618.81,2,0.6,0.0,0.19428822842359905,78,MEDIUM,APEX,18.4825,0.04540000000000077,9,18.4825,0,0.5204615172413793,0.0,0.0,False,0,13.8373,47.06,31.83,25.4909,22.2203,20.7349,19.9839,19.3503,18.911,18.4825,18.0647,17.6576,17.1054,16.4995,15.4339,13.5593,11.0956,8.69305,4.8478
98982,47.3621,1.02962,-0.483819,0.00736636,-0.404069,0.0,5665.19,2,0.6,0.0,0.19412970965970905,78,MEDIUM,APEX,18.5183,0.03579999999999828,9,18.5183,0,0.5203074537931034,0.0,0.0,False,0,13.8213,47.643,31.9351,25.5494,22.268,20.7779,20.0244,19.3886,18.948,18.5183,18.0993,17.6911,17.1373,16.5296,15.4608,13.5815,11.1117,8.70441,4.8532
98981,47.8302,1.03832,-0.467031,0.00751561,-0.403392,0.0,5711.39,2,0.6,0.0,0.19409879118988882,78,MEDIUM,APEX,18.549,0.030699999999999505,9,18.549,0,0.5201753379310344,0.0,0.0,False,0,13.8079,48.2458,32.0394,25.6011,22.3095,20.8152,20.0595,19.4218,18.9798,18.549,18.129,17.7197,17.1646,16.5553,15.4836,13.6001,11.1252,8.71411,4.85816
98980,48.2986,1.0461,-0.44568,0.00778263,-0.402722,0.0,5764.07,2,0.6,0.0,0.19428769506841115,78,MEDIUM,APEX,18.5751,0.026099999999999568,9,18.5751,0,0.5200630179310345,0.0,0.0,False,0,13.7969,48.8723,32.1441,25.6468,22.3455,20.8474,20.0897,19.4503,19.0071,18.5751,18.1542,17.744,17.1876,16.5769,15.5028,13.6156,11.1362,8.72219,4.86267
98979,48.7691,1.0499,-0.431772,0.00812691,-0.402061,0.0,5821.48,2,0.6,0.0,0.19473272229530242,78,MEDIUM,APEX,18.5986,0.023500000000002075,9,18.5986,0,0.5199618868965517,0.0,0.0,False,0,13.7872,49.533,32.2528,25.689,22.3785,20.8767,20.1171,19.4761,19.0317,18.5986,18.1766,17.7656,17.2081,16.5962,15.5198,13.6291,11.146,8.72935,4.86692
98978,49.2425,1.05076,-0.425738,0.00850457,-0.401423,0.0,5882.42,2,0.6,0.0,0.19542185693089875,78,MEDIUM,APEX,18.6216,0.022999999999999687,9,18.6216,0,0.5198629075862069,0.0,0.0,False,0,13.7781,50.2405,32.3698,25.7305,22.4109,20.9052,20.1437,19.5012,19.0558,18.6216,18.1985,17.7865,17.228,16.6148,15.5363,13.642,11.1553,8.73608,4.87096
98977,49.7191,1.05227,-0.424625,0.00885075,-0.400808,0.0,5946.59,2,0.6,0.0,0.196282070432269,78,MEDIUM,APEX,18.6471,0.025499999999997414,9,18.6471,0,0.5197531696551725,0.0,0.0,False,0,13.7679,51.0157,32.5017,25.776,22.4466,20.9366,20.1733,19.5291,19.0825,18.6471,18.2229,17.8098,17.25,16.6356,15.5548,13.6564,11.1657,8.74343,4.87507
98976,50.2017,1.04949,-0.429929,0.00914877,-0.400213,0.0,6010.29,2,0.6,0.0,0.19723702740297092,78,MEDIUM,APEX,18.6762,0.029100000000003234,9,18.6762,0,0.5196279393103449,0.0,0.0,False,0,13.7563,51.8705,32.6516,25.8265,22.4868,20.9721,20.2067,19.5607,19.1128,18.6762,18.2508,17.8366,17.2751,16.6593,15.5759,13.6731,11.1778,8.75172,4.87937
98975,50.6898,1.04747,-0.437327,0.00939911,-0.399637,0.0,6073.44,2,0.6,0.0,0.1982245319514827,78,MEDIUM,APEX,18.7089,0.0326999999999984,9,18.7089,0,0.5194872165517241,0.0,0.0,False,0,13.7432,52.8148,32.8207,25.8823,22.5314,21.0116,20.2439,19.596,19.1469,18.7089,18.2823,17.8667,17.3035,16.686,15.5999,13.6921,11.1915,8.76096,4.88383
98974,51.1834,1.04598,-0.444609,0.00960081,-0.399081,0.0,6136.07,2,0.6,0.0,0.19919271677963474,78,MEDIUM,APEX,18.7453,0.03640000000000043,9,18.7453,0,0.5193305710344828,0.0,0.0,False,0,13.7286,53.8602,33.011,25.9434,22.5807,21.0555,20.2851,19.6353,19.1847,18.7453,18.3173,17.9004,17.3354,16.7158,15.6267,13.7135,11.2068,8.77119,4.88847
98973,51.682,1.04491,-0.450896,0.00971192,-0.398539,0.0,6198.85,2,0.6,0.0,0.2000577798177683,78,MEDIUM,APEX,18.7853,0.03999999999999915,9,18.7853,0,0.5191584331034482,0.0,0.0,False,0,13.7125,55.0187,33.2235,26.0096,22.6343,21.1035,20.3302,19.6782,19.2261,18.7853,18.3558,17.9375,17.3705,16.7487,15.6562,13.7373,11.2238,8.78237,4.89332
98972,52.1853,1.04395,-0.456588,0.00952309,-0.397999,0.0,6262.31,2,0.6,0.0,0.20054626975426507,78,MEDIUM,APEX,18.8287,0.04340000000000188,9,18.8287,0,0.5189716634482758,0.0,0.0,False,0,13.6949,56.3045,33.46,26.0808,22.6922,21.1555,20.3792,19.7246,19.271,18.8287,18.3976,17.9778,17.4087,16.7847,15.6884,13.7633,11.2424,8.79461,4.89837
98971,52.6935,1.04283,-0.461679,0.00929516,-0.397462,0.0,6326.32,2,0.6,0.0,0.20068809044277733,78,MEDIUM,APEX,18.8753,0.046599999999997976,9,18.8753,0,0.5187711227586207,0.0,0.0,False,0,13.676,57.7362,33.7224,26.1567,22.7542,21.2114,20.4319,19.7746,19.3192,18.8753,18.4427,18.0213,17.4501,16.8236,15.7231,13.7915,11.2624,8.80786,4.90356
98970,53.2065,1.04141,-0.465973,0.00902718,-0.396915,0.0,6390.91,2,0.6,0.0,0.2005059485164608,78,MEDIUM,APEX,18.9255,0.050200000000000244,9,18.9255,0,0.5185550896551725,0.0,0.0,False,0,13.6556,59.3363,34.0133,26.2378,22.8206,21.2716,20.4887,19.8286,19.3712,18.9255,18.4912,18.0682,17.4947,16.8658,15.7607,13.8221,11.2841,8.82232,4.90907
98969,53.7246,1.03718,-0.469727,0.00873535,-0.396361,0.0,6456.17,2,0.6,0.0,0.20003444787218114,78,MEDIUM,APEX,18.9785,0.053000000000000824,9,18.9785,0,0.5183270068965518,0.0,0.0,False,0,13.6342,61.1255,34.3336,26.3228,22.8906,21.335,20.5487,19.8857,19.4262,18.9785,18.5425,18.1178,17.542,16.9104,15.8007,13.8546,11.3071,8.83769,4.91486
98968,54.251,1.03482,-0.460763,0.00845211,-0.395788,0.0,6515.12,2,0.6,0.0,0.19933274038185395,78,MEDIUM,APEX,19.0332,0.054700000000000415,9,19.0332,0,0.5180916082758621,0.0,0.0,False,0,13.6122,63.1226,34.6825,26.4131,22.9625,21.4001,20.6105,19.9444,19.4829,19.0332,18.5952,18.1687,17.5906,16.9564,15.842,13.8881,11.3309,8.85365,4.92092
98967,54.7785,1.03011,-0.45035,0.00820797,-0.395233,0.0,6581.76,2,0.6,0.0,0.19848157898241015,78,MEDIUM,APEX,19.0874,0.05419999999999803,9,19.0874,0,0.5178583613793103,0.0,0.0,False,0,13.5908,65.3477,35.0581,26.512,23.034,21.4647,20.6717,20.0028,19.5392,19.0874,18.6474,18.219,17.6386,17.0018,15.8828,13.9209,11.3543,8.86922,4.9268
98966,55.3097,1.02186,-0.441911,0.00798386,-0.394655,0.0,6651.7,2,0.6,0.0,0.19752580196337272,78,MEDIUM,APEX,19.1428,0.055400000000002336,9,19.1428,0,0.5176199503448277,0.0,0.0,False,0,13.5691,67.8521,35.4665,26.6224,23.107,21.5304,20.734,20.0622,19.5966,19.1428,18.7008,18.2705,17.6875,17.0482,15.9245,13.9544,11.3785,8.88525,4.93292
98965,55.8456,1.0111,-0.431505,0.0077402,-0.394058,0.0,6723.52,2,0.6,0.0,0.19646389828394734,78,MEDIUM,APEX,19.2013,0.058499999999998664,9,19.2013,0,0.5173681986206896,0.0,0.0,False,0,13.5463,70.7108,35.9168,26.7484,23.1838,21.5996,20.7998,20.125,19.6572,19.2013,18.7573,18.325,17.7392,17.0972,15.9688,13.9901,11.4042,8.90232,4.93942
98964,56.388,0.997561,-0.427064,0.00747698,-0.393471,0.0,6794.67,2,0.6,0.0,0.19529660275040017,78,MEDIUM,APEX,19.2628,0.06149999999999878,9,19.2628,0,0.5171035365517241,0.0,0.0,False,0,13.5226,74.297,36.4133,26.8909,23.2642,21.6723,20.8685,20.1907,19.7208,19.2628,18.8166,18.3822,17.7936,17.1485,16.0152,14.0276,11.4313,8.92013,4.94608
98963,56.9368,0.978013,-0.427039,0.00723093,-0.39289,0.0,6865.41,2,0.6,0.0,0.19406002036155517,78,MEDIUM,APEX,19.3253,0.0625,9,19.3253,0,0.5168345710344828,0.0,0.0,False,0,13.4987,152.874,36.9553,27.0485,23.3459,21.7463,20.9384,20.2574,19.7854,19.3253,18.877,18.4405,17.8491,17.2008,16.0624,14.0659,11.4587,8.93813,4.95279
98962,57.4914,0.958765,-0.429921,0.00702542,-0.392332,0.0,6936.18,2,0.6,0.0,0.19280768305669083,78,MEDIUM,APEX,19.3873,0.062000000000001165,9,19.3873,0,0.5165677572413794,0.0,0.0,False,0,13.4755,149.147,37.5441,27.2202,23.4273,21.82,21.0081,20.3237,19.8496,19.3873,18.9369,18.4984,17.9041,17.2527,16.109,14.1038,11.4858,8.95571,4.95928
98961,58.0512,0.939598,-0.435369,0.00667542,-0.391801,0.0,7007.72,2,0.6,0.0,0.1914035361785992,78,MEDIUM,APEX,19.4489,0.061599999999998545,9,19.4489,0,0.5163026648275862,0.0,0.0,False,0,13.4529,145.466,38.1855,27.4076,23.5083,21.8934,21.0775,20.3897,19.9132,19.4489,18.9965,18.5559,17.9589,17.3044,16.1552,14.1413,11.5124,8.97298,4.96555
98960,58.6165,0.920317,-0.442713,0.00622671,-0.391253,0.0,7079.85,2,0.6,0.0,0.18977759632173374,78,MEDIUM,APEX,19.5107,0.06180000000000163,9,19.5107,0,0.5160367117241379,0.0,0.0,False,0,13.4304,141.83,38.8869,27.6126,23.5917,21.9672,21.1474,20.4561,19.9772,19.5107,19.0562,18.6137,18.0139,17.3562,16.2015,14.179,11.539,8.99041,4.97182
98959,59.1873,0.898939,-0.450452,0.00582951,-0.390711,0.0,7152.52,2,0.6,0.0,0.18802036881751993,78,MEDIUM,APEX,19.5714,0.06070000000000064,9,19.5714,0,0.5157754924137931,0.0,0.0,False,0,13.4085,138.245,39.6518,27.8351,23.6835,22.0399,21.2162,20.5215,20.0403,19.5714,19.1149,18.6704,18.0679,17.4073,16.2472,14.2158,11.5649,9.00743,4.97788
98958,59.7634,0.879162,-0.45761,0.00548046,-0.39017,0.0,7225.89,2,0.6,0.0,0.18620245330280089,78,MEDIUM,APEX,19.6317,0.06029999999999802,9,19.6317,0,0.5155159944827586,0.0,0.0,False,0,13.3872,134.708,40.4898,28.0774,23.7857,22.1119,21.2843,20.5865,20.1029,19.6317,19.1728,18.7263,18.1212,17.4576,16.2923,14.252,11.5903,9.02415,4.98386
98957,60.3494,0.861143,-0.453108,0.00519532,-0.389634,0.0,7291.46,2,0.6,0.0,0.18439736576503513,78,MEDIUM,APEX,19.6905,0.05880000000000152,9,19.6905,0,0.5152629517241379,0.0,0.0,False,0,13.3668,131.225,41.4068,28.3395,23.8981,22.1821,21.3509,20.6498,20.1639,19.6905,19.2294,18.7807,18.173,17.5066,16.3361,14.2871,11.615,9.04029,4.98971
98956,60.9362,0.84516,-0.444278,0.00501078,-0.389098,0.0,7364.98,2,0.6,0.0,0.18270078441049437,78,MEDIUM,APEX,19.746,0.05549999999999855,9,19.746,0,0.5150241103448276,0.0,0.0,False,0,13.348,127.81,42.4052,28.6199,24.019,22.2526,21.4137,20.7095,20.2215,19.746,19.2829,18.8321,18.2215,17.5524,16.3772,14.3197,11.638,9.05528,4.99528
98955,61.5265,0.827901,-0.433303,0.00489682,-0.388584,0.0,7442.71,2,0.6,0.0,0.18116342984020467,78,MEDIUM,APEX,19.7994,0.05339999999999989,9,19.7994,0,0.5147943062068966,0.0,0.0,False,0,13.3303,124.448,43.503,28.9232,24.1511,22.3312,21.4741,20.7671,20.277,19.7994,19.3343,18.8815,18.2682,17.5963,16.4165,14.3507,11.6598,9.06934,5.00051
98954,62.1213,0.809057,-0.420589,0.00478905,-0.388074,0.0,7523.34,2,0.6,0.0,0.179762944067879,78,MEDIUM,APEX,19.8545,0.055100000000003035,9,19.8545,0,0.5145571862068965,0.0,0.0,False,0,13.3121,121.109,44.7329,29.2596,24.3008,22.4232,21.5414,20.8263,20.3341,19.8545,19.3873,18.9326,18.3165,17.6416,16.457,14.3829,11.6824,9.08379,5.00585
98953,62.7226,0.782163,-0.414386,0.00470131,-0.387588,0.0,7604.57,2,0.6,0.0,0.1784958420957658,78,MEDIUM,APEX,19.9104,0.05589999999999762,9,19.9104,0,0.5143166234482759,0.0,0.0,False,0,13.2941,117.797,46.1128,29.631,24.4687,22.5288,21.6205,20.887,20.3921,19.9104,19.4412,18.9844,18.3656,17.6876,16.498,14.4155,11.7051,9.09821,5.0111
98952,63.3307,0.753657,-0.413029,0.00464361,-0.387124,0.0,7685.27,2,0.6,0.0,0.1773688794485086,78,MEDIUM,APEX,19.9664,0.05600000000000094,9,19.9664,0,0.5140756303448276,0.0,0.0,False,0,13.2762,114.517,47.6654,30.04,24.6555,22.6484,21.7117,20.9566,20.4505,19.9664,19.4952,19.0364,18.4148,17.7338,16.5389,14.4482,11.7277,9.11243,5.0162
98951,63.9452,0.722083,-0.415135,0.00457161,-0.386695,0.0,7766.03,2,0.6,0.0,0.1763452964436337,78,MEDIUM,APEX,20.0217,0.05529999999999902,9,20.0217,0,0.5138376496551724,0.0,0.0,False,0,13.2591,111.275,49.4148,30.4886,24.8616,22.7819,21.8148,21.0366,20.5158,20.0217,19.5483,19.0876,18.4633,17.7793,16.5791,14.4802,11.7497,9.12614,5.021
98950,64.5657,0.691574,-0.420085,0.00429362,-0.386297,0.0,7847.24,2,0.6,0.0,0.17520796506593994,78,MEDIUM,APEX,20.0826,0.060900000000000176,9,20.0826,0,0.5135755696551725,0.0,0.0,False,0,13.2428,108.07,51.3969,30.9806,25.0881,22.9303,21.9303,21.1275,20.591,20.0826,19.6001,19.1374,18.5105,17.8236,16.6182,14.511,11.7705,9.1392,5.02538
98949,65.192,0.661536,-0.426784,0.00405663,-0.385908,0.0,7928.96,2,0.6,0.0,0.17401791078085538,78,MEDIUM,APEX,20.1542,0.07160000000000011,9,20.1542,0,0.5132674427586207,0.0,0.0,False,0,13.227,104.897,53.6624,31.5233,25.3386,23.0959,22.0606,21.2313,20.678,20.1542,19.6578,19.1866,18.5572,17.8674,16.6569,14.5414,11.7909,9.15199,5.02956
98948,65.8241,0.631817,-0.43385,0.00385826,-0.385531,0.0,8011.23,2,0.6,0.0,0.17282306148279186,78,MEDIUM,APEX,20.2378,0.08360000000000056,9,20.2378,0,0.5129076744827586,0.0,0.0,False,0,13.2115,101.753,56.275,32.1238,25.616,23.281,22.2074,21.3495,20.778,20.2378,19.7264,19.2417,18.6035,17.9109,16.6954,14.5713,11.811,9.16455,5.03365
98947,66.4668,0.605971,-0.431179,0.00370711,-0.385181,0.0,8084.85,2,0.6,0.0,0.17167212068813195,78,MEDIUM,APEX,20.3337,0.09590000000000032,9,20.3337,0,0.5124949737931035,0.0,0.0,False,0,13.1966,98.6389,59.3102,32.7881,25.9223,23.4865,22.3715,21.4826,20.8916,20.3337,19.8063,19.307,18.6512,17.9534,16.733,14.6003,11.8305,9.17652,5.03748
98946,67.111,0.584445,-0.423806,0.00363224,-0.384848,0.0,8165.51,2,0.6,0.0,0.17063264654130436,78,MEDIUM,APEX,20.4416,0.10790000000000077,9,20.4416,0,0.512030631724138,0.0,0.0,False,0,13.1828,95.5624,62.8573,33.5207,26.2578,23.7124,22.5527,21.6304,21.0184,20.4416,19.897,19.3822,18.707,17.9938,16.7686,14.6276,11.8488,9.18757,5.04102
98945,67.7574,0.563096,-0.412628,0.00359505,-0.384541,0.0,8252.48,2,0.6,0.0,0.16972305483022418,78,MEDIUM,APEX,20.565,0.12340000000000018,9,20.565,0,0.5114995862068965,0.0,0.0,False,0,13.1694,92.5057,67.5129,34.338,26.6301,23.9642,22.7555,21.7971,21.1623,20.565,20.0019,19.4703,18.7742,18.0404,16.8039,14.6546,11.8667,9.19822,5.04435
98944,68.4089,0.53592,-0.401233,0.00354164,-0.384258,0.0,8342.85,2,0.6,0.0,0.16890580957821394,78,MEDIUM,APEX,20.7093,0.14429999999999765,9,20.7093,0,0.5108785986206896,0.0,0.0,False,0,13.1552,89.4445,139.354,35.2646,27.0505,24.2502,22.9874,21.989,21.3292,20.7093,20.126,19.5761,18.8572,18.1009,16.8412,14.6836,11.8858,9.20949,5.04775
98943,69.0664,0.500871,-0.395811,0.00347966,-0.384006,0.0,8435.16,2,0.48,0.0,0.1681580614005238,78,MEDIUM,APEX,20.8763,0.1670000000000016,9,20.8763,0,0.5101599227586207,0.0,0.0,False,0,13.1404,86.3771,135.605,36.3172,27.5242,24.5737,23.2507,22.2082,21.5208,20.8763,20.2707,19.7008,18.9571,18.1761,16.8812,14.7139,11.9058,9.22116,5.05114
98942,69.7309,0.46038,-0.395146,0.00341767,-0.383793,0.0,8527.35,2,0.48,0.0,0.1674699586834936,78,MEDIUM,APEX,21.0675,0.19119999999999848,9,21.0675,0,0.5093371034482759,0.0,0.0,False,0,13.1254,83.3022,131.894,37.5163,28.0574,24.9382,23.5485,22.4571,21.7393,21.0675,20.4376,19.8457,19.0748,18.2671,16.9319,14.7455,11.9264,9.23312,5.05441
98941,70.3194,0.446114,-0.398632,0.00323838,-0.383602,0.0,8439.19,2,0.6,0.0,0.16671801653027754,78,MEDIUM,APEX,21.2753,0.20780000000000243,9,21.2753,0,0.5084428468965517,0.0,0.0,False,0,13.1127,80.2685,128.277,38.8527,28.6391,25.3341,23.8715,22.727,21.9764,21.2753,20.6192,20.0038,19.2038,18.3676,16.9897,14.773,11.9439,9.24323,5.05704
98940,70.8295,0.464618,-0.405919,0.00335568,-0.383411,0.0,8492.62,2,0.6,0.0,0.15618324465751476,78,TIGHT,APEX,21.4824,0.20709999999999695,4,29.2392,-4,0.5824539690744102,-0.08,0.0,False,0,13.1067,77.3663,124.852,40.2803,29.2392,25.7372,24.198,22.9983,22.2137,21.4824,20.7992,20.1596,19.33,18.465,17.0438,14.7878,11.9522,9.24747,5.05807
98939,71.4243,0.45661,-0.41279,0.00349968,-0.383219,0.0,8730.38,2,0.48,0.0,0.14767185899009733,78,TIGHT,APEX,21.7168,0.23440000000000083,4,29.9128,-4,0.5809182007985481,-0.08,0.0,False,0,13.1006,74.4516,121.475,41.9154,29.9128,26.1889,24.5646,23.3036,22.4813,21.7168,21.004,20.3381,19.476,18.5794,17.1116,14.8029,11.9608,9.25184,5.05916
98938,72.1048,0.384905,-0.410642,0.00354069,-0.383074,0.0,8837.28,2,0.48,0.0,0.14072254964141817,78,TIGHT,APEX,21.9924,0.27560000000000073,4,30.6933,-4,0.5791262904537204,-0.08,0.0,False,0,13.0922,71.4536,118.086,43.8493,30.6933,26.7122,24.9903,23.6597,22.7948,21.9924,21.2463,20.5506,19.6522,18.7204,17.2003,14.8242,11.9726,9.25803,5.06051
98937,72.7219,0.340158,-0.401917,0.00392121,-0.383017,0.0,8729.43,2,0.6,0.0,0.13539085440584667,78,TIGHT,APEX,22.2726,0.28020000000000067,4,31.5148,-4,0.577270904246824,-0.08,0.0,False,0,13.0907,68.5405,114.861,45.9748,31.5148,27.2552,25.429,24.0243,23.1145,22.2726,21.4915,20.7649,19.8288,18.8606,17.2872,14.8421,11.9747,9.25773,5.05984
98936,73.2527,0.343886,-0.388584,0.00499266,-0.38301,0.0,8776.87,2,0.6,0.0,0.132062008082986,78,TIGHT,APEX,22.5233,0.25069999999999837,4,32.3078,-4,0.5755412697640654,-0.08,0.0,False,0,13.1026,65.8636,111.934,48.1577,32.3078,27.7656,25.8355,24.3578,23.4037,22.5233,21.7083,20.9518,19.9795,18.9765,17.3526,14.8434,11.9581,9.24521,5.05589
98935,73.868,0.326444,-0.375485,0.00641554,-0.383123,0.0,9023.58,2,0.48,0.0,0.130726008617051,78,TIGHT,APEX,22.7723,0.24900000000000233,4,33.1303,-4,0.5737815111433757,-0.08,0.0,False,0,13.1219,63.2737,109.163,50.5388,33.1303,28.2861,26.2464,24.6924,23.6926,22.7723,21.9224,21.1352,20.126,19.0878,17.413,14.8402,11.9311,9.22564,5.04964
98934,74.5637,0.273958,-0.366351,0.00781411,-0.383384,0.0,9146.32,2,0.48,0.0,0.1310105881469957,78,TIGHT,APEX,23.0582,0.28589999999999804,4,34.0704,-4,0.5717661152813067,-0.08,0.0,False,0,13.1416,60.5687,106.399,53.3608,34.0704,28.8784,26.7145,25.0744,24.0232,23.0582,22.1694,21.3482,20.298,19.221,17.4903,14.8478,11.9038,9.2053,5.04254
98933,75.1978,0.245323,-0.360302,0.00928467,-0.383792,0.0,9035.62,2,0.6,0.0,0.13270421754740325,78,TIGHT,APEX,23.3711,0.31289999999999907,4,35.1153,-4,0.5695411663157894,-0.08,0.0,False,0,13.1642,57.9274,103.692,56.6573,35.1153,29.5299,27.2276,25.4926,24.3849,23.3711,22.4399,21.5817,20.4873,19.3685,17.5779,14.8615,11.8725,9.18212,5.03401
98932,75.7435,0.260324,-0.358026,0.010852,-0.38434,0.0,9083.58,2,0.6,0.0,0.1356571005555095,78,TIGHT,APEX,23.6811,0.3100000000000023,4,36.2039,-4,0.5672727773502722,-0.08,0.0,False,0,13.1952,55.6815,101.141,60.4545,36.2039,30.1948,27.7461,25.9116,24.7452,23.6811,22.7063,21.8102,20.6708,19.5096,17.6589,14.8695,11.8296,9.15124,5.0228
98931,76.3714,0.257278,-0.358802,0.0124647,-0.385003,0.0,9348.05,2,0.48,0.0,0.13969462918370937,78,TIGHT,APEX,24.028,0.346899999999998,4,37.436,-4,0.5647176711433757,-0.08,0.0,False,0,13.2233,53.632,98.625,131.748,37.436,30.9396,28.3256,26.3797,25.1481,24.028,23.0051,22.0674,20.8786,19.6711,17.7553,14.8871,11.7877,9.1188,5.0106
98930,77.0833,0.212553,-0.358086,0.0137259,-0.385819,0.0,9479.29,2,0.48,0.0,0.14428966148990555,78,TIGHT,APEX,24.4676,0.4396000000000022,4,38.9706,-4,0.5615118752813067,-0.08,0.0,False,0,13.2393,51.6083,95.9994,128.541,38.9706,31.8646,29.0476,26.9661,25.6552,24.4676,23.3868,22.3991,21.1512,19.8886,17.8951,14.9332,11.7627,9.09122,4.99893
98929,77.739,0.189388,-0.349324,0.0148007,-0.386774,0.0,9352.17,2,0.6,0.0,0.14916979554593762,78,TIGHT,APEX,24.9926,0.5249999999999986,4,40.8261,-4,0.5576559649364792,-0.08,0.0,False,0,13.2465,49.6756,93.3266,125.285,40.8261,32.9692,29.9076,27.6642,26.2596,24.9926,23.8439,22.7979,21.4812,20.1547,18.0719,15.0029,11.7512,9.06573,4.98719
98928,78.2968,0.213074,-0.339868,0.0160534,-0.387833,0.0,9398.66,2,0.6,0.0,0.1544641062628166,78,TIGHT,APEX,25.5634,0.570800000000002,4,42.9327,-4,0.5533565966606171,-0.08,0.0,False,0,13.2515,47.9399,90.7361,122.128,42.9327,34.1945,30.8536,28.4278,26.9186,25.5634,24.3398,23.2298,21.8382,20.4424,18.2635,15.0807,11.744,9.03654,4.97407
98927,78.9306,0.212812,-0.329948,0.0171439,-0.388966,0.0,9664.31,2,0.48,0.0,0.15994511605916062,78,TIGHT,APEX,26.24,0.676599999999997,4,45.5055,-4,0.5481694435571688,-0.08,0.0,False,0,13.2478,46.2773,88.1124,118.94,45.5055,35.6601,31.9787,29.3337,27.6997,26.24,24.9282,23.743,22.2641,20.788,18.4984,15.1856,11.7523,9.00989,4.96127
98926,79.637,0.157946,-0.323822,0.017678,-0.390221,0.0,9788.83,2,0.48,0.0,0.16504561458140765,78,TIGHT,APEX,27.1085,0.8685000000000009,4,48.9122,-4,0.5413860587295826,-0.08,0.0,False,0,13.2286,44.5839,85.3262,115.572,48.9122,37.5556,33.4254,30.4958,28.7015,27.1085,25.685,24.4053,22.8167,21.2405,18.8137,15.3409,11.7888,8.99186,4.95012
98925,80.2766,0.117025,-0.321342,0.0178515,-0.39157,0.0,9671.33,2,0.08,0.0,0.16948928887132403,95,TIGHT,APEX,28.1748,1.0663000000000018,4,53.3596,-4,0.5327399718330308,-0.08,0.0,False,0,13.1981,42.9281,82.4524,112.113,53.3596,39.9395,35.2242,31.9307,29.9343,28.1748,26.6125,25.2162,23.4936,21.7959,19.2042,15.5414,11.8498,8.98142,4.93991
98924,80.8248,0.119469,-0.323611,0.0177848,-0.392945,0.0,9717.81,2,0.08,0.0,0.1731621841046656,95,TIGHT,APEX,29.3985,1.2236999999999973,4,128.427,-4,0.4429738021778584,-0.08,0.0,False,0,13.1634,41.4038,79.63,108.724,128.427,42.7896,37.3378,33.5977,31.357,29.3985,27.6722,26.1393,24.261,22.4236,19.6446,15.7695,11.9249,8.9787,4.92932
98923,80.9598,0.185768,-0.332408,0.0177619,-0.39428,0.0,9317.12,2,0.08,0.0,0.17624296694904126,95,TIGHT,APEX,30.8148,1.4163000000000032,4,124.671,-4,0.43897318838475496,-0.08,0.0,False,0,13.1238,39.9913,76.8568,105.404,124.671,46.2496,39.8518,35.5541,33.014,30.8148,28.8923,27.1976,25.1367,23.1372,20.1438,16.0302,12.0167,8.9857,4.91892
98922,80.8858,0.244376,-0.343675,0.0173098,-0.395531,0.0,9308.63,2,0.08,0.0,0.1784144191088256,95,TIGHT,APEX,32.5836,1.7687999999999953,4,120.829,-4,0.43809420907441016,-0.08,0.0,False,0,13.0712,38.596,73.9977,102.003,120.829,50.8064,43.0846,38.0329,35.0967,32.5836,30.4085,28.5077,26.2169,24.0156,20.7588,16.3574,12.1435,9.01226,4.9112
98921,80.813,0.267631,-0.344937,0.0162608,-0.396687,0.0,9300.47,2,0.08,0.0,0.17651632464379197,95,MEDIUM,APEX,34.8619,2.2783000000000015,4,116.85,-4,0.43579842286751364,-0.12,0.0,False,0,13.0036,37.1961,71.0041,98.4748,116.85,59.3795,47.4179,41.2893,37.803,34.8619,32.3477,30.174,27.5825,25.1213,21.5308,16.7725,12.3151,9.06295,4.90694
98920,80.7405,0.262461,-0.340947,0.0147116,-0.39773,0.0,9292.32,2,0.08,0.0,0.1752275269727908,95,MEDIUM,APEX,37.7987,2.936799999999998,5,122.488,-2.5,0.3883396686025409,-0.12,0.0,False,0,12.9232,35.8176,67.9073,94.8617,112.783,122.488,53.3282,45.6069,41.3357,37.7987,34.8218,32.2818,29.294,26.4963,22.4824,17.2834,12.5331,9.13795,4.90591
98919,80.6688,0.237292,-0.332227,0.0128562,-0.398653,0.0,9284.2,2,0.08,0.0,0.17333610774853458,95,MEDIUM,APEX,41.5724,3.773700000000005,6,123.419,-1.7,0.3586688805807623,-0.12,0.0,False,0,12.8337,34.4937,64.7653,91.2344,108.708,118.156,123.419,51.3727,45.9542,41.5724,37.956,34.921,31.4091,28.1757,23.628,17.8912,12.7955,9.23538,4.90735
98918,80.5982,0.205946,-0.324151,0.0109174,-0.39945,0.0,9276.18,2,1.0,0.0,0.17895500228388933,160,MEDIUM,EXIT,46.4202,4.847799999999999,7,123.635,-1,0.328627941923775,0.0,0.0,False,0,12.739,33.2509,61.6385,87.6657,104.705,113.901,119.022,123.635,52.0254,46.4202,41.9084,38.1987,33.9907,30.1947,24.978,18.5936,13.0981,9.35243,4.91039
98917,80.5282,0.17947,-0.31899,0.00895804,-0.400108,0.0,9268.23,2,1.0,0.0,0.182267452060217,160,MEDIUM,EXIT,52.7968,6.376599999999996,8,122.53,-0.5,0.29963817785843927,0.0,0.0,False,0,12.6413,32.0981,58.5607,84.1985,100.821,109.776,114.759,119.247,122.53,52.7968,46.929,42.2816,37.1374,32.6093,26.5533,19.3927,13.4391,9.48756,4.91447
98916,81.1406,-0.01793,-0.314669,0.00632971,-0.40067,0.0,10909.9,2,0.88,0.0,0.18303045505458773,198,FAST_BEND,STRAIGHT,121.236,68.4392,9,121.236,0,0.0782671448275862,0.0,0.0,False,0,12.5337,30.9649,55.3569,80.6662,96.8749,105.588,110.433,114.795,117.984,121.236,54.7819,47.8109,41.2827,35.716,28.5207,20.3614,13.8482,9.65356,4.92145
98915,82.044,-0.494683,-0.307556,0.00192707,-0.401346,0.0,11832.4,2,0.88,0.0,0.17941406016780864,198,FAST_BEND,STRAIGHT,116.036,-5.200000000000003,9,116.036,0,0.10064507586206896,0.0,0.0,False,0,12.4,29.7187,51.5823,76.6767,92.4408,100.889,105.581,109.803,112.889,116.036,119.245,122.52,47.7483,40.4,31.3664,21.7068,14.4063,9.8842,4.93942
98914,83.024,-1.13386,-0.298554,-0.00412208,-0.402166,0.0,12232.4,2,0.88,0.0,0.17061266136174322,198,FAST_BEND,STRAIGHT,110.38,-5.656000000000006,9,110.38,0,0.12498537931034484,0.0,0.0,False,0,12.2447,28.409,47.5535,72.2987,87.604,95.7702,100.3,104.372,107.347,110.38,113.473,116.627,121.15,47.723,35.5326,23.5525,15.1426,10.1866,4.97089
98913,84.0411,-1.86855,-0.29216,-0.0113795,-0.403128,0.0,12557.1,2,0.88,0.0,0.15639238302615438,198,FAST_BEND,STRAIGHT,104.477,-5.902999999999992,9,104.477,0,0.15038863448275863,0.0,0.0,False,0,12.0756,27.1025,43.8225,67.6796,82.5363,90.4172,94.7805,98.7001,101.561,104.477,107.448,110.477,114.82,119.937,41.7317,26.0459,16.0791,10.5624,5.01509
98912,85.0595,-2.66452,-0.295593,-0.0195063,-0.40421,0.0,12857.0,3,0.88,0.0,0.13689003079487394,198,FAST_BEND,STRAIGHT,98.4759,-6.001100000000008,9,98.4759,0,0.1762140579310345,0.0,0.0,False,0,11.8983,25.8388,40.4559,62.9202,77.3618,84.9637,89.1628,92.9302,95.6781,98.4759,101.326,104.231,108.393,113.292,51.976,29.4418,17.2535,11.017,5.07182
98911,86.0527,-3.51336,-0.313036,-0.028323,-0.405389,0.0,13180.2,3,0.88,0.0,0.11224982525179662,198,FAST_BEND,STRAIGHT,92.4626,-6.013300000000001,9,92.4626,0,0.2020919834482759,0.0,0.0,False,0,11.7158,24.6343,37.4455,58.0626,72.1487,79.4838,83.5235,87.1424,89.7796,92.4626,95.194,97.9754,101.958,106.644,115.844,34.2129,18.7301,11.5617,5.14162
98910,86.9528,-4.30175,-0.346718,-0.0375231,-0.406583,0.0,10426.8,3,0.88,0.0,0.08330657441426846,198,FAST_BEND,STRAIGHT,86.5453,-5.917299999999997,9,86.5453,0,0.22755677793103446,0.0,0.0,False,0,11.5317,23.5057,34.785,53.1599,66.983,74.0736,77.9635,81.4417,83.9728,86.5453,89.1626,91.8258,95.6364,100.115,108.899,41.1902,20.5882,12.2069,5.22485
98909,87.4159,-4.52863,-0.392724,-0.0516046,-0.407279,0.0,10427.4,3,1.0,0.0,0.04590493630086638,198,FAST_BEND,STRAIGHT,81.4443,-5.100999999999999,9,81.4443,0,0.24950866758620693,0.0,0.0,False,0,11.3698,22.5824,32.7161,48.8277,62.5073,69.3987,73.1637,76.5231,78.9646,81.4443,83.9643,86.527,90.1908,94.4939,102.923,51.4099,22.6257,12.8683,5.31039
98908,87.4001,-4.25598,-0.447985,-0.06371,-0.406653,0.0,8021.16,3,1.0,0.0,0.0034017730494763504,198,FAST_BEND,STRAIGHT,77.5899,-3.8543999999999983,9,77.5899,0,0.2660958786206896,0.0,0.0,False,0,11.2429,21.9158,31.2861,45.667,59.1297,65.8696,69.5388,72.8079,75.1812,77.5899,80.0359,82.5221,86.0748,90.2447,98.4067,116.273,24.516,13.449,5.38873
98907,87.8203,-4.01305,-0.492545,-0.0733488,-0.40474,0.0,8977.84,3,0.88,0.0,-0.04097013352936535,198,FAST_BEND,STRAIGHT,74.4978,-3.092100000000002,9,74.4978,0,0.27940257103448274,0.0,0.0,False,0,11.1336,21.3929,30.2057,43.3834,56.4324,63.0455,66.6356,69.83,72.1472,74.4978,76.884,79.3081,82.7707,86.8326,94.7795,112.162,26.3251,13.984,5.46623
98906,88.5673,-4.03053,-0.513778,-0.081981,-0.401884,0.0,9437.37,3,0.16000000000000003,0.0,-0.08595845399853363,170,SHALLOW,APEX,71.7339,-2.7638999999999925,9,71.7339,0,0.29129687172413793,0.0,0.0,False,0,11.0292,20.9287,29.2757,41.4883,54.0264,60.5243,64.0423,67.1692,69.4361,71.7339,74.0656,76.4341,79.8151,83.7802,91.5342,108.485,28.2322,14.5264,5.54815
98905,89.4095,-4.13635,-0.52853,-0.089042,-0.398285,0.0,9579.58,3,0.16000000000000003,0.0,-0.1299726618686635,170,SHALLOW,APEX,69.4292,-2.304700000000011,9,69.4292,0,0.3012150289655173,0.0,0.0,False,0,10.9357,20.545,28.5297,40.018,52.0438,58.4341,61.8876,64.9544,67.1765,69.4292,71.7139,74.0334,77.3448,81.2274,88.8179,105.407,30.0591,15.0305,5.62854
98904,90.1594,-3.97521,-0.539687,-0.092994,-0.394136,0.0,8497.32,3,0.28,0.0,-0.17019746357297688,170,SHALLOW,APEX,67.9551,-1.4740999999999929,9,67.9551,0,0.3075587420689655,0.0,0.0,False,0,10.8674,20.3048,28.0846,39.1776,50.8403,57.13,60.5296,63.5491,65.7375,67.9551,70.2048,72.4897,75.7512,79.5756,87.0539,103.402,31.2885,15.3798,5.6943
98903,90.3435,-3.23186,-0.553814,-0.0911182,-0.38929,0.0,8298.11,3,0.28,0.0,-0.20168618517593298,170,SHALLOW,APEX,67.9637,0.008600000000001273,9,67.9637,0,0.3075217324137931,0.0,0.0,False,0,10.8466,20.3186,28.1562,39.3793,51.0183,57.2236,60.5904,63.5858,65.759,67.9637,70.2014,72.4752,75.7235,79.5353,86.9957,103.328,31.0412,15.3843,5.72691
98902,90.481,-2.46104,-0.573913,-0.0844825,-0.384021,0.0,8368.31,3,1.0,0.0,-0.22140397722040267,200,SHALLOW,EXIT,69.1649,1.2012,9,69.1649,0,0.3023524303448276,0.0,0.0,False,0,10.8657,20.545,28.6638,40.4709,52.2722,58.4255,61.7829,64.7782,66.9547,69.1649,71.4117,73.6968,76.964,80.8027,88.3257,104.83,29.6543,15.1085,5.73077
98901,90.6447,-1.84045,-0.583528,-0.0749462,-0.378757,0.0,8385.99,3,1.0,0.0,-0.2286439986799675,200,SHALLOW,EXIT,71.1044,1.9394999999999953,9,71.1044,0,0.2940058924137931,0.0,0.0,False,0,10.9127,20.9193,29.485,42.2402,54.1533,60.2941,63.664,66.6783,68.8727,71.1044,73.3752,75.6871,78.9967,82.8897,90.5317,107.336,27.7985,14.6833,5.71542
98900,91.2131,-1.27813,-0.575908,-0.0632919,-0.373871,0.0,9080.65,3,0.88,0.0,-0.22356340122276228,200,SHALLOW,EXIT,73.6115,2.5071000000000083,9,73.6115,0,0.28321671724137926,0.0,0.0,False,0,10.9849,21.4266,30.6027,44.6653,56.4915,62.6625,66.0663,69.1189,71.3447,73.6115,75.9203,78.2735,81.6457,85.617,93.4252,110.636,25.797,14.1705,5.68375
98899,92.0484,-0.59559,-0.556246,-0.049352,-0.369473,0.0,9442.44,3,0.88,0.0,-0.2061202780816689,198,FAST_BEND,STRAIGHT,76.7646,3.153099999999995,9,76.7646,0,0.26964751448275864,0.0,0.0,False,0,11.0869,22.0992,32.108,47.5523,59.346,65.597,69.0604,72.1732,74.4469,76.7646,79.1286,81.5395,84.9985,89.0768,97.1073,114.851,23.733,13.5827,5.63504
98898,92.936,0.186088,-0.526869,-0.033665,-0.365662,0.0,9514.57,3,0.88,0.0,-0.17679800832120307,198,FAST_BEND,STRAIGHT,80.4688,3.7042,9,80.4688,0,0.25370668137931035,0.0,0.0,False,0,11.2168,22.9389,34.0398,50.7352,62.6265,69.0054,72.5527,75.7476,78.0843,80.4688,82.9026,85.3878,88.9561,93.1675,101.473,43.181,21.7648,12.9651,5.57328
98897,93.825,0.968367,-0.491845,-0.0173133,-0.362539,0.0,9576.62,3,0.88,0.0,-0.13704034255393194,198,FAST_BEND,STRAIGHT,84.4705,4.0017,9,84.4705,0,0.2364855724137931,0.0,0.0,False,0,11.3665,23.912,36.3644,54.028,66.1147,72.6569,76.3062,79.598,82.0085,84.4705,86.9854,89.5548,93.2478,97.6105,106.224,36.5419,20.0305,12.3719,5.50517
98896,94.7052,1.67989,-0.457185,-0.00138265,-0.360211,0.0,9639.36,3,0.88,0.0,-0.08908138865646816,198,FAST_BEND,STRAIGHT,88.4821,4.011600000000001,9,88.4821,0,0.2192218593103448,0.0,0.0,False,0,11.5259,24.9675,38.9998,57.2332,69.5719,76.2953,80.0546,83.4502,85.9389,88.4821,91.0824,93.7404,97.5637,102.084,111.018,31.8576,18.5842,11.8384,5.43631
98895,95.5753,2.27986,-0.427936,0.0132396,-0.358654,0.0,9710.64,3,0.88,0.0,-0.0356190606568,198,FAST_BEND,STRAIGHT,92.234,3.751899999999992,9,92.234,0,0.20307575172413797,0.0,0.0,False,0,11.6843,26.0427,41.7854,60.1712,72.7784,79.6823,83.5498,87.0465,89.6114,92.234,94.9169,97.6608,101.61,106.282,115.524,28.5044,17.4244,11.3829,5.37136
98894,96.4405,2.74711,-0.406618,0.0258538,-0.357919,0.0,9790.11,3,0.88,0.0,0.019380939343200003,198,FAST_BEND,STRAIGHT,95.4809,3.2469000000000108,9,95.4809,0,0.18910288551724136,0.0,0.0,False,0,11.8321,27.0666,44.1934,62.6834,75.5375,82.6034,86.5673,90.1544,92.7874,95.4809,98.2367,101.057,105.118,109.924,40.3806,26.1209,16.5252,11.0102,5.31268
98893,97.3107,3.06905,-0.392873,0.0358254,-0.357938,0.0,9870.55,3,0.88,0.0,0.0743809393432,198,FAST_BEND,STRAIGHT,97.9744,2.4934999999999974,9,97.9744,0,0.1783722372413793,0.0,0.0,False,0,11.9585,27.9514,46.0243,64.6068,77.6516,84.8433,88.8823,92.5397,95.2254,97.9744,100.788,103.669,107.817,112.73,36.5355,24.4841,15.8656,10.7241,5.26294
98892,98.1954,3.22293,-0.384237,0.0424916,-0.358596,0.0,9942.38,3,0.88,0.0,0.1269083555223115,198,FAST_BEND,STRAIGHT,99.4509,1.4765000000000015,9,99.4509,0,0.17201819586206896,0.0,0.0,False,0,12.0508,28.591,47.1738,65.7662,78.9087,86.1706,90.2532,93.9518,96.6689,99.4509,102.299,105.216,109.418,114.396,34.3399,23.4773,15.4385,10.531,5.22525
98891,99.1029,3.17871,-0.378351,0.045252,-0.359748,0.0,9994.76,3,0.88,0.0,0.17274834117523746,198,FAST_BEND,STRAIGHT,99.6753,0.2243999999999886,9,99.6753,0,0.17105250206896552,0.0,0.0,False,0,12.0975,28.8834,47.5454,66.0053,79.1219,86.3823,90.4668,94.169,96.8893,99.6753,102.529,105.451,109.662,114.653,33.4593,23.0523,15.2473,10.4387,5.2027
98890,100.03,2.91618,-0.375969,0.0436823,-0.361183,0.0,10028.3,3,0.88,0.0,0.2089063512639081,198,FAST_BEND,STRAIGHT,98.5022,-1.173099999999991,9,98.5022,0,0.1761008772413793,0.0,0.0,False,0,12.0895,28.7606,47.0834,65.2318,78.1768,85.3522,89.3912,93.0534,95.745,98.5022,101.326,104.22,108.39,113.333,33.844,23.2162,15.3054,10.4568,5.19849
98889,100.964,2.44113,-0.378454,0.0377423,-0.36268,0.0,10056.8,3,0.88,0.0,0.23287258652138698,198,FAST_BEND,STRAIGHT,95.9578,-2.544399999999996,9,95.9578,0,0.18705057103448275,0.0,0.0,False,0,12.025,28.2266,45.8268,63.475,76.101,83.1073,87.0528,90.6313,93.2625,95.9578,98.7188,101.548,105.627,110.462,35.6216,24.0144,15.6288,10.5922,5.21479
98888,101.879,1.80337,-0.38708,0.0279033,-0.363999,0.0,10104.6,3,0.88,0.0,0.24303165506382296,198,FAST_BEND,STRAIGHT,92.2727,-3.6851000000000056,9,92.2727,0,0.20290920827586206,0.0,0.0,False,0,11.9109,27.3656,43.9264,60.9088,73.0893,79.8551,83.6667,87.1247,89.6674,92.2727,94.942,97.6776,101.622,106.299,40.0426,25.5228,16.23,10.8464,5.25216
98887,102.758,1.06453,-0.403724,0.0149953,-0.364878,0.0,10191.6,3,0.88,0.0,0.23884945819538772,198,FAST_BEND,STRAIGHT,87.8023,-4.470399999999998,9,87.8023,0,0.22214734344827586,0.0,0.0,False,0,11.759,26.3021,41.5994,57.794,69.4381,75.9121,79.5608,82.8718,85.307,87.8023,90.3597,92.9804,96.7598,101.242,110.143,27.8688,17.1226,11.2176,5.31016
98886,103.597,0.264503,-0.427832,-9.28084e-05,-0.365102,0.0,10314.6,3,0.88,0.0,0.22073913451662078,198,FAST_BEND,STRAIGHT,82.8997,-4.902600000000007,9,82.8997,0,0.2432454289655173,0.0,0.0,False,0,11.5822,25.1511,39.0554,54.3876,65.4407,71.5927,75.0615,78.21,80.526,82.8997,85.3329,87.8268,91.4236,95.691,104.166,31.2817,18.3302,11.7039,5.38779
98885,104.405,-0.579416,-0.456997,-0.0166324,-0.364496,0.0,10459.5,3,0.88,0.0,0.18973718920968138,198,FAST_BEND,STRAIGHT,77.8373,-5.062399999999997,9,77.8373,0,0.2650312055172414,0.0,0.0,False,0,11.3903,23.9912,36.4572,50.8868,61.3229,67.1386,70.4198,73.3986,75.5904,77.8373,80.1409,82.5024,85.9088,89.951,97.9816,36.5235,19.8994,12.3081,5.4844
98884,105.193,-1.45711,-0.488567,-0.0340336,-0.362964,0.0,10613.0,3,0.16000000000000003,0.0,0.14726154484411927,170,SHALLOW,APEX,72.8137,-5.023600000000002,9,72.8137,0,0.28665000827586207,0.0,0.0,False,0,11.1908,22.8715,33.9222,47.4364,57.2499,62.7269,65.8187,68.6273,70.6944,72.8137,74.9867,77.2151,80.4305,84.2468,91.8316,108.849,21.9028,13.0359,5.5992
98883,105.972,-2.34935,-0.518462,-0.0517071,-0.360426,0.0,10763.0,3,0.16000000000000003,0.0,0.0950434289575425,170,SHALLOW,APEX,67.9923,-4.821399999999997,9,67.9923,0,0.30739865379310344,0.0,0.0,False,0,10.9903,21.8249,31.6147,44.1542,53.3572,58.5028,61.4101,64.052,65.9975,67.9923,70.0384,72.1372,75.1664,78.7631,85.9148,101.973,24.43,13.8905,5.73082
98882,106.473,-2.99169,-0.548772,-0.0682681,-0.356803,0.0,9901.55,3,0.28,0.0,0.0400434289575425,170,SHALLOW,APEX,63.6769,-4.315399999999997,9,63.6769,0,0.32596975448275867,0.0,0.0,False,0,10.8012,20.911,29.6946,41.2541,49.8925,54.734,57.4721,59.9617,61.7956,63.6769,65.6074,67.5877,70.4475,73.844,80.6021,95.7923,27.4279,14.8253,5.87194
98881,106.494,-3.15572,-0.586097,-0.0811971,-0.351905,0.0,9790.34,3,0.28,0.0,-0.014956571042457498,170,SHALLOW,APEX,60.3369,-3.3400000000000034,9,60.3369,0,0.3403432717241379,0.0,0.0,False,0,10.6431,20.2187,28.306,39.055,47.2342,51.8306,54.433,56.8007,58.5459,60.3369,62.1751,64.0619,66.7873,70.0262,76.475,90.9871,30.4053,15.692,6.00621
98880,106.623,-3.1004,-0.618778,-0.0902937,-0.345827,0.0,9907.51,3,0.28,0.0,-0.0699565710424575,170,SHALLOW,APEX,57.8971,-2.439799999999998,9,57.8971,0,0.3508428248275862,0.0,0.0,False,0,10.5145,19.7191,27.3481,37.4923,45.3139,49.722,52.221,54.4966,56.1742,57.8971,59.666,61.4825,64.1076,67.2289,73.4482,87.4626,33.3093,16.4239,6.12842
98879,106.773,-2.81634,-0.637133,-0.0949681,-0.338785,0.0,9894.76,3,0.28,0.0,-0.1249565710424575,170,SHALLOW,APEX,56.3846,-1.5125000000000028,9,56.3846,0,0.35735179034482756,0.0,0.0,False,0,10.4189,19.4139,26.8,36.5708,44.1467,48.4277,50.858,53.0724,54.706,56.3846,58.1085,59.8798,62.4401,65.4868,71.5619,85.271,36.539,16.9223,6.22937
98878,106.931,-2.37624,-0.640432,-0.0949748,-0.33106,0.0,9889.41,3,0.28,0.0,-0.1723280226564997,170,SHALLOW,APEX,55.7844,-0.600200000000001,9,55.7844,0,0.35993471999999993,0.0,0.0,False,0,10.3588,19.3016,26.6448,36.2677,43.7119,47.9298,50.3269,52.5125,54.1259,55.7844,57.4883,59.2397,61.773,64.7886,70.8069,84.406,38.908,17.1205,6.3022
98877,107.083,-1.88654,-0.628278,-0.0905088,-0.323092,0.0,9893.37,3,0.28,0.0,-0.20736761400782208,170,SHALLOW,APEX,56.0358,0.25140000000000384,9,56.0358,0,0.35885283310344834,0.0,0.0,False,0,10.335,19.3767,26.8675,36.5317,43.9554,48.1714,50.5695,52.758,54.3739,56.0358,57.7439,59.5002,62.0418,65.0686,71.1141,84.792,36.96,17.0095,6.34303
98876,107.22,-1.40276,-0.605292,-0.082321,-0.315257,0.0,9904.89,3,1.0,0.0,-0.22866084439645376,200,SHALLOW,EXIT,57.0057,0.9698999999999955,9,57.0057,0,0.3546789186206897,0.0,0.0,False,0,10.3447,19.6203,27.4356,37.2665,44.7667,49.0337,51.4633,53.6813,55.3203,57.0057,58.7393,60.522,63.1029,66.1779,72.3237,86.2446,33.5565,16.6525,6.35426
98875,107.342,-0.938423,-0.572764,-0.0714305,-0.307957,0.0,9920.05,3,1.0,0.0,-0.23601295863974894,200,SHALLOW,EXIT,58.5314,1.5257000000000005,9,58.5314,0,0.34811314758620693,0.0,0.0,False,0,10.3838,20.0086,28.3116,38.3596,46.0126,50.3736,52.8582,55.128,56.8056,58.5314,60.3069,62.1332,64.7781,67.9308,74.2351,88.5298,30.5171,16.1405,6.34089
98874,107.907,-0.382244,-0.534852,-0.0583537,-0.301429,0.0,10676.1,3,0.88,0.0,-0.2297510348771275,200,SHALLOW,EXIT,60.5506,2.019200000000005,9,60.5506,0,0.3394236248275862,0.0,0.0,False,0,10.4513,20.5404,29.4519,39.7678,47.6431,52.136,54.6979,57.0388,58.7694,60.5506,62.3831,64.2688,67.0002,70.2572,76.7731,91.5606,27.8828,15.5312,6.30608
98873,108.753,0.425167,-0.493452,-0.0426958,-0.295714,0.0,10983.6,3,0.88,0.0,-0.20975592642913377,200,SHALLOW,EXIT,63.1938,2.6432,9,63.1938,0,0.3280487503448275,0.0,0.0,False,0,10.5537,21.2628,30.8736,41.5758,49.76,54.4335,57.0997,59.5368,61.3387,63.1938,65.1027,67.0672,69.9137,73.3087,80.1033,95.5351,25.4603,14.8315,6.24846
98872,109.628,1.35527,-0.449369,-0.0253528,-0.290879,0.0,10991.0,3,0.88,0.0,-0.17679807953215734,200,SHALLOW,EXIT,66.3334,3.1395999999999944,9,66.3334,0,0.31453764413793106,0.0,0.0,False,0,10.686,22.1653,32.5151,43.6981,52.2613,57.155,59.9476,62.5009,64.3892,66.3334,68.3346,70.394,73.3787,76.9393,84.0683,100.268,23.2437,14.1121,6.17563
98871,110.465,2.24246,-0.413187,-0.00781757,-0.287051,0.0,11040.2,3,0.88,0.0,-0.1329546708561865,200,SHALLOW,EXIT,69.6808,3.3474000000000075,9,69.6808,0,0.30013228137931036,0.0,0.0,False,0,10.8366,23.1936,34.2371,45.9445,54.9186,60.0504,62.9798,65.6588,67.6407,69.6808,71.7814,73.9435,77.0774,80.8166,88.305,105.33,21.3609,13.4448,6.09743
98870,111.275,3.01038,-0.389076,0.00878256,-0.284311,0.0,11117.8,3,0.88,0.0,-0.08102149613962585,200,SHALLOW,EXIT,72.9756,3.294799999999995,9,72.9756,0,0.28595328,0.0,0.0,False,0,10.9947,24.2895,35.917,48.1445,57.5269,62.8956,65.9611,68.7648,70.8396,72.9756,75.175,77.4394,80.7215,84.6387,92.4853,110.333,19.8348,12.8621,6.02018
98869,112.07,3.63292,-0.377522,0.0238005,-0.282672,0.0,11212.3,3,0.88,0.0,-0.02602149613962585,198,FAST_BEND,STRAIGHT,76.0295,3.0538999999999987,9,76.0295,0,0.2728109793103448,0.0,0.0,False,0,11.1524,25.3864,37.4673,50.1758,59.9388,65.5285,68.7213,71.6422,73.8037,76.0295,78.3217,80.6821,84.1031,88.1874,96.3707,31.9321,18.6213,12.3685,5.94689
98868,112.864,4.1101,-0.378693,0.0367772,-0.28211,0.0,11316.6,3,0.88,0.0,0.02897850386037415,198,FAST_BEND,STRAIGHT,78.6777,2.6482000000000028,9,78.6777,0,0.2614145875862069,0.0,0.0,False,0,11.3023,26.3585,38.8107,51.9319,62.0248,67.8075,71.1117,74.1349,76.3728,78.6777,81.0514,83.4955,87.0399,91.2711,99.7518,28.0635,17.6721,11.9611,5.8793
98867,113.675,4.42557,-0.37825,0.0471732,-0.282525,0.0,11410.9,3,0.88,0.0,0.08397850386037414,198,FAST_BEND,STRAIGHT,80.7184,2.040700000000001,9,80.7184,0,0.2526325406896552,0.0,0.0,False,0,11.4345,27.1352,39.8543,53.283,63.6275,69.5599,72.9507,76.0541,78.3517,80.7184,83.156,85.6668,89.3077,93.6562,102.374,25.9709,16.9612,11.6413,5.82
98866,114.52,4.53467,-0.371052,0.0542132,-0.283828,0.0,11478.1,3,0.88,0.0,0.13897850386037414,198,FAST_BEND,STRAIGHT,81.8794,1.1610000000000014,9,81.8794,0,0.2476362372413793,0.0,0.0,False,0,11.5357,27.6414,40.4734,54.0545,64.5359,70.5523,73.9932,77.1436,79.4759,81.8794,84.3557,86.906,90.6059,95.0251,103.889,24.8026,16.4884,11.4184,5.7726
98865,115.405,4.37391,-0.363134,0.0569994,-0.285801,0.0,11512.3,3,0.88,0.0,0.18903018749673253,198,FAST_BEND,STRAIGHT,81.8628,-0.01660000000001105,9,81.8628,0,0.24770767448275866,0.0,0.0,False,0,11.5894,27.7937,40.5333,54.0569,64.5182,70.5309,73.9716,77.123,79.4572,81.8628,84.3415,86.8959,90.6021,95.0303,103.916,24.4144,16.2751,11.3094,5.74237
98864,116.323,3.89938,-0.358157,0.0547854,-0.288233,0.0,11519.0,3,0.88,0.0,0.22808241832923304,198,FAST_BEND,STRAIGHT,80.4544,-1.408399999999986,9,80.4544,0,0.2537686510344827,0.0,0.0,False,0,11.5826,27.538,39.9436,53.1592,63.4121,69.3147,72.695,75.7927,78.0878,80.4544,82.8938,85.4075,89.0569,93.4191,102.178,24.9203,16.3524,11.3322,5.73416
98863,117.253,3.11461,-0.35499,0.0473215,-0.29083,0.0,11515.8,3,0.88,0.0,0.25301283294385263,198,FAST_BEND,STRAIGHT,77.6494,-2.805000000000007,9,77.6494,0,0.2658398234482759,0.0,0.0,False,0,11.5104,26.8834,38.7154,51.3698,61.2218,66.905,70.163,73.1505,75.3655,77.6494,80.0051,82.4341,85.9612,90.1794,98.6572,26.8315,16.7554,11.5022,5.75186
98862,118.157,2.10265,-0.350626,0.0351855,-0.293245,0.0,11540.6,3,0.16000000000000003,0.0,0.2618001520649376,170,SHALLOW,APEX,73.7353,-3.914100000000005,9,73.7353,0,0.28268395034482763,0.0,0.0,False,0,11.381,25.9208,36.9951,48.886,58.1796,63.5535,66.6382,69.4686,71.5685,73.7353,75.9705,78.2769,81.6277,85.6376,93.7057,33.3491,17.5089,11.8243,5.79669
98861,118.998,0.983949,-0.355181,0.0196454,-0.295113,0.0,11630.6,3,0.16000000000000003,0.0,0.25399702850963607,170,SHALLOW,APEX,69.1881,-4.5471999999999895,9,69.1881,0,0.30225259034482754,0.0,0.0,False,0,11.2118,24.789,35.0101,46.0214,54.6633,59.6731,62.5527,65.1976,67.1609,69.1881,71.2808,73.4409,76.5815,80.3437,87.9211,105.326,18.6327,12.2917,5.86704
98860,119.358,-0.00465091,-0.36912,0.00251263,-0.29613,0.0,10952.9,3,0.28,0.0,0.23098022798402684,170,SHALLOW,APEX,64.5542,-4.633900000000011,9,64.5542,0,0.3221943393103449,0.0,0.0,False,0,11.0258,23.6378,33.0075,43.126,51.0978,55.7314,58.3986,60.8506,62.6723,64.5542,66.4984,68.5061,71.4279,74.9306,81.9956,98.2637,20.2956,12.8779,5.95758
98859,119.262,-0.787167,-0.394698,-0.0147918,-0.295936,0.0,10929.3,3,0.28,0.0,0.1952381782530746,170,SHALLOW,APEX,60.1846,-4.369599999999991,9,60.1846,0,0.3409986868965517,0.0,0.0,False,0,10.8373,22.556,31.1372,40.4169,47.7514,52.0257,54.4894,56.7564,58.442,60.1846,61.9857,63.8473,66.5581,69.8111,76.3813,91.5522,22.8653,13.5594,6.06455
98858,119.335,-1.52386,-0.416434,-0.0320724,-0.294404,0.0,11073.2,3,0.28,0.0,0.14899311606697965,170,SHALLOW,APEX,56.108,-4.076600000000006,9,56.108,0,0.35854212413793096,0.0,0.0,False,0,10.6474,21.5455,29.4051,37.9055,44.6429,48.578,50.8492,52.9413,54.4977,56.108,57.7733,59.4956,62.0056,65.0206,71.1195,85.2422,27.8498,14.3472,6.18882
98857,119.378,-2.11385,-0.417628,-0.0483506,-0.291489,0.0,11068.6,3,0.08,0.0,0.09501735238719425,130,MEDIUM,APEX,52.4773,-3.6306999999999974,9,52.4773,0,0.37416665379310343,0.0,0.0,False,0,10.4651,20.6434,27.87,35.6811,41.8846,45.5149,47.6128,49.5468,50.987,52.4773,54.02,55.6164,57.9443,60.7437,66.4147,79.5852,107.988,15.2102,6.32501
98856,119.426,-2.54821,-0.409246,-0.0629686,-0.287208,0.0,11068.1,3,0.08,0.0,0.04001735238719425,130,MEDIUM,APEX,49.346,-3.131300000000003,9,49.346,0,0.3876420413793103,0.0,0.0,False,0,10.2949,19.8608,26.549,33.7691,39.5112,42.8776,44.825,46.6213,47.9599,49.346,50.7817,52.2679,54.4373,57.048,62.3447,74.6807,101.412,16.1677,6.46808
98855,119.346,-2.78573,-0.39754,-0.0750888,-0.281615,0.0,10881.0,3,0.08,0.0,-0.014982647612805752,130,MEDIUM,APEX,46.7733,-2.5726999999999975,9,46.7733,0,0.39871352275862065,0.0,0.0,False,0,10.1426,19.2118,25.462,32.1993,37.5635,40.7121,42.5353,44.2184,45.4729,46.7733,48.1201,49.5155,51.5536,54.0083,58.9951,70.6407,95.9944,17.2321,6.61021
98854,119.178,-2.85134,-0.387115,-0.0841039,-0.274868,0.0,10857.9,3,0.08,0.0,-0.06998264761280576,130,MEDIUM,APEX,44.7689,-2.004399999999997,9,44.7689,0,0.4073393544827586,0.0,0.0,False,0,10.012,18.6995,24.6102,30.9736,36.0445,39.0245,40.7511,42.3463,43.5358,44.7689,46.0474,47.3724,49.3084,51.6422,56.3893,67.5019,91.7998,18.3359,6.74325
98853,119.021,-2.6991,-0.36513,-0.0889714,-0.267215,0.0,10843.8,3,0.08,0.0,-0.12498264761280575,130,MEDIUM,APEX,43.408,-1.3609000000000009,9,43.408,0,0.41319591724137933,0.0,0.0,False,0,9.91122,18.3451,24.0235,30.1334,35.0068,37.8737,39.5363,41.0727,42.2193,43.408,44.641,45.9194,47.7883,50.0426,54.6328,65.402,89.0365,19.3035,6.85401
98852,118.874,-2.33706,-0.346164,-0.0889681,-0.258974,0.0,10831.4,3,0.08,0.0,-0.17142939234456434,130,MEDIUM,APEX,42.7302,-0.6777999999999977,9,42.7302,0,0.4161127944827586,0.0,0.0,False,0,9.8468,18.1609,23.7174,29.6998,34.4777,37.2916,38.9244,40.4342,41.5613,42.7302,43.943,45.201,47.041,49.2615,53.7871,64.423,87.8358,19.8996,6.93106
98851,118.729,-1.83355,-0.331276,-0.0839995,-0.250545,0.0,10819.1,3,0.08,0.0,-0.20525270985309846,130,MEDIUM,APEX,42.7228,-0.00740000000000407,9,42.7228,0,0.41614464,0.0,0.0,False,0,9.8218,18.1444,23.6857,29.6629,34.4455,37.2655,38.9029,40.4178,41.5488,42.7228,43.9408,45.2044,47.0538,49.2865,53.8401,64.5568,88.1981,19.9664,6.96857
98850,118.576,-1.23817,-0.319056,-0.0746315,-0.242434,0.0,10805.8,3,1.0,0.0,-0.224417925947961,160,MEDIUM,EXIT,43.3245,0.601700000000001,9,43.3245,0,0.41355525517241376,0.0,0.0,False,0,9.83636,18.2798,23.9017,29.9847,34.8627,37.7432,39.4172,40.9661,42.1234,43.3245,44.5709,45.865,47.7588,50.0464,54.7141,65.7106,90.0008,19.5305,6.96703
98849,118.411,-0.591958,-0.308219,-0.0618923,-0.235007,0.0,10791.0,3,1.0,0.0,-0.2282330692414063,160,MEDIUM,EXIT,44.4366,1.112099999999998,9,44.4366,0,0.4087693903448276,0.0,0.0,False,0,9.88679,18.541,24.3223,30.6038,35.6555,38.6425,40.3792,41.9875,43.1891,44.4366,45.7319,47.0764,49.0451,51.4238,56.2793,67.7251,93.0207,18.773,6.9333
98848,118.776,0.150551,-0.293713,-0.0470107,-0.228543,0.0,11656.8,3,0.88,0.0,-0.21730852551119936,160,MEDIUM,EXIT,45.9348,1.4982000000000042,9,45.9348,0,0.4023219641379311,0.0,0.0,False,0,9.96715,18.8944,24.8951,31.446,36.7297,39.8589,41.6795,43.3656,44.626,45.9348,47.2941,48.7054,50.7716,53.2692,58.369,70.3941,96.9685,17.8952,6.87679
98847,119.567,1.14193,-0.273796,-0.0299972,-0.223066,0.0,11999.5,3,0.88,0.0,-0.19215339679175064,160,MEDIUM,EXIT,47.8672,1.9323999999999941,9,47.8672,0,0.3940059806896552,0.0,0.0,False,0,10.0803,19.3479,25.6353,32.5362,38.12,41.4312,43.359,45.145,46.4802,47.8672,49.3077,50.8035,52.9941,55.642,61.0497,73.7999,101.957,16.952,6.79949
98846,120.393,2.26438,-0.256677,-0.0115169,-0.218637,0.0,12022.1,3,0.88,0.0,-0.15756578536923552,160,MEDIUM,EXIT,50.1874,2.3202,9,50.1874,0,0.38402112,0.0,0.0,False,0,10.2217,19.8875,26.5217,33.8459,39.7906,43.3207,45.3767,47.2824,48.7072,50.1874,51.7249,53.3215,55.6599,58.4867,64.259,77.865,107.875,16.0269,6.70779
98845,121.186,3.31939,-0.246985,0.00685137,-0.215349,0.0,12075.8,3,0.88,0.0,-0.11148311235976982,160,MEDIUM,EXIT,52.6673,2.4799000000000007,9,52.6673,0,0.37334899862068965,0.0,0.0,False,0,10.3696,20.4553,27.4612,35.2405,41.5735,45.3385,47.5325,49.5663,51.0872,52.6673,54.3086,56.0131,58.5097,61.5275,67.6892,82.2051,114.196,15.219,6.61283
98844,121.959,4.20076,-0.245145,0.0239293,-0.213289,0.0,12146.5,3,0.88,0.0,-0.05716661219107043,200,SHALLOW,EXIT,55.0884,2.4211000000000027,9,55.0884,0,0.36292992,0.0,0.0,False,0,10.511,20.9992,28.3681,36.5937,43.3088,47.3052,49.6347,51.7948,53.41,55.0884,56.8317,58.6426,61.2944,64.5,71.0447,86.4544,120.743,14.5611,6.52129
98843,122.725,4.86666,-0.249846,0.0389983,-0.212476,0.0,12227.2,3,0.88,0.0,-0.0021666121910704286,200,SHALLOW,EXIT,57.2704,2.182000000000002,9,57.2704,0,0.35353979586206896,0.0,0.0,False,0,10.6371,21.4798,29.1731,37.803,44.8652,49.0722,51.5258,53.8006,55.5024,57.2704,59.1073,61.0153,63.8097,67.1872,74.082,90.3118,29.0192,14.0511,6.43631
98842,123.493,5.31472,-0.264496,0.0515849,-0.212885,0.0,12318.3,3,0.88,0.0,0.05283338780892957,200,SHALLOW,EXIT,59.0575,1.7870999999999952,9,59.0575,0,0.3458491034482759,0.0,0.0,False,0,10.741,21.8622,29.8177,38.7783,46.1286,50.5115,53.0683,55.4398,57.2138,59.0575,60.973,62.9622,65.8764,69.3989,76.5903,93.5174,26.1996,13.6801,6.36204
98841,124.281,5.54179,-0.281853,0.061218,-0.214405,0.0,12403.9,3,0.88,0.0,0.10783338780892956,200,SHALLOW,EXIT,60.2819,1.2244000000000028,9,60.2819,0,0.34057996137931035,0.0,0.0,False,0,10.8154,22.1111,30.2394,39.4259,46.9776,51.4853,54.1164,56.5572,58.3837,60.2819,62.2542,64.3032,67.3051,70.9343,78.3447,95.7925,24.885,13.448,6.30404
98840,125.109,5.50754,-0.294659,0.0671341,-0.216938,0.0,12461.4,4,0.16000000000000003,0.0,0.16283338780892956,170,SHALLOW,APEX,60.7152,0.4333000000000027,9,60.7152,0,0.3387152772413793,0.0,0.0,False,0,10.8497,22.1777,30.3528,39.6165,47.2468,51.8074,54.4704,56.9419,58.7923,60.7152,62.7142,64.791,67.835,71.5157,79.0361,96.7537,24.5799,13.3737,6.26679
98839,125.986,5.14219,-0.303646,0.0683686,-0.22019,0.0,12481.1,4,0.16000000000000003,0.0,0.2114120729340303,170,SHALLOW,APEX,60.1035,-0.6117000000000061,9,60.1035,0,0.34134769655172414,0.0,0.0,False,0,10.8304,22.0065,30.0644,39.2078,46.7536,51.2696,53.9089,56.3597,58.1952,60.1035,62.088,64.1505,67.1747,70.8339,78.3154,95.9691,25.4159,13.5015,6.25815
98838,126.452,4.21163,-0.314613,0.0636031,-0.223993,0.0,9982.54,4,0.28,0.0,0.2467999570030298,170,SHALLOW,APEX,58.1825,-1.9209999999999994,9,58.1825,0,0.34961462068965515,0.0,0.0,False,0,10.7438,21.5412,29.2797,38.0572,45.3117,49.6603,52.2046,54.5684,56.3398,58.1825,60.1,62.0938,65.0188,68.5613,75.8132,92.9692,28.4283,13.915,6.28834
98837,126.348,2.91717,-0.328618,0.0502984,-0.227938,0.0,9985.7,4,0.08,0.0,0.2630612467589184,130,MEDIUM,APEX,54.9493,-3.2331999999999965,9,54.9493,0,0.36352852965517246,0.0,0.0,False,0,10.5857,20.7815,28.0033,36.1719,42.9279,46.9837,49.3591,51.5681,53.2248,54.9493,56.7448,58.6133,61.3563,64.6826,71.5039,87.6995,125.457,14.7311,6.36732
98836,126.223,1.61517,-0.337468,0.0267159,-0.230774,0.0,9375.12,4,0.08,0.0,0.25357096991250355,130,MEDIUM,APEX,51.0095,-3.939799999999998,9,51.0095,0,0.3804832551724138,0.0,0.0,False,0,10.3795,19.8561,26.4634,33.8992,40.0457,43.7393,45.9053,47.9209,49.4335,51.0095,52.6511,54.3608,56.8738,59.9241,66.1937,81.1441,115.121,16.0244,6.49424
98835,126.07,0.342565,-0.341413,0.000183757,-0.231702,0.0,9356.75,4,0.08,0.0,0.21999349243770466,130,MEDIUM,APEX,46.8736,-4.1358999999999995,9,46.8736,0,0.39828188689655164,0.0,0.0,False,0,10.145,18.8711,24.846,31.5238,37.0328,40.3448,42.2882,44.098,45.4568,46.8736,48.3505,49.8893,52.1536,54.9059,60.5739,74.1559,104.9,17.965,6.6688
98834,125.888,-0.902067,-0.342087,-0.0278633,-0.230372,0.0,9344.43,4,0.08,0.0,0.16507310601270106,130,MEDIUM,APEX,42.8782,-3.9954000000000036,9,42.8782,0,0.4154758841379311,0.0,0.0,False,0,9.89683,17.8958,23.2702,29.2276,34.1266,37.0704,38.798,40.4081,41.6172,42.8782,44.1938,45.5651,47.5846,50.0419,55.113,67.3216,95.2236,20.9436,6.89033
98833,125.691,-2.07,-0.333436,-0.0560334,-0.226682,0.0,9330.83,4,0.0,0.78,0.11007310601270107,95,MEDIUM,APEX,39.2488,-3.629399999999997,9,39.2488,0,0.4310948193103448,0.0,0.0,False,0,9.64747,16.9798,21.8168,27.1313,31.4829,34.0952,35.6279,37.0563,38.1293,39.2488,40.4167,41.6349,43.43,45.6157,50.1342,61.0587,86.2654,26.0525,7.15437
98832,125.491,-3.08925,-0.320826,-0.0822776,-0.220638,0.0,9316.47,4,0.0,0.78,0.055073106012701066,95,MEDIUM,APEX,36.1173,-3.1315000000000026,9,36.1173,0,0.4445710675862069,0.0,0.0,False,0,9.40668,16.156,20.5352,25.3049,29.1931,31.5229,32.8896,34.1626,35.1194,36.1173,37.1585,38.2452,39.8463,41.7975,45.8359,55.6336,78.4413,133.45,7.45311
98831,124.199,-4.06399,-0.312396,-0.105312,-0.212432,0.0,8638.44,3,0.0,0.78,-0.01992689398729893,95,MEDIUM,APEX,33.6043,-2.512999999999998,9,33.6043,0,0.4553856331034483,0.0,0.0,False,0,9.18628,15.4597,19.4753,23.8172,27.3414,29.4499,30.6859,31.8372,32.7021,33.6043,34.5457,35.5283,36.9763,38.7416,42.3982,51.2938,72.1597,120.834,7.76583
98830,122.257,-4.82196,-0.323969,-0.123567,-0.202698,0.0,8315.96,3,0.0,0.9,-0.09492689398729892,95,MEDIUM,APEX,31.749,-1.8553000000000033,9,31.749,0,0.4633698206896552,0.0,0.9,False,0,8.99677,14.912,18.6622,22.6953,25.9591,27.909,29.0515,30.1156,30.9151,31.749,32.619,33.5271,34.8658,36.4976,39.8807,48.1288,67.595,112.53,8.06292
98829,120.204,-5.21775,-0.331434,-0.137544,-0.191766,0.0,10165.8,3,0.0,0.9,-0.16992689398729893,95,MEDIUM,APEX,30.3884,-1.360599999999998,9,30.3884,0,0.46922509241379307,0.0,0.9,False,0,8.8323,14.48,18.0379,21.8508,24.9304,26.769,27.8459,28.8488,29.6024,30.3884,31.2085,32.0644,33.3267,34.8658,38.0583,45.8559,64.3546,107.072,8.3375
98828,118.083,-5.27828,-0.324191,-0.147452,-0.179849,0.0,10133.9,3,0.0,0.9,-0.24492689398729894,95,MEDIUM,APEX,29.4058,-0.9826000000000015,9,29.4058,0,0.47345366068965516,0.0,0.9,False,0,8.68775,14.1384,17.5596,21.2193,24.1724,25.9351,26.9677,27.9294,28.6519,29.4058,30.1924,31.0135,32.2245,33.7021,36.7684,44.2708,62.15,103.628,8.58558
98827,115.902,-5.08854,-0.303266,-0.15415,-0.167174,0.0,9013.69,3,0.0,0.9,-0.31992689398729895,95,MEDIUM,APEX,28.6978,-0.7079999999999984,9,28.6978,0,0.47650050206896555,0.0,0.9,False,0,8.55776,13.8632,17.1881,20.7428,23.6112,25.3239,26.3274,27.2621,27.9647,28.6978,29.4628,30.2617,31.4401,32.8787,35.8659,43.1885,60.7123,101.595,8.80828
98826,113.693,-4.72927,-0.278253,-0.158659,-0.153886,0.0,8549.24,3,0.0,0.9,-0.39492689398729897,95,MEDIUM,APEX,28.1761,-0.5216999999999992,9,28.1761,0,0.4787456110344827,0.0,0.9,False,0,8.43737,13.6329,16.8888,20.3713,23.1832,24.8634,25.8485,26.7662,27.456,28.1761,28.9279,29.713,30.8715,32.2866,35.2274,42.4504,59.8046,100.514,9.01114
98825,111.479,-4.25977,-0.254417,-0.161679,-0.1401,0.0,8129.67,3,0.0,0.9,-0.469926893987299,78,MEDIUM,APEX,27.7742,-0.40190000000000126,9,27.7742,0,0.4804751668965517,0.0,0.9,False,0,8.32277,13.4315,16.636,20.0671,22.8409,24.5,25.473,26.3802,27.0622,27.7742,28.5179,29.2949,30.4422,31.8438,34.7598,41.9357,59.2439,100.057,9.20006
98824,109.263,-3.73115,-0.231475,-0.163784,-0.125868,0.0,7741.92,3,0.0,0.78,-0.5362609250496867,78,MEDIUM,APEX,27.4413,-0.3329000000000022,9,27.4413,0,0.4819077848275862,0.0,0.0,False,0,8.2109,13.2459,16.4092,19.8011,22.5475,24.192,25.157,26.0571,26.7342,27.4413,28.1801,28.9524,30.0928,31.4871,34.391,41.5515,58.8895,99.9797,9.38086
98823,107.06,-3.19531,-0.211775,-0.165094,-0.11128,0.0,7373.58,3,0.0,0.78,-0.5929286267306009,78,MEDIUM,APEX,27.1401,-0.3011999999999979,9,27.1401,0,0.48320398344827586,0.0,0.0,False,0,8.09952,13.0671,16.1937,19.5524,22.2762,23.9091,24.868,25.7631,26.4366,27.1401,27.8753,28.6443,29.7806,31.1705,34.068,41.2283,58.6337,100.093,9.55866
98822,104.886,-2.68069,-0.198778,-0.166117,-0.0964177,0.0,7213.76,3,0.0,0.78,-0.6414091543304625,78,MEDIUM,APEX,26.8513,-0.28880000000000194,9,26.8513,0,0.48444681931034483,0.0,0.0,False,0,7.98771,12.8904,15.9827,19.3101,22.0135,23.6362,24.5899,25.4804,26.1508,26.8513,27.5839,28.3503,29.4832,30.87,33.7638,40.9308,58.42,100.296,9.73606
98821,102.747,-2.19618,-0.196114,-0.16705,-0.0812963,0.0,7039.48,3,0.0,0.45,-0.683106259081206,78,MEDIUM,APEX,26.5641,-0.28719999999999857,9,26.5641,0,0.48568276965517243,0.0,0.0,False,0,7.87481,12.7133,15.7714,19.0682,21.7516,23.3641,24.3128,25.199,25.8663,26.5641,27.294,28.0579,29.1877,30.5714,33.4625,40.6377,58.2158,100.53,9.91483
98820,100.639,-1.74961,-0.200854,-0.167992,-0.0659917,0.0,6860.96,3,0.0,0.45,-0.7192622542299383,78,MEDIUM,APEX,26.2717,-0.29240000000000066,9,26.2717,0,0.48694109793103446,0.0,0.0,False,0,7.76083,12.5346,15.5579,18.8233,21.4859,23.088,24.0313,24.9128,25.5769,26.2717,26.9988,27.7599,28.8861,30.2666,33.1537,40.3353,57.9985,100.752,10.0954
98819,98.5602,-1.34338,-0.208629,-0.169011,-0.0505244,0.0,7220.87,3,0.0,0.45,-0.7509606683604039,78,MEDIUM,APEX,25.9686,-0.3031000000000006,9,25.9686,0,0.48824547310344835,0.0,0.0,False,0,7.64563,12.353,15.3402,18.5724,21.2127,22.8033,23.7406,24.6169,25.2774,25.9686,26.6924,27.4503,28.5722,29.9487,32.8296,40.0127,57.7509,100.927,10.2786
98818,96.5187,-0.97643,-0.216286,-0.169976,-0.0349096,0.0,7519.95,3,0.0,0.45,-0.7789613575302978,78,MEDIUM,APEX,25.6535,-0.3150999999999975,9,25.6535,0,0.48960148965517236,0.0,0.0,False,0,7.52924,12.1684,15.1179,18.3149,20.9309,22.509,23.4395,24.3097,24.9662,25.6535,26.373,27.127,28.244,29.6149,32.4876,39.6662,57.4659,101.038,10.465
98817,94.5277,-0.655565,-0.221147,-0.17097,-0.0192083,0.0,7752.11,3,0.0,0.45,-0.8039640756518228,78,MEDIUM,APEX,25.3211,-0.3323999999999998,9,25.3211,0,0.49103195586206894,0.0,0.0,False,0,7.41159,11.9799,14.8895,18.0483,20.6373,22.2011,23.1236,23.9871,24.6386,25.3211,26.036,26.7851,27.8953,29.2593,32.1203,39.2854,57.126,101.049,10.6553
98816,92.6187,-0.397699,-0.221882,-0.172321,-0.00345103,0.0,7876.7,3,0.0,0.45,-0.8268600139475503,78,MEDIUM,APEX,24.9582,-0.3628999999999998,9,24.9582,0,0.49259367724137926,0.0,0.0,False,0,7.29207,11.7847,14.6502,17.7657,20.3228,21.8693,22.7821,23.6369,24.2822,24.9582,25.6668,26.4094,27.5108,28.8647,31.7074,38.8428,56.6853,100.86,10.8525
98815,90.8124,-0.217558,-0.219637,-0.174219,0.012352,0.0,7877.15,3,0.0,0.45,-0.8485643162238159,78,MEDIUM,APEX,24.5506,-0.4076000000000022,9,24.5506,0,0.49434776275862063,0.0,0.0,False,0,7.1699,11.5796,14.3951,17.4594,19.9779,21.5022,22.4025,23.2461,23.8831,24.5506,25.2506,25.9845,27.0735,28.4126,31.2277,38.3093,56.0929,100.366,11.0603
98814,89.0915,-0.104431,-0.214201,-0.176634,0.0281804,0.0,7789.48,3,0.0,0.0,-0.8697967848782634,78,MEDIUM,APEX,24.1032,-0.44739999999999824,9,24.1032,0,0.49627312551724134,0.0,0.0,False,0,7.0455,11.366,14.1261,17.1324,19.6056,21.104,21.9894,22.8191,23.446,24.1032,24.7924,25.5152,26.5883,27.9088,30.6869,37.6911,55.3601,99.5805,11.2785
98813,87.4234,-0.035386,-0.208453,-0.179412,0.0440267,0.0,7661.7,3,0.0,0.0,-0.8909971465781952,78,MEDIUM,APEX,23.6292,-0.4740000000000002,9,23.6292,0,0.49831296,0.0,0.0,False,0,6.91985,11.1472,13.8484,16.7923,19.216,20.6853,21.5538,22.3683,22.984,23.6292,24.3062,25.0165,26.0716,27.37,30.105,37.0151,54.5254,98.5837,11.5051
98812,86.091,-0.0225637,-0.203081,-0.182263,0.0598857,0.0,7854.73,3,0.0,0.0,-0.91061766019412,78,MEDIUM,APEX,23.1438,-0.48540000000000205,9,23.1438,0,0.5004018537931034,0.0,0.0,False,0,6.79387,10.9266,13.5675,16.447,18.8191,20.2581,21.1091,21.9074,22.5108,23.1438,23.8076,24.5047,25.5402,26.8155,29.5037,36.3101,53.6385,97.4729,11.737
98811,85.0336,-0.0767433,-0.197139,-0.18446,0.0757268,0.0,7760.82,3,0.0,0.0,-0.9267064813591784,78,MEDIUM,APEX,22.7008,-0.44299999999999784,9,22.7008,0,0.5023082813793103,0.0,0.0,False,0,6.67089,10.7168,13.3034,16.1255,18.4526,19.8652,20.7011,21.4856,22.0786,22.7008,23.3538,24.0394,25.0585,26.3143,28.964,35.6873,52.8835,96.6281,11.9598
98810,84.0559,-0.177308,-0.192326,-0.185157,0.0914358,0.0,7670.42,2,0.0,0.0,-0.9398993147145264,78,MEDIUM,APEX,22.3704,-0.3304000000000009,9,22.3704,0,0.5037301406896552,0.0,0.0,False,0,6.55567,10.5341,13.0819,15.8657,18.1648,19.562,20.3893,21.1662,21.7536,22.3704,23.0178,23.6979,24.7093,25.9564,28.5905,35.2906,52.5056,96.5517,12.1517
98809,83.1777,-0.319239,-0.191924,-0.183407,0.106827,0.0,7588.4,2,0.0,0.0,-0.9507174380659116,78,MEDIUM,APEX,22.2223,-0.14809999999999945,9,22.2223,0,0.5043674813793103,0.0,0.0,False,0,6.45319,10.3952,12.9284,15.7046,18.0034,19.4031,20.233,21.0126,21.6027,22.2223,22.8731,23.5573,24.5753,25.8315,28.4889,35.2669,52.7573,97.795,12.2897
98808,82.4682,-0.474408,-0.196606,-0.17829,0.121648,0.0,9531.28,2,0.0,0.0,-0.9595882992140475,78,MEDIUM,APEX,22.333,0.1106999999999978,9,22.333,0,0.5038910896551725,0.0,0.0,False,0,6.36883,10.317,12.87,15.6819,18.0208,19.4486,20.2966,21.0943,21.6983,22.333,23.0004,23.7026,24.7482,26.0399,28.7775,35.7823,53.927,101.077,12.3508
98807,81.9341,-0.571446,-0.204524,-0.169318,0.135656,0.0,9503.5,2,0.0,0.0,-0.9610617912806522,78,MEDIUM,APEX,22.7658,0.4328000000000003,9,22.7658,0,0.5020285572413793,0.0,0.0,False,0,6.30641,10.3116,12.9264,15.828,18.2569,19.7459,20.6324,21.467,22.1,22.7658,23.4666,24.2047,25.3048,26.6663,29.5576,36.9826,56.2657,107.269,12.3245
98806,81.4665,-0.551539,-0.213832,-0.15669,0.148666,0.0,9309.17,2,0.08,0.0,-0.9508599100125176,78,MEDIUM,APEX,23.5553,0.7895000000000003,9,23.5553,0,0.49863098482758617,0.0,0.0,False,0,6.26696,10.3821,13.104,16.1556,18.7313,20.3193,21.2667,22.1609,22.84,23.5553,24.3091,25.1037,26.2903,27.7609,30.8916,38.9593,59.923,117.474,12.2186
98805,80.9952,-0.40042,-0.223956,-0.140738,0.160525,0.0,9247.22,2,0.08,0.0,-0.9277678243011714,78,MEDIUM,APEX,24.7355,1.1801999999999992,9,24.7355,0,0.49355205517241385,0.0,0.0,False,0,6.25064,10.5289,13.4066,16.6741,19.4613,21.1901,22.2255,23.205,23.9498,24.7355,25.5647,26.4402,27.7492,29.3747,32.8428,41.8055,65.0319,130.282,12.0489
98804,80.6327,-0.134963,-0.232968,-0.122175,0.171135,0.0,9290.07,2,0.08,0.0,-0.8914771515811448,78,MEDIUM,APEX,26.3497,1.6142000000000003,9,26.3497,0,0.4866054289655173,0.0,0.0,False,0,6.25701,10.752,13.8376,17.3952,20.4673,22.3871,23.541,24.635,25.469,26.3497,27.2805,28.2645,29.7382,31.571,35.4892,45.6288,71.7247,137.891,11.8337
98803,80.3293,0.220461,-0.237677,-0.101657,0.18043,0.0,9258.62,2,0.08,0.0,-0.83235009786083,95,TIGHT,APEX,28.451,2.101300000000002,14,38.9211,4,0.5492089994192377,0.08,0.0,False,0,6.28535,11.052,14.4026,18.3346,21.7769,23.9449,25.2537,26.4969,27.4466,28.451,29.5135,30.6385,32.3252,34.4254,38.9211,50.5421,80.1108,143.804,11.59
98802,80.0341,0.646081,-0.239782,-0.0796369,0.188377,0.0,9226.63,2,0.08,0.0,-0.7629612891044195,95,TIGHT,APEX,31.1218,2.6708,14,43.2663,4,0.5357060697640653,0.08,0.0,False,0,6.33546,11.4324,15.114,19.5201,23.4355,25.922,27.428,28.8627,29.9598,31.1218,32.3524,33.656,35.6123,38.0501,43.2663,56.6968,90.493,148.81,11.3301
98801,79.744,1.12449,-0.239842,-0.0564635,0.194928,0.0,9195.29,2,0.6,0.0,-0.6879612891044196,95,MEDIUM,APEX,34.4725,3.3506999999999962,14,48.6814,4,0.5188092256261343,0.12,0.0,False,0,6.40785,11.9003,15.9905,20.9932,25.5081,28.3979,30.1542,31.8298,33.113,34.4725,35.913,37.4402,39.7318,42.5854,48.6814,64.2642,104.919,40.3899,11.0622
98800,79.4594,1.64029,-0.238133,-0.0324257,0.200058,0.0,9164.61,2,0.6,0.0,-0.6329612891044195,95,MEDIUM,APEX,38.6369,4.1644000000000005,14,55.3374,4,0.4978980256261342,0.12,0.0,False,0,6.50305,12.4652,17.0583,22.8081,28.0784,31.4743,33.5434,35.5195,37.0328,38.6369,40.3369,42.137,44.8365,48.1932,55.3374,73.4143,125.302,33.2281,10.7922
98799,79.356,2.23426,-0.235223,-0.00812942,0.203791,0.0,9961.98,2,0.48,0.0,-0.5779612891044195,160,MEDIUM,EXIT,43.685,5.048100000000005,14,63.2787,4,0.472701948384755,0.0,0.0,False,0,6.61955,13.1278,18.328,24.9967,31.197,35.2121,37.6606,39.9986,41.7885,43.685,45.6919,47.8151,50.993,54.9334,63.2787,84.1404,135.974,28.8355,10.5287
98798,79.6784,3.01345,-0.229881,0.0170161,0.206243,0.0,10378.5,2,0.48,0.0,-0.5229612891044194,160,MEDIUM,EXIT,49.8995,6.214500000000001,14,72.8559,4,0.4419229290744101,0.0,0.0,False,0,6.76083,13.9185,19.8719,27.6959,35.0598,39.8397,42.7524,45.53,47.6536,49.8995,52.272,54.777,58.5163,63.1356,72.8559,98.1539,142.926,25.6402,10.2677
98797,80.0514,3.90626,-0.223345,0.0431287,0.207466,0.0,10328.2,2,0.88,0.0,-0.4679612891044194,200,SHALLOW,EXIT,57.6107,7.711199999999998,14,84.4677,4,0.40405745872958254,0.0,0.0,False,0,6.93092,14.8754,21.7808,31.0816,39.9126,45.6379,49.1172,52.4259,54.9483,57.6107,60.4159,63.3692,67.7621,73.1659,84.4677,119.344,57.3444,23.1239,10.0075
98796,80.3927,4.76552,-0.219431,0.0689909,0.207436,0.0,10334.1,2,0.88,0.0,-0.4129612891044194,200,SHALLOW,EXIT,66.6912,9.080499999999994,9,66.6912,0,0.31299787034482757,0.0,0.0,False,0,7.12422,15.9851,24.0484,35.1512,45.7303,52.5547,56.6817,60.5922,63.5646,66.6912,69.9768,73.4255,78.5355,84.8244,99.5447,133.151,38.599,21.1422,9.76017
98795,80.846,5.66726,-0.221702,0.0941831,0.206169,0.0,11344.1,2,0.88,0.0,-0.35796128910441943,198,FAST_BEND,STRAIGHT,77.0891,10.397900000000007,9,77.0891,0,0.2682510455172414,0.0,0.0,False,0,7.33896,17.2538,26.7032,39.9477,52.5392,60.5933,65.4347,70.0021,73.461,77.0891,80.8886,84.9159,91.2736,99.8341,120.956,140.484,31.953,19.5462,9.52758
98794,81.424,6.78211,-0.229366,0.120067,0.203781,0.0,12069.8,2,0.88,0.0,-0.30296128910441944,198,FAST_BEND,STRAIGHT,89.9407,12.851600000000005,9,89.9407,0,0.21294484965517238,0.0,0.0,False,0,7.58776,18.7859,29.9866,45.886,60.8678,70.3397,75.9936,81.3029,85.4006,89.9407,94.9979,100.665,109.855,121.84,133.174,146.18,27.6474,18.16,9.29767
98793,82.0181,8.08721,-0.240552,0.147269,0.200356,0.0,12705.9,2,0.88,0.0,-0.24796128910441945,198,FAST_BEND,STRAIGHT,109.231,19.290299999999988,9,109.231,0,0.12993004137931038,0.0,0.0,False,0,7.88051,20.6947,34.1711,53.4049,71.2412,82.3705,89.388,96.6051,102.527,109.231,116.885,123.351,128.916,133.711,140.716,40.8132,24.426,16.916,9.067
98792,82.5922,9.56532,-0.253162,0.175999,0.19592,0.0,13311.0,2,0.88,0.0,-0.19296128910441945,198,FAST_BEND,STRAIGHT,128.939,19.708,9,128.939,0,0.04984448275862071,0.0,0.0,False,0,8.22607,23.1135,39.5764,62.9666,84.2584,99.3669,109.909,120.508,125.318,128.939,131.98,134.652,137.967,141.316,60.892,32.3033,21.8591,15.7877,8.83599
98791,83.1252,11.2082,-0.26488,0.206462,0.19046,0.0,13909.8,2,0.88,0.0,-0.13796128910441946,198,FAST_BEND,STRAIGHT,138.208,9.269000000000005,9,138.208,0,0.021078620689655176,0.0,0.0,False,0,8.63562,26.2299,46.6202,75.1085,103.591,123.777,129.545,133.493,135.957,138.208,140.288,142.226,144.742,51.1846,37.3942,27.1846,19.7371,14.7578,8.60552
98790,83.601,13.0137,-0.27293,0.238641,0.18396,0.0,14509.9,2,0.88,0.0,-0.08296128910441947,198,FAST_BEND,STRAIGHT,145.138,6.930000000000007,9,145.138,0,0.0,0.0,0.0,False,0,9.12387,30.3161,55.844,91.361,126.932,135.322,138.845,141.602,143.422,145.138,52.5916,45.3337,39.5669,35.2216,29.8376,23.5376,17.9386,13.8132,8.37645
98789,84.0056,14.9856,-0.277192,0.272644,0.176397,0.0,15114.3,2,0.0,0.0,-0.027961289104419466,95,MEDIUM,APEX,37.4654,-107.6726,5,143.175,-2.5,0.38635964791288563,-0.12,0.0,False,0,9.71028,35.7645,67.9226,118.318,137.406,143.175,56.8822,44.8748,40.6068,37.4654,34.9761,32.9192,30.5393,28.32,25.0965,20.731,16.3864,12.9438,8.14967
98788,84.3263,17.1272,-0.278908,0.308529,0.167747,0.0,15721.6,2,0.0,0.0,0.04703871089558053,95,TIGHT,APEX,29.1341,-8.331300000000002,4,144.959,-4,0.44379435390199634,-0.08,0.0,False,0,10.4204,43.1196,83.8266,133.212,144.959,39.4638,35.0948,32.2605,30.5897,29.1341,27.8484,26.7007,25.2801,23.8694,21.6811,18.474,15.0305,12.1423,7.92634
98787,84.4959,19.3292,-0.278306,0.346005,0.157954,0.0,13430.0,2,0.0,0.0,0.12203871089558052,78,TIGHT,APEX,24.1769,-4.9572,4,35.1998,-4,0.5669390076950998,-0.08,0.0,False,0,11.2829,53.0192,109.593,142.027,35.1998,29.7174,27.61,26.0552,25.0723,24.1769,23.3571,22.6024,21.6398,20.6536,19.0659,16.6188,13.8434,11.4073,7.70856
98786,84.3881,21.2861,-0.276701,0.383207,0.146881,0.0,11721.8,2,0.0,0.0,0.1970387108955805,78,MEDIUM,APEX,20.8354,-3.3415,9,20.8354,0,0.5103359337931035,0.0,0.0,False,0,12.2958,65.6158,129.971,39.2302,27.6083,24.4944,23.1603,22.1299,21.4591,20.8354,20.2538,19.7096,19.0038,18.2671,17.0534,15.118,12.8337,10.7562,7.50257
98785,83.9786,22.8621,-0.277287,0.418296,0.134361,0.0,10608.5,2,0.0,0.0,0.2720387108955805,78,MEDIUM,APEX,18.4685,-2.366900000000001,9,18.4685,0,0.5205217655172414,0.0,0.0,False,0,13.4371,80.5571,138.883,29.7931,23.2833,21.1532,20.1962,19.4397,18.9393,18.4685,18.0248,17.6055,17.0559,16.4756,15.5047,13.9198,11.994,10.1945,7.31126
98784,83.3582,24.1105,-0.279516,0.45067,0.120392,0.0,9964.46,2,0.0,0.62,0.3470387108955805,60,HAIRPIN,APPROACH,16.7037,-1.7647999999999975,9,16.7037,0,0.5281164910344828,0.0,0.0,False,0,14.6976,100.709,47.0937,24.8912,20.4057,18.805,18.0665,17.4743,17.0787,16.7037,16.3477,16.0094,15.5627,15.0871,14.2828,12.9475,11.2896,9.70792,7.13252
98783,82.6424,25.1289,-0.279951,0.480701,0.105026,0.0,9585.0,2,0.0,0.62,0.42203871089558054,60,HAIRPIN,APPROACH,15.314,-1.3897000000000013,9,15.314,0,0.5340969931034483,0.0,0.0,False,0,16.0917,122.613,33.5507,21.6825,18.2974,17.0272,16.4309,15.9481,15.6234,15.314,15.0189,14.7371,14.3631,13.9625,13.2797,12.1316,10.6819,9.27623,6.96224
98782,81.2736,26.0771,-0.27925,0.508371,0.0884781,0.0,8311.57,2,0.0,0.62,0.49703871089558055,60,HAIRPIN,APPROACH,14.1876,-1.1264000000000003,9,14.1876,0,0.5389443972413793,0.0,0.0,False,0,17.6147,131.594,27.599,19.3733,16.6738,15.6269,15.1293,14.7239,14.4498,14.1876,13.9366,13.696,13.3756,13.0309,12.4398,11.4359,10.1516,8.88993,6.7991
98781,79.4036,26.9821,-0.282227,0.532467,0.071406,0.0,7467.54,2,0.0,1.0,0.5720387108955806,60,HAIRPIN,APEX,13.2912,-0.8963999999999999,9,13.2912,0,0.542802008275862,0.0,1.0,False,0,19.1804,137.213,24.0351,17.685,15.4308,14.5369,14.1085,13.7577,13.5196,13.2912,13.072,12.8613,12.58,12.2764,11.7534,10.8585,9.70185,8.55456,6.64707
98780,77.4203,27.7243,-0.279639,0.553419,0.0541484,0.0,6789.54,2,0.0,1.0,0.6470387108955805,60,HAIRPIN,APEX,12.5593,-0.7318999999999996,9,12.5593,0,0.5459517020689655,0.0,1.0,False,0,20.765,141.193,21.5965,16.3901,14.4455,13.6622,13.2844,12.9736,12.7624,12.5593,12.3639,12.1758,11.924,11.6517,11.1808,10.3705,9.31513,8.26018,6.5048
98779,75.3452,28.3531,-0.266742,0.572004,0.0369364,0.0,5497.57,2,0.0,1.0,0.7105717429343761,60,HAIRPIN,APEX,11.9416,-0.617700000000001,9,11.9416,0,0.5486099420689655,0.0,1.0,False,0,22.3715,39.2313,19.7768,15.348,13.633,12.9338,12.5948,12.3154,12.1249,11.9416,11.7649,11.5945,11.366,11.1185,10.6893,9.94723,8.97462,7.99654,6.37064
98778,73.1752,28.9158,-0.246009,0.588978,0.0199788,0.0,5235.99,2,0.0,1.0,0.7626688292061884,60,HAIRPIN,APEX,11.4052,-0.5363999999999987,9,11.4052,0,0.5509183117241379,0.0,1.0,False,0,24.0147,32.5735,18.334,14.4758,12.9402,12.308,12.0004,11.7462,11.5726,11.4052,11.2437,11.0879,10.8786,10.6514,10.2566,9.57154,8.66892,7.75666,6.24361
98777,70.9622,29.4152,-0.221818,0.605031,0.0034256,0.0,5235.99,2,0.0,1.0,0.8053884399490745,60,HAIRPIN,APEX,10.9245,-0.48070000000000057,9,10.9245,0,0.5529869793103449,0.0,1.0,False,0,25.7368,28.4289,17.1262,13.7157,12.3277,11.7517,11.4704,11.2375,11.0782,10.9245,10.776,10.6325,10.4397,10.23,9.86494,9.22922,8.38797,7.53411,6.12286
98776,68.7312,29.8832,-0.198336,0.62088,-0.0126572,0.0,5235.99,2,0.0,1.0,0.8404185207582411,60,HAIRPIN,APEX,10.481,-0.4435000000000002,9,10.481,0,0.5548955586206896,0.0,1.0,False,0,27.5991,25.3811,16.0687,13.0294,11.7685,11.2415,10.9833,10.7692,10.6226,10.481,10.344,10.2115,10.0332,9.8392,9.50071,8.90961,8.12413,7.32388,6.00757
98775,66.4812,30.35,-0.178591,0.637054,-0.0282186,0.0,5235.99,2,0.0,1.0,0.8421431870217577,45,HAIRPIN,APEX,10.0634,-0.4176000000000002,9,10.0634,0,0.5566926786206896,0.0,1.0,True,0,29.6723,22.9435,15.1141,12.3942,11.2464,10.7634,10.5263,10.3292,10.1941,10.0634,9.93697,9.81456,9.64966,9.46994,9.15594,8.60601,7.87256,7.12283,5.89735
98774,64.205,30.8331,-0.16242,0.653936,-0.0432231,0.0,5235.99,2,0.0,1.0,0.8435574133578413,45,HAIRPIN,APEX,9.66554,-0.39785999999999966,9,9.66554,0,0.5584048485517242,0.0,1.0,True,0,32.0361,20.8971,14.2359,11.7975,10.7522,10.3097,10.0918,9.91046,9.78599,9.66554,9.54881,9.43575,9.28332,9.11696,8.82587,8.31474,7.6306,6.92912,5.79207
98773,61.8985,31.3441,-0.151763,0.671838,-0.0576324,0.0,5235.99,2,0.0,1.0,0.8447170789534298,45,HAIRPIN,APEX,9.28337,-0.38217000000000034,9,9.28337,0,0.5600494973793104,0.0,1.0,True,0,34.7906,19.1254,13.4178,11.2313,10.2803,9.87526,9.67536,9.50878,9.39427,9.28337,9.17579,9.07154,8.93083,8.77712,8.50774,8.0335,7.39658,6.7418,5.69188
98772,59.5736,31.8671,-0.147302,0.690937,-0.0714315,0.0,5235.99,2,0.0,1.0,0.8456680047418125,45,HAIRPIN,APEX,8.91566,-0.36770999999999887,9,8.91566,0,0.5616319183448276,0.0,1.0,True,0,38.0515,17.5661,12.6521,10.6928,9.82865,9.45856,9.27544,9.12266,9.01753,8.91566,8.81674,8.72079,8.59115,8.4494,8.20064,7.76158,7.17007,6.56058,5.59704
98771,57.2331,32.3888,-0.147701,0.711308,-0.0846405,0.0,5235.99,2,0.0,1.0,0.8464477638882862,45,HAIRPIN,APEX,8.56273,-0.35293000000000063,9,8.56273,0,0.5631507343448277,0.0,1.0,True,0,41.9441,16.1841,11.9368,10.1816,9.39739,9.05985,8.89242,8.75259,8.65622,8.56273,8.472,8.38382,8.26466,8.1342,7.90493,7.49935,6.9514,6.38576,5.50766
98770,54.873,32.9024,-0.150951,0.732934,-0.097257,0.0,5235.99,2,0.0,1.0,0.8470871663883947,45,HAIRPIN,APEX,8.22531,-0.33741999999999983,9,8.22531,0,0.564602803862069,0.0,0.0,True,0,46.6268,14.9539,11.2699,9.69797,8.98722,8.67978,8.52696,8.39913,8.31096,8.22531,8.14219,8.06135,7.95201,7.83217,7.62129,7.24746,6.74113,6.21776,5.42412
98769,52.489,33.4014,-0.155027,0.755814,-0.109296,0.0,5235.99,2,0.0,1.0,0.8476114764384836,45,HAIRPIN,APEX,7.90345,-0.32186000000000003,9,7.90345,0,0.565987911724138,0.0,1.0,True,0,52.304,13.8533,10.6486,9.24132,8.59785,8.31816,8.17882,8.06222,7.98172,7.90345,7.82739,7.75342,7.65325,7.5434,7.34984,7.00609,6.53936,6.05675,5.3466
98768,50.0764,33.8805,-0.158155,0.78,-0.120766,0.0,5235.99,2,0.0,1.0,0.8480414106795565,45,HAIRPIN,APEX,7.59696,-0.30649000000000015,9,7.59696,0,0.567306875586207,0.0,1.0,True,0,59.2377,12.8645,10.07,8.81062,8.22878,7.97477,7.848,7.74172,7.66835,7.59696,7.52753,7.45995,7.36838,7.2679,7.09065,6.77526,6.34633,5.90293,5.2755
98767,47.6306,34.3348,-0.159045,0.805566,-0.131643,0.0,5235.99,2,0.0,1.0,0.8483939567572363,45,HAIRPIN,APEX,7.30588,-0.29108,9,7.30588,0,0.5685595233103449,0.0,1.0,True,0,67.7611,11.9731,9.53161,8.4052,7.87971,7.64939,7.53426,7.43765,7.37084,7.30588,7.24256,7.18102,7.09748,7.00575,6.84379,6.55525,6.16226,5.75662,5.21123
98766,45.148,34.76,-0.1572,0.832598,-0.141937,0.0,5235.99,2,0.0,1.0,0.8486830445409337,45,HAIRPIN,APEX,7.02975,-0.2761300000000002,9,7.02975,0,0.5697478344827587,0.0,1.0,True,0,78.9483,11.1667,9.03046,8.02373,7.54992,7.34144,7.23708,7.14942,7.08874,7.02975,6.97219,6.91619,6.84022,6.75669,6.60911,6.34588,5.98716,5.61787,5.15427
98765,42.6254,35.1519,-0.152877,0.861191,-0.151647,0.0,5235.99,1,0.0,1.0,0.8489200965235656,45,HAIRPIN,APEX,6.76831,-0.26144000000000034,9,6.76831,0,0.570872928,0.0,1.0,True,0,95.6947,10.4351,8.56413,7.66527,7.23877,7.05049,6.95611,6.87675,6.82181,6.76831,6.71619,6.66538,6.59645,6.52064,6.38658,6.14726,5.82116,5.48696,5.10512
98764,40.0606,35.5055,-0.146757,0.891442,-0.160769,0.0,5235.99,1,0.0,1.0,0.8491144791493238,45,HAIRPIN,APEX,6.52145,-0.24685999999999986,9,6.52145,0,0.5719352772413793,0.0,1.0,True,0,114.507,9.77,8.13049,7.32893,6.94583,6.77621,6.69107,6.61942,6.5698,6.52145,6.47434,6.42842,6.36608,6.29746,6.1761,5.95939,5.66443,5.36412,5.0645
98763,37.4517,35.8152,-0.139675,0.923444,-0.169306,0.0,5235.99,1,0.0,1.0,0.8492738729024455,45,HAIRPIN,APEX,6.28908,-0.23236999999999952,9,6.28908,0,0.5729352695172414,0.0,1.0,True,0,123.868,9.16475,7.72769,7.01403,6.67071,6.51831,6.44173,6.37726,6.3326,6.28908,6.24663,6.20525,6.14906,6.0872,5.97782,5.78247,5.5172,5.24973,5.03317
98762,34.7974,36.0745,-0.13256,0.957305,-0.177228,0.0,5235.99,1,0.0,1.0,0.8494045757800053,45,HAIRPIN,APEX,6.07119,-0.21789000000000058,9,6.07119,0,0.573872947862069,0.0,1.0,True,0,130.942,8.61383,7.35432,6.72009,6.41326,6.27676,6.20813,6.15031,6.11027,6.07119,6.03316,5.99599,5.94559,5.89008,5.79193,5.61682,5.3799,5.14424,5.01221
98761,32.0965,36.2753,-0.125993,0.993145,-0.184547,0.0,5235.99,1,0.0,1.0,0.8495117521396043,45,HAIRPIN,APEX,5.86787,-0.20331999999999972,9,5.86787,0,0.5747479249655172,0.0,1.0,True,0,35.1285,8.1123,7.00899,6.44655,6.17318,6.05139,5.99012,5.93851,5.90271,5.86787,5.83386,5.80071,5.75568,5.70617,5.61856,5.4626,5.25284,5.04816,5.00272
98760,29.3482,36.4089,-0.120564,1.031,-0.191243,0.0,5235.99,1,0.0,1.0,0.8495996367544755,45,HAIRPIN,APEX,5.67919,-0.18867999999999974,9,5.67919,0,0.5755598995862069,0.0,0.0,True,0,24.8948,7.65616,6.69046,6.19303,5.95039,5.8422,5.78777,5.74192,5.71013,5.67919,5.64897,5.61955,5.57961,5.53564,5.45805,5.32025,5.13652,4.96204,5.00614
98759,26.5521,36.4651,-0.116411,1.07097,-0.197294,0.0,5235.99,1,0.0,1.0,0.8496717021386698,45,HAIRPIN,APEX,5.50538,-0.17381000000000046,9,5.50538,0,0.5763078819310345,0.0,0.0,True,0,19.7706,7.24195,6.39784,5.95932,5.74491,5.64932,5.60123,5.56075,5.53272,5.50538,5.47874,5.45279,5.4176,5.37894,5.31075,5.19022,5.03156,4.88672,5.02425
98758,23.7077,36.433,-0.113405,1.11314,-0.202688,0.0,5235.99,1,0.0,1.0,0.8497307957537092,45,HAIRPIN,APEX,5.34665,-0.15872999999999937,9,5.34665,0,0.576990968275862,0.0,0.0,True,0,16.4556,6.86645,6.13003,5.74501,5.55664,5.47274,5.43057,5.39509,5.37053,5.34665,5.32334,5.30065,5.26996,5.23626,5.177,5.07295,4.93852,4.82295,5.05915
98757,20.8148,36.3001,-0.111127,1.15764,-0.207408,0.0,5235.99,1,0.0,1.0,0.8497792525180415,45,HAIRPIN,APEX,5.20315,-0.1435000000000004,9,5.20315,0,0.5776085131034483,0.0,0.0,True,0,14.0832,6.52693,5.88624,5.54993,5.38559,5.31257,5.27594,5.24516,5.22387,5.20315,5.18306,5.16348,5.13698,5.10802,5.05725,4.96901,4.8582,4.77174,5.11353
98756,17.8745,36.0534,-0.109262,1.20456,-0.211408,0.0,5235.99,1,0.0,1.0,0.8498189870647941,45,HAIRPIN,APEX,5.07557,-0.12758000000000003,9,5.07557,0,0.5781575470344827,0.0,0.0,True,0,12.2879,6.22126,5.6659,5.37408,5.23206,5.16921,5.13777,5.11141,5.09324,5.07557,5.05842,5.04178,5.01934,4.99486,4.95224,4.87927,4.7916,4.73445,5.191
98755,14.8889,35.6787,-0.107496,1.25404,-0.214663,0.0,5235.99,1,0.0,1.0,0.8498515693931311,45,HAIRPIN,APEX,4.96438,-0.11118999999999968,9,4.96438,0,0.5786360474482759,0.0,0.0,True,0,10.8801,5.9474,5.46852,5.21759,5.09634,5.04308,5.01654,4.99438,4.97912,4.96438,4.95007,4.93623,4.91763,4.89746,4.86272,4.80461,4.73987,4.71255,5.29591
98754,11.861,35.1612,-0.105576,1.30622,-0.217138,0.0,5235.99,1,0.0,1.0,0.8498782869023674,45,HAIRPIN,APEX,4.87029,-0.09409000000000045,9,4.87029,0,0.5790409588965517,0.0,0.0,True,0,9.74898,5.7038,5.2938,5.0806,4.97893,4.93472,4.91289,4.8947,4.88226,4.87029,4.85874,4.8476,4.83276,4.81676,4.78966,4.74625,4.70447,4.70798,5.43418
98753,8.79523,34.4852,-0.103311,1.36124,-0.218796,0.0,5235.99,1,0.0,1.0,0.8499001952599413,45,HAIRPIN,APEX,4.79434,-0.07594999999999974,9,4.79434,0,0.5793678057931034,0.0,0.0,True,0,8.82444,5.48921,5.14168,4.96368,4.88049,4.84499,4.82764,4.81335,4.80366,4.79434,4.78545,4.77696,4.76576,4.75391,4.73436,4.70555,4.68723,4.72311,5.61356
98752,5.90941,33.6363,-0.100311,1.41895,-0.219635,0.0,5235.99,1,0.0,1.0,0.8499181601131519,45,HAIRPIN,APEX,4.73786,-0.05647999999999964,9,4.73786,0,0.5796108645517242,0.0,0.0,True,0,8.06267,5.30335,5.01275,4.86766,4.80217,4.77508,4.76209,4.75156,4.74452,4.73786,4.7316,4.72569,4.71809,4.71031,4.69832,4.6843,4.69012,4.76053,5.84317
98751,3.39269,32.6114,-0.0929977,1.47712,-0.219989,0.0,5235.99,1,0.0,1.0,0.8499328912927846,45,HAIRPIN,APEX,4.70113,-0.03673000000000037,9,4.70113,0,0.5797689302068965,0.0,0.0,True,1,7.44823,5.14858,4.9086,4.79365,4.74467,4.7255,4.71665,4.70974,4.70523,4.70113,4.69736,4.694,4.68987,4.68607,4.68143,4.68201,4.71228,4.81871,6.12152
98750,1.24478,31.4887,-0.0825142,1.53419,-0.219958,0.0,5235.99,1,0.0,1.0,0.8499449708600834,45,HAIRPIN,APEX,4.68347,-0.01766000000000023,9,4.68347,0,0.5798449291034483,0.0,0.0,True,2,6.95723,5.02416,4.82873,4.74114,4.70746,4.6957,4.69079,4.68724,4.68518,4.68347,4.68211,4.68112,4.68037,4.68037,4.68289,4.6978,4.75255,4.89633,6.44875
98749,-0.320328,30.3303,-0.0690397,1.58574,-0.219933,0.0,5235.99,1,0.0,1.0,0.8499548761052683,45,HAIRPIN,APEX,4.68092,-0.002549999999999386,9,4.68092,0,0.5798559028965518,0.0,0.0,True,3,6.5853,4.93066,4.7722,4.708,4.68758,4.68236,4.68091,4.68042,4.6805,4.68092,4.68175,4.68291,4.68517,4.6886,4.69763,4.72571,4.80339,4.98309,6.79753
98748,-1.60905,29.0909,-0.0574445,1.63027,-0.21995,0.0,5235.99,1,0.0,1.0,0.8499629984063201,45,HAIRPIN,APEX,4.68875,0.007829999999999337,9,4.68875,0,0.5798222068965517,0.0,0.0,True,4,6.30831,4.86293,4.7345,4.6897,4.68056,4.68089,4.68242,4.68451,4.68646,4.68875,4.69142,4.69448,4.69933,4.70581,4.72052,4.76027,4.85862,5.07159,7.14784
98747,-2.62271,27.8143,-0.0525716,1.66728,-0.219953,0.0,5235.99,1,0.0,1.0,0.8499696586931824,45,HAIRPIN,APEX,4.7026,0.013850000000000584,9,4.7026,0,0.5797626041379311,0.0,0.0,True,5,6.10488,4.81551,4.71091,4.68185,4.68198,4.68697,4.69096,4.69525,4.69875,4.7026,4.70685,4.71146,4.71855,4.72757,4.74713,4.7969,4.91328,5.15576,7.48086
98746,-3.34004,26.5316,-0.0560113,1.69661,-0.219912,0.0,5235.99,1,0.0,1.0,0.8499751201284096,45,HAIRPIN,APEX,4.71858,0.015979999999999883,9,4.71858,0,0.5796938350344828,0.0,0.0,True,6,5.95905,4.78351,4.69727,4.68056,4.68802,4.69669,4.7027,4.70872,4.71346,4.71858,4.72409,4.72999,4.73888,4.74996,4.77346,4.83142,4.9627,5.23006,7.777
98745,-3.15609,25.2587,-0.0619385,1.72068,-0.220222,0.0,5235.99,1,0.0,1.0,0.8499795985052958,45,HAIRPIN,APEX,4.73279,0.01420999999999939,9,4.73279,0,0.5796326830344828,0.0,0.0,True,7,5.84578,4.75861,4.68716,4.68051,4.694,4.70573,4.71337,4.72084,4.72662,4.73279,4.73936,4.74631,4.7567,4.7695,4.79631,4.86117,5.0051,5.29382,8.04066
98744,-2.92043,23.976,-0.0648215,1.74098,-0.221169,0.0,5235.99,1,0.0,1.0,0.8499832707743425,45,HAIRPIN,APEX,4.7429,0.010110000000000063,9,4.7429,0,0.5795891751724138,0.0,0.0,True,8,5.75108,4.73582,4.67667,4.6785,4.69711,4.71141,4.72044,4.72915,4.73581,4.7429,4.75035,4.75821,4.76985,4.78417,4.81379,4.88457,5.03941,5.34669,8.27471
98743,-2.8425,22.6358,-0.0677021,1.75933,-0.222486,0.0,5235.99,1,0.0,1.0,0.8499862820349608,45,HAIRPIN,APEX,4.75095,0.00804999999999989,9,4.75095,0,0.5795545324137932,0.0,0.0,True,9,5.66658,4.71423,4.66611,4.67558,4.69882,4.71548,4.7258,4.73561,4.7431,4.75095,4.75924,4.76791,4.78074,4.79638,4.82862,4.9048,5.06969,5.39426,8.49735
98742,-2.70421,21.3048,-0.0716138,1.77632,-0.224078,0.0,5235.99,1,0.0,1.0,0.8499887512686679,45,HAIRPIN,APEX,4.75769,0.006740000000000634,9,4.75769,0,0.5795255271724138,0.0,0.0,True,10,5.58927,4.69354,4.65558,4.67207,4.69962,4.71848,4.72995,4.74083,4.74907,4.75769,4.76673,4.77617,4.79009,4.807,4.84164,4.92295,5.09734,5.43836,8.71437
98741,-2.50417,19.9845,-0.0749556,1.79222,-0.225909,0.0,5235.99,1,0.0,1.0,0.8499907760403077,45,HAIRPIN,APEX,4.76318,0.005489999999999995,9,4.76318,0,0.5795019012413793,0.0,0.0,True,11,5.51767,4.67346,4.6449,4.66797,4.69954,4.72046,4.73303,4.74489,4.75385,4.76318,4.77295,4.78312,4.79806,4.81616,4.85309,4.93922,5.12267,5.47948,8.92736
98740,-2.31849,18.6504,-0.0742788,1.80723,-0.227951,0.0,5235.99,1,0.0,1.0,0.8499924363530523,45,HAIRPIN,APEX,4.76759,0.004410000000000025,9,4.76759,0,0.5794829230344827,0.0,0.0,True,12,5.45048,4.65378,4.63402,4.6633,4.69867,4.72153,4.73518,4.74796,4.75758,4.76759,4.77806,4.78893,4.80483,4.82407,4.86319,4.95394,5.14608,5.51812,9.13829
98739,-2.06473,17.3258,-0.0689441,1.82147,-0.230194,0.0,5235.99,1,0.0,1.0,0.8499937978095029,45,HAIRPIN,APEX,4.77095,0.0033599999999998076,9,4.77095,0,0.5794684634482759,0.0,0.0,True,13,5.38695,4.63431,4.62283,4.65799,4.69698,4.72169,4.73634,4.75002,4.76027,4.77095,4.78206,4.79358,4.81043,4.83076,4.87197,4.96715,5.16767,5.55449,9.34778
98738,-1.806,15.9957,-0.0605964,1.83519,-0.232582,0.0,5235.99,1,0.0,1.0,0.8499949142037924,45,HAIRPIN,APEX,4.77373,0.0027799999999995606,9,4.77373,0,0.5794564998620689,0.0,0.0,True,14,5.32626,4.61516,4.61162,4.65242,4.69487,4.72139,4.737,4.75156,4.76242,4.77373,4.78546,4.79762,4.8154,4.83679,4.88001,4.97954,5.18825,5.5897,9.55972
98737,-1.58873,14.6691,-0.0511831,1.84833,-0.23509,0.0,5235.99,1,0.0,1.0,0.8499958296471097,45,HAIRPIN,APEX,4.77591,0.0021800000000000708,9,4.77591,0,0.5794471183448275,0.0,0.0,True,15,5.26847,4.5963,4.60033,4.64655,4.69235,4.72058,4.73714,4.75252,4.76398,4.77591,4.78824,4.80103,4.81969,4.84206,4.88729,4.99101,5.2077,5.62346,9.77304
98736,-1.43765,13.3419,-0.0442962,1.86045,-0.237577,0.0,5235.99,1,0.0,1.0,0.84999658031063,45,HAIRPIN,APEX,4.77756,0.0016500000000005954,9,4.77756,0,0.5794400176551724,0.0,0.0,True,16,5.21559,4.57864,4.58958,4.64076,4.68967,4.71947,4.73691,4.75305,4.76509,4.77756,4.79047,4.80382,4.8233,4.84663,4.89369,5.00132,5.22548,5.65472,9.97932
98735,-1.28676,12.0307,-0.0387201,1.87142,-0.23999,0.0,5235.99,1,0.0,1.0,0.8499971958547166,45,HAIRPIN,APEX,4.77867,0.0011099999999997223,9,4.77867,0,0.5794352408275862,0.0,0.0,True,17,5.16791,4.56229,4.57945,4.63512,4.68681,4.71809,4.7363,4.75314,4.76569,4.77867,4.7921,4.80598,4.82619,4.85042,4.89913,5.01033,5.24134,5.68306,10.1746
98734,-1.17888,10.7042,-0.0341481,1.88126,-0.242259,0.0,5235.99,1,0.0,1.0,0.8499977006008675,45,HAIRPIN,APEX,4.77954,0.0008699999999999264,9,4.77954,0,0.5794314968275862,0.0,0.0,True,18,5.12547,4.54749,4.57021,4.6299,4.68411,4.71669,4.73563,4.75308,4.76608,4.77954,4.79344,4.80779,4.82866,4.85367,4.90388,5.01836,5.25562,5.7087,10.358
98733,-1.0068,9.39196,-0.0298941,1.88986,-0.24437,0.0,5235.99,1,0.0,1.0,0.8499981144927113,45,HAIRPIN,APEX,4.77986,0.00032000000000032003,9,4.77986,0,0.5794301197241379,0.0,0.0,True,19,5.08829,4.53415,4.56169,4.62489,4.68132,4.71503,4.73459,4.75259,4.76599,4.77986,4.79414,4.80891,4.83038,4.85608,4.90765,5.02496,5.26774,5.73093,10.5238
98732,-0.880324,8.0815,-0.0253066,1.89738,-0.246251,0.0,5235.99,1,0.0,1.0,0.8499984538840233,45,HAIRPIN,APEX,4.78021,0.0003500000000000725,9,4.78021,0,0.5794286135172414,0.0,0.0,True,20,5.05613,4.52257,4.55431,4.62057,4.67892,4.71365,4.73375,4.75224,4.76599,4.78021,4.79488,4.81,4.832,4.85829,4.91103,5.03086,5.27853,5.7507,10.6746
98731,-0.736686,6.77283,-0.0210183,1.90373,-0.247917,0.0,5235.99,1,0.0,1.0,0.8499987321848991,45,HAIRPIN,APEX,4.78023,2.0000000000131024e-05,9,4.78023,0,0.5794285274482759,0.0,0.0,True,21,5.02887,4.51251,4.54781,4.61667,4.67662,4.71219,4.73276,4.75168,4.76572,4.78023,4.7952,4.81062,4.83307,4.85988,4.91361,5.03559,5.28738,5.76723,10.8057
98730,-0.590869,5.45294,-0.0164492,1.90897,-0.249341,0.0,5235.99,1,0.0,1.0,0.8499989603916173,45,HAIRPIN,APEX,4.78009,-0.000140000000000029,9,4.78009,0,0.5794291299310345,0.0,0.0,True,22,5.00634,4.50406,4.54227,4.61325,4.67458,4.71083,4.73178,4.75104,4.76532,4.78009,4.7953,4.81102,4.83382,4.86102,4.91561,5.03932,5.29456,5.78082,10.9166
98729,-0.453939,4.14706,-0.0124617,1.913,-0.25046,0.0,5235.99,1,0.0,1.0,0.8499991475211262,45,HAIRPIN,APEX,4.77991,-0.00018000000000029104,9,4.77991,0,0.5794299045517242,0.0,0.0,True,23,4.98902,4.4975,4.53795,4.61057,4.67291,4.70972,4.73097,4.75047,4.76497,4.77991,4.79533,4.81123,4.83429,4.86186,4.91706,5.04218,5.30007,5.79128,11.0037
98728,-0.274785,2.84193,-0.00829991,1.91587,-0.251289,0.0,5235.99,1,0.0,1.0,0.8499993009673235,45,HAIRPIN,APEX,4.77965,-0.00025999999999992696,9,4.77965,0,0.5794310234482758,0.0,0.0,True,24,4.97654,4.49268,4.53471,4.60852,4.6716,4.70879,4.73024,4.74994,4.76456,4.77965,4.79521,4.81123,4.83449,4.8623,4.91795,5.04403,5.30384,5.79859,11.0666
98727,-0.166588,1.52506,-0.00422652,1.91765,-0.251803,0.0,5235.99,1,0.0,1.0,0.8499994267932052,45,HAIRPIN,APEX,4.77948,-0.00016999999999978144,9,4.77948,0,0.5794317550344827,0.0,0.0,True,25,4.9689,4.48972,4.53273,4.60724,4.67078,4.70822,4.72977,4.7496,4.76431,4.77948,4.79514,4.81125,4.83463,4.86258,4.91849,5.04518,5.30619,5.80312,11.1058
98726,-0.0423811,0.221236,-8.01831e-05,1.91823,-0.252004,0.0,5235.99,1,0.0,1.0,0.8499995299704283,45,HAIRPIN,APEX,4.77924,-0.0002400000000006841,9,4.77924,0,0.579432787862069,0.0,0.0,True,26,4.96618,4.48854,4.53189,4.60664,4.67033,4.70782,4.72945,4.74928,4.76402,4.77924,4.79489,4.81105,4.83449,4.86246,4.91847,5.04537,5.30672,5.80436,11.1183
98725,0.01731,0.0198593,0.00160781,1.91809,-0.252001,0.0,5235.99,1,0.0,1.0,0.8499996145757511,45,HAIRPIN,APEX,4.77901,-0.00022999999999928633,9,4.77901,0,0.5794337776551723,0.0,0.0,True,27,4.9665,4.48856,4.53181,4.60649,4.67017,4.70764,4.72925,4.7491,4.76382,4.77901,4.79468,4.81081,4.83423,4.86218,4.9182,5.04502,5.30627,5.80377,11.1147
98724,0.0068334,0.0121351,-0.000332365,1.91756,-0.252001,0.0,5235.99,1,0.0,1.0,0.8499996839521159,45,HAIRPIN,APEX,4.77806,-0.0009500000000004505,9,4.77806,0,0.5794378659310344,0.0,0.0,True,28,4.96777,4.48853,4.53148,4.60594,4.66943,4.70685,4.72841,4.7482,4.76289,4.77806,4.7937,4.8098,4.83319,4.86111,4.91699,5.04363,5.30449,5.80116,11.1003
98723,-0.00603411,-0.00281383,-0.00217056,1.91701,-0.252001,0.0,5235.99,1,0.0,1.0,0.849999740840735,45,HAIRPIN,APEX,4.7771,-0.0009600000000000719,9,4.7771,0,0.5794419972413793,0.0,0.0,True,29,4.96907,4.48849,4.53113,4.60535,4.66869,4.70601,4.72752,4.74728,4.76196,4.7771,4.79269,4.80879,4.83212,4.86,4.91579,5.04219,5.30261,5.79853,11.0857
98722,-0.00679473,-0.00449536,-0.0023294,1.91662,-0.252001,0.0,5235.99,1,0.0,1.0,0.8499997874894027,45,HAIRPIN,APEX,4.7764,-0.000700000000000145,9,4.7764,0,0.5794450096551724,0.0,0.0,True,30,4.97004,4.48846,4.53087,4.60492,4.66815,4.70541,4.7269,4.74664,4.76129,4.7764,4.79198,4.80804,4.83134,4.85916,4.9149,5.04115,5.30127,5.7966,11.0751
98721,0.00337149,0.00513527,-0.00105512,1.91622,-0.252001,0.0,5235.99,1,0.0,1.0,0.8499998257413103,45,HAIRPIN,APEX,4.77571,-0.0006899999999996353,9,4.77571,0,0.5794479790344828,0.0,0.0,True,31,4.97099,4.48843,4.53061,4.60451,4.66762,4.70482,4.72629,4.74599,4.76062,4.77571,4.79126,4.8073,4.83058,4.85837,4.91403,5.04014,5.29994,5.79472,11.0646
98720,0.00351552,0.00479879,0.000418956,1.91567,-0.252001,0.0,5235.99,1,0.0,1.0,0.8499998571078744,45,HAIRPIN,APEX,4.77475,-0.0009600000000000719,9,4.77475,0,0.5794521103448276,0.0,0.0,True,32,4.9723,4.48839,4.53027,4.60391,4.66687,4.70401,4.72542,4.74509,4.75967,4.77475,4.79027,4.80627,4.82951,4.85727,4.91281,5.03871,5.2981,5.79204,11.05
98719,-0.00775328,-0.00604826,0.00161366,1.91513,-0.252001,0.0,5235.99,1,0.0,1.0,0.849999882828457,45,HAIRPIN,APEX,4.77377,-0.000980000000000203,9,4.77377,0,0.5794563277241379,0.0,0.0,True,33,4.97359,4.48836,4.52994,4.60333,4.66615,4.7032,4.72455,4.7442,4.75876,4.77377,4.78928,4.80527,4.82845,4.85614,4.91161,5.03728,5.29625,5.78945,11.0355
98718,-0.00796806,-0.006287,0.00239502,1.91473,-0.252001,0.0,5235.99,1,0.0,1.0,0.8499999039193347,45,HAIRPIN,APEX,4.7731,-0.0006699999999995043,9,4.7731,0,0.5794592110344828,0.0,0.0,True,34,4.97456,4.48834,4.52969,4.60292,4.66562,4.70261,4.72392,4.74353,4.75807,4.7731,4.78857,4.80453,4.8277,4.85535,4.91075,5.03626,5.29495,5.78758,11.0251
98717,0.00324365,0.00455325,0.00256078,1.91434,-0.252001,0.0,5235.99,1,0.0,1.0,0.8499999212138544,45,HAIRPIN,APEX,4.77243,-0.0006700000000003925,9,4.77243,0,0.5794620943448276,0.0,0.0,True,35,4.97549,4.48833,4.52945,4.60251,4.6651,4.70203,4.72331,4.74289,4.75743,4.77243,4.78786,4.8038,4.82692,4.85455,4.90985,5.03524,5.29361,5.78567,11.0148
98716,0.00318709,0.00460027,0.00222935,1.91379,-0.252001,0.0,5235.99,1,0.0,1.0,0.8499999353953606,45,HAIRPIN,APEX,4.77145,-0.000980000000000203,9,4.77145,0,0.579466311724138,0.0,0.0,True,36,4.97681,4.4883,4.52911,4.60191,4.66438,4.7012,4.72246,4.742,4.7565,4.77145,4.78688,4.8028,4.82588,4.85344,4.90866,5.03383,5.2918,5.78307,11.0004
98715,-0.00816408,-0.0064984,0.00160428,1.91325,-0.252001,0.0,5235.99,1,0.0,1.0,0.8499999470241957,45,HAIRPIN,APEX,4.77049,-0.0009600000000000719,9,4.77049,0,0.5794704430344828,0.0,0.0,True,37,4.97815,4.48827,4.52878,4.60135,4.66364,4.70039,4.7216,4.7411,4.75558,4.77049,4.7859,4.80179,4.82481,4.85234,4.90746,5.03242,5.28995,5.78046,10.9861
98714,-0.00816178,-0.00647821,0.000820177,1.91286,-0.252001,0.0,5235.99,1,0.0,1.0,0.8499999565598404,45,HAIRPIN,APEX,4.76984,-0.0006499999999993733,9,4.76984,0,0.5794732402758621,0.0,0.0,True,38,4.97909,4.48824,4.52852,4.60094,4.66312,4.69983,4.72099,4.74046,4.75491,4.76984,4.7852,4.80107,4.82407,4.85156,4.90662,5.0314,5.28866,5.77859,10.9759
98713,0.00317353,0.00466521,3.39441e-05,1.91247,-0.252001,0.0,5235.99,1,0.0,1.0,0.8499999643790691,45,HAIRPIN,APEX,4.76915,-0.0006900000000005235,9,4.76915,0,0.5794762096551724,0.0,0.0,True,39,4.98002,4.48822,4.52829,4.60052,4.6626,4.69926,4.7204,4.73984,4.75427,4.76915,4.78452,4.80035,4.82332,4.85078,4.90578,5.03041,5.28735,5.77674,10.9657
98712,0.0032925,0.0046998,-0.000543634,1.91193,-0.252001,0.0,5235.99,1,0.0,1.0,0.8499999707908367,45,HAIRPIN,APEX,4.76822,-0.0009299999999994313,9,4.76822,0,0.579480211862069,0.0,0.0,True,40,4.98135,4.48819,4.52797,4.59996,4.6619,4.69846,4.71954,4.73897,4.75336,4.76822,4.78355,4.79935,4.8223,4.8497,4.90459,5.02902,5.28556,5.77417,10.9518
98711,-0.0079477,-0.00630602,-0.000809205,1.9114,-0.252001,0.0,5235.99,1,0.0,1.0,0.8499999760484861,45,HAIRPIN,APEX,4.7673,-0.000920000000000698,9,4.7673,0,0.5794841710344828,0.0,0.0,True,41,4.98262,4.48817,4.52763,4.5994,4.66119,4.69768,4.71873,4.7381,4.75247,4.7673,4.78261,4.79837,4.82126,4.84862,4.90343,5.02764,5.28379,5.77165,10.9379
98710,-0.00791223,-0.0062688,-0.000802964,1.91102,-0.252001,0.0,5235.99,1,0.0,1.0,0.8499999803597585,45,HAIRPIN,APEX,4.76665,-0.0006499999999993733,9,4.76665,0,0.5794869682758621,0.0,0.0,True,42,4.98353,4.48816,4.5274,4.59901,4.66068,4.69711,4.71815,4.73749,4.75185,4.76665,4.78192,4.79768,4.82056,4.84787,4.9026,5.02667,5.28253,5.76984,10.9281
98709,0.00338502,0.0047935,-0.000655736,1.91064,-0.252001,0.0,5235.99,1,0.0,1.0,0.849999983895002,45,HAIRPIN,APEX,4.76599,-0.0006599999999998829,9,4.76599,0,0.5794898085517242,0.0,0.0,True,43,4.98444,4.48814,4.52718,4.59863,4.66017,4.69658,4.71756,4.73689,4.75122,4.76599,4.78127,4.797,4.81984,4.84711,4.90176,5.0257,5.28128,5.76809,10.9185
98708,0.00341399,0.00480579,-0.000434518,1.91012,-0.252001,0.0,5235.99,1,0.0,1.0,0.8499999867939017,45,HAIRPIN,APEX,4.76511,-0.000880000000000436,9,4.76511,0,0.5794935955862069,0.0,0.0,True,44,4.98574,4.48813,4.52687,4.59808,4.6595,4.6958,4.71677,4.73602,4.75034,4.76511,4.78033,4.79604,4.81883,4.84607,4.90063,5.02435,5.27953,5.7656,10.9049
98707,-0.00786533,-0.00618102,-0.000177311,1.90959,-0.252001,0.0,5235.99,1,0.0,1.0,0.8499999891709994,45,HAIRPIN,APEX,4.76419,-0.0009199999999998099,9,4.76419,0,0.5794975547586206,0.0,0.0,True,45,4.987,4.48811,4.52655,4.59753,4.65881,4.69504,4.71596,4.73517,4.74947,4.76419,4.7794,4.79507,4.81784,4.84502,4.89951,5.02304,5.27778,5.76313,10.8914
98706,-0.00787359,-0.00617693,4.00655e-05,1.90923,-0.252001,0.0,5235.99,1,0.0,1.0,0.8499999911202195,45,HAIRPIN,APEX,4.76358,-0.0006099999999999994,9,4.76358,0,0.579500179862069,0.0,0.0,True,46,4.98789,4.4881,4.52632,4.59715,4.65833,4.6945,4.71539,4.73459,4.74886,4.76358,4.77876,4.7944,4.81714,4.8443,4.8987,5.02207,5.27659,5.76139,10.882
98705,0.00343351,0.00488769,0.000184101,1.90886,-0.252001,0.0,5235.99,1,0.0,1.0,0.84999999271858,45,HAIRPIN,APEX,4.76294,-0.0006399999999997519,9,4.76294,0,0.5795029340689655,0.0,0.0,True,47,4.98881,4.4881,4.52612,4.59679,4.65784,4.69397,4.71483,4.73401,4.74826,4.76294,4.77811,4.79375,4.81644,4.84355,4.89792,5.02115,5.27536,5.75967,10.8727
98704,0.00344095,0.00493344,0.000208809,1.90834,-0.252001,0.0,5235.99,1,0.0,1.0,0.8499999940292355,45,HAIRPIN,APEX,4.76205,-0.0008900000000000574,9,4.76205,0,0.579506764137931,0.0,0.0,True,48,4.99006,4.48807,4.52579,4.59625,4.65718,4.69322,4.71404,4.73318,4.74738,4.76205,4.77719,4.7928,4.81546,4.84253,4.89679,5.01983,5.27367,5.75722,10.8594
98703,-0.0078014,-0.00611015,0.000194539,1.90783,-0.252001,0.0,5235.99,1,0.0,1.0,0.8499999951039732,45,HAIRPIN,APEX,4.76118,-0.0008699999999999264,9,4.76118,0,0.579510508137931,0.0,0.0,True,49,4.99136,4.48807,4.5255,4.59573,4.65651,4.69247,4.71324,4.73235,4.74655,4.76118,4.77629,4.79187,4.81447,4.84151,4.89566,5.01849,5.27197,5.75482,10.8463
98702,-0.00783436,-0.00610639,0.000165507,1.90747,-0.252001,0.0,5235.99,1,0.0,1.0,0.849999995985258,45,HAIRPIN,APEX,4.76054,-0.0006400000000006401,9,4.76054,0,0.5795132623448276,0.0,0.0,True,50,4.99225,4.48805,4.52527,4.59537,4.65604,4.69196,4.71269,4.73178,4.74594,4.76054,4.77565,4.79121,4.8138,4.84079,4.89488,5.01761,5.27079,5.75312,10.8372
98701,0.00346906,0.0049355,8.85552e-05,1.90711,-0.252001,0.0,5235.99,1,0.0,1.0,0.8499999967079115,45,HAIRPIN,APEX,4.75995,-0.0005899999999998684,9,4.75995,0,0.5795158013793104,0.0,0.0,True,51,4.99311,4.48805,4.52507,4.59499,4.65558,4.69144,4.71214,4.73119,4.74535,4.75995,4.77502,4.79056,4.81311,4.84009,4.8941,5.01668,5.2696,5.75142,10.828
98700,0.00348358,0.00497003,1.35835e-05,1.90659,-0.252001,0.0,5235.99,1,0.0,1.0,0.8499999973004874,45,HAIRPIN,APEX,4.75908,-0.0008699999999999264,9,4.75908,0,0.5795195453793103,0.0,0.0,True,52,4.99438,4.48804,4.52477,4.59447,4.65489,4.69069,4.71138,4.73038,4.74451,4.75908,4.77414,4.78963,4.81218,4.83908,4.89301,5.01538,5.2679,5.74903,10.8151
98699,-0.00775484,-0.00603598,-3.17887e-05,1.90609,-0.252001,0.0,5235.99,1,0.0,1.0,0.8499999977863997,45,HAIRPIN,APEX,4.75822,-0.000860000000000305,9,4.75822,0,0.5795232463448277,0.0,0.0,True,53,4.99564,4.48802,4.52446,4.59395,4.65425,4.68997,4.7106,4.72957,4.74367,4.75822,4.77324,4.78873,4.8112,4.83807,4.89191,5.0141,5.26623,5.74666,10.8022
98698,-0.00774811,-0.00602167,-5.71422e-05,1.90573,-0.252001,0.0,5235.99,1,0.0,1.0,0.8499999981848477,45,HAIRPIN,APEX,4.75763,-0.0005899999999998684,9,4.75763,0,0.5795257853793103,0.0,0.0,True,54,4.99651,4.48801,4.52426,4.59358,4.65379,4.68944,4.71004,4.729,4.7431,4.75763,4.77261,4.78807,4.81055,4.83737,4.89116,5.01319,5.26507,5.745,10.7934
98697,0.00355887,0.00501528,-5.20194e-05,1.90538,-0.252001,0.0,5235.99,1,0.0,1.0,0.8499999985115751,45,HAIRPIN,APEX,4.75702,-0.0006099999999999994,9,4.75702,0,0.5795284104827586,0.0,0.0,True,55,4.99737,4.48801,4.52406,4.59325,4.65334,4.68893,4.70952,4.72844,4.74251,4.75702,4.772,4.78745,4.80986,4.83667,4.89043,5.01233,5.26393,5.74338,10.7845
98696,0.0035908,0.00505163,-6.53937e-05,1.90488,-0.252001,0.0,5235.99,1,0.0,1.0,0.8499999987794916,45,HAIRPIN,APEX,4.75618,-0.0008400000000001739,9,4.75618,0,0.5795320253793104,0.0,0.0,True,56,4.99862,4.48801,4.52377,4.59273,4.65268,4.68822,4.70877,4.72765,4.74168,4.75618,4.77113,4.78654,4.80894,4.83569,4.88933,5.01106,5.26228,5.74104,10.7719
98695,-0.00768598,-0.00596099,-4.6877e-05,1.90437,-0.252001,0.0,5235.99,1,0.0,1.0,0.8499999989991831,45,HAIRPIN,APEX,4.75533,-0.0008499999999997954,9,4.75533,0,0.5795356833103449,0.0,0.0,True,57,4.99988,4.48801,4.52347,4.59222,4.65204,4.68752,4.70799,4.72685,4.74088,4.75533,4.77025,4.78564,4.80798,4.8347,4.88826,5.0098,5.26064,5.73868,10.7594
98694,-0.00769129,-0.00594664,-2.34956e-05,1.90403,-0.252001,0.0,5235.99,1,0.0,1.0,0.8499999991793301,45,HAIRPIN,APEX,4.75473,-0.0005999999999994898,9,4.75473,0,0.5795382653793104,0.0,0.0,True,58,5.00074,4.48801,4.52327,4.59187,4.65158,4.68701,4.70749,4.7263,4.74031,4.75473,4.76965,4.78502,4.80734,4.83403,4.88751,5.0089,5.2595,5.73705,10.7507
98693,0.00356564,0.00507763,-2.89437e-05,1.90368,-0.252001,0.0,5235.99,1,0.0,1.0,0.8499999993270507,45,HAIRPIN,APEX,4.75417,-0.000560000000000116,9,4.75417,0,0.5795406753103449,0.0,0.0,True,59,5.00161,4.48799,4.52307,4.59154,4.65115,4.68651,4.70695,4.72575,4.73975,4.75417,4.76906,4.78441,4.80672,4.83336,4.8868,5.00805,5.25841,5.73545,10.7421
98692,0.00360938,0.00506783,-4.92179e-05,1.90318,-0.252001,0.0,5235.99,1,0.0,1.0,0.8499999994481816,45,HAIRPIN,APEX,4.75333,-0.0008400000000001739,9,4.75333,0,0.5795442902068966,0.0,0.0,True,60,5.00284,4.48799,4.5228,4.59102,4.65051,4.68581,4.70621,4.72499,4.73894,4.75333,4.76819,4.78352,4.80577,4.83238,4.88574,5.0068,5.25677,5.73315,10.7298
98691,-0.00766678,-0.00592601,-2.83932e-05,1.90269,-0.252001,0.0,5235.99,1,0.0,1.0,0.8499999995475089,45,HAIRPIN,APEX,4.75249,-0.0008400000000001739,9,4.75249,0,0.5795479051034482,0.0,0.0,True,61,5.00408,4.48799,4.52252,4.59053,4.64989,4.68512,4.70547,4.72421,4.73811,4.75249,4.76735,4.78262,4.80484,4.83141,4.88467,5.00556,5.25515,5.73085,10.7175
98690,-0.00764356,-0.00593665,-8.35626e-06,1.90234,-0.252001,0.0,5235.99,1,0.0,1.0,0.8499999996289573,45,HAIRPIN,APEX,4.75192,-0.0005699999999997374,9,4.75192,0,0.5795503580689655,0.0,0.0,True,62,5.00495,4.48799,4.52231,4.59018,4.64946,4.68462,4.70496,4.72366,4.73756,4.75192,4.76674,4.78201,4.80421,4.83073,4.88394,5.00469,5.25403,5.72925,10.709
98689,0.00360463,0.0050843,-1.72392e-05,1.902,-0.252001,0.0,5235.99,1,0.0,1.0,0.849999999695745,45,HAIRPIN,APEX,4.75136,-0.000560000000000116,9,4.75136,0,0.579552768,0.0,0.0,True,63,5.00578,4.48799,4.52213,4.58984,4.64902,4.68413,4.70444,4.72311,4.73701,4.75136,4.76614,4.78142,4.80359,4.83009,4.88322,5.00383,5.25295,5.72769,10.7007
98688,0.00364215,0.00511826,-1.66542e-05,1.90151,-0.252001,0.0,5235.99,1,0.0,1.0,0.8499999997505109,45,HAIRPIN,APEX,4.75053,-0.0008299999999996643,9,4.75053,0,0.579556339862069,0.0,0.0,True,64,5.00701,4.48799,4.52185,4.58937,4.64839,4.68343,4.70369,4.72237,4.73622,4.75053,4.7653,4.78055,4.80266,4.82913,4.88217,5.00263,5.25135,5.72545,10.6886
98687,-0.00761394,-0.00587888,-2.33586e-05,1.90102,-0.252001,0.0,5235.99,1,0.0,1.0,0.849999999795419,45,HAIRPIN,APEX,4.74971,-0.0008200000000000429,9,4.74971,0,0.5795598686896551,0.0,0.0,True,65,5.00825,4.48799,4.52158,4.58888,4.64777,4.68275,4.70297,4.72159,4.73541,4.74971,4.76445,4.77968,4.80176,4.82817,4.88113,5.00138,5.24975,5.72316,10.6765
98686,-0.00763585,-0.00586643,1.17469e-05,1.90068,-0.252001,0.0,5235.99,1,0.0,1.0,0.8499999998322435,45,HAIRPIN,APEX,4.74915,-0.000560000000000116,9,4.74915,0,0.5795622786206898,0.0,0.0,True,66,5.00911,4.48801,4.52138,4.58855,4.64735,4.68228,4.70248,4.72105,4.73489,4.74915,4.76389,4.77907,4.80115,4.82751,4.88042,5.00054,5.24867,5.72161,10.6683
98685,0.00370083,0.00516923,-6.59375e-06,1.90035,-0.252001,0.0,5235.99,1,0.0,1.0,0.8499999998624397,45,HAIRPIN,APEX,4.7486,-0.0005500000000004945,9,4.7486,0,0.5795646455172414,0.0,0.0,True,67,5.00994,4.48801,4.52121,4.58823,4.64693,4.68181,4.70198,4.72055,4.73433,4.7486,4.76332,4.77847,4.80051,4.82687,4.87971,4.99971,5.24759,5.72007,10.6601
98684,0.00371698,0.0051927,-9.97261e-06,1.89986,-0.252001,0.0,5235.99,1,0.0,1.0,0.8499999998872005,45,HAIRPIN,APEX,4.74779,-0.0008099999999995333,9,4.74779,0,0.5795681313103448,0.0,0.0,True,68,5.01119,4.48801,4.52092,4.58772,4.64632,4.68111,4.70125,4.71979,4.73357,4.74779,4.76247,4.77762,4.79962,4.82593,4.87869,4.99852,5.24601,5.71783,10.6482
98683,-0.00753923,-0.005788,-1.35864e-05,1.89937,-0.252001,0.0,5235.99,1,0.0,1.0,0.8499999999075044,45,HAIRPIN,APEX,4.74698,-0.0008100000000004215,9,4.74698,0,0.5795716171034482,0.0,0.0,True,69,5.0124,4.48802,4.52065,4.58725,4.64571,4.68044,4.70053,4.71902,4.73279,4.74698,4.76164,4.77676,4.79874,4.825,4.87767,4.99729,5.24446,5.71559,10.6363
98682,-0.00754836,-0.00579946,-7.22351e-06,1.89904,-0.252001,0.0,5235.99,1,0.0,1.0,0.8499999999241536,45,HAIRPIN,APEX,4.74643,-0.0005499999999996064,9,4.74643,0,0.5795739839999999,0.0,0.0,True,70,5.01323,4.48802,4.52048,4.58694,4.64528,4.67996,4.70003,4.71852,4.73225,4.74643,4.76108,4.77618,4.79813,4.82436,4.87697,4.99648,5.24339,5.71407,10.6283
98681,0.00372862,0.00523623,-9.95409e-06,1.89871,-0.252001,0.0,5235.99,1,0.0,1.0,0.849999999937806,45,HAIRPIN,APEX,4.74591,-0.0005199999999998539,9,4.74591,0,0.5795762217931035,0.0,0.0,True,71,5.01407,4.48801,4.52029,4.58661,4.64487,4.67952,4.69955,4.718,4.73172,4.74591,4.76051,4.7756,4.79753,4.82372,4.87628,4.99566,5.24234,5.71258,10.6203
98680,0.00372939,0.00525788,-2.60145e-05,1.89823,-0.252001,0.0,5235.99,1,0.0,1.0,0.8499999999490009,45,HAIRPIN,APEX,4.74509,-0.0008200000000000429,9,4.74509,0,0.5795797506206897,0.0,0.0,True,72,5.0153,4.48802,4.52003,4.58614,4.64426,4.67883,4.69884,4.71727,4.73096,4.74509,4.75969,4.77475,4.79665,4.8228,4.87527,4.99446,5.24079,5.71036,10.6087
98679,-0.00752823,-0.00576189,-2.58843e-05,1.89775,-0.252001,0.0,5235.99,1,0.0,1.0,0.8499999999581808,45,HAIRPIN,APEX,4.74429,-0.0007999999999999119,9,4.74429,0,0.5795831933793103,0.0,0.0,True,73,5.01649,4.48805,4.51976,4.58566,4.64365,4.67816,4.69814,4.71652,4.73019,4.74429,4.75887,4.77393,4.79575,4.82188,4.87427,4.99328,5.23923,5.70817,10.5971
98678,-0.00752885,-0.00575084,-3.24552e-06,1.89742,-0.252001,0.0,5235.99,1,0.0,1.0,0.8499999999657082,45,HAIRPIN,APEX,4.74376,-0.0005300000000003635,9,4.74376,0,0.5795854742068964,0.0,0.0,True,74,5.01733,4.48804,4.51959,4.58536,4.64325,4.67772,4.69765,4.716,4.72966,4.74376,4.75832,4.77333,4.79517,4.82124,4.87358,4.99248,5.23819,5.7067,10.5892
98677,0.0037411,0.0052754,-1.86438e-05,1.89709,-0.252001,0.0,5235.99,1,0.0,1.0,0.8499999999718807,45,HAIRPIN,APEX,4.74324,-0.0005199999999998539,9,4.74324,0,0.5795877119999999,0.0,0.0,True,75,5.01815,4.48805,4.51939,4.58505,4.64285,4.67726,4.69717,4.71553,4.72914,4.74324,4.75778,4.77278,4.79457,4.8206,4.87289,4.99168,5.23719,5.70521,10.5814
98676,0.00374461,0.00528154,-2.71649e-05,1.89662,-0.252001,0.0,5235.99,1,0.0,1.0,0.8499999999769422,45,HAIRPIN,APEX,4.74245,-0.0007900000000002905,9,4.74245,0,0.5795911117241379,0.0,0.0,True,76,5.01936,4.48807,4.51917,4.58456,4.64224,4.67661,4.69647,4.71478,4.72839,4.74245,4.75696,4.77194,4.7937,4.8197,4.8719,4.99052,5.23564,5.70303,10.57
98675,-0.00744053,-0.00570661,-2.95248e-05,1.89614,-0.252001,0.0,5235.99,1,0.0,1.0,0.8499999999810925,45,HAIRPIN,APEX,4.74167,-0.0007799999999997809,9,4.74167,0,0.579594468413793,0.0,0.0,True,77,5.02059,4.48808,4.51889,4.58412,4.64166,4.67593,4.69579,4.71407,4.72763,4.74167,4.75615,4.7711,4.79283,4.8188,4.87091,4.98933,5.23412,5.70086,10.5586
98674,-0.00746415,-0.00567678,-1.65247e-05,1.89582,-0.252001,0.0,5235.99,1,0.0,1.0,0.8499999999844958,45,HAIRPIN,APEX,4.74113,-0.0005399999999999849,9,4.74113,0,0.579596792275862,0.0,0.0,True,78,5.02139,4.4881,4.51872,4.58382,4.64127,4.67551,4.69531,4.71356,4.72713,4.74113,4.75562,4.77055,4.79225,4.81818,4.87024,4.98855,5.23309,5.69941,10.5509
98673,0.00380111,0.00532494,-1.64222e-05,1.8955,-0.252001,0.0,5235.99,1,0.0,1.0,0.8499999999872866,45,HAIRPIN,APEX,4.74063,-0.0004999999999997229,9,4.74063,0,0.579598944,0.0,0.0,True,79,5.02221,4.4881,4.51855,4.5835,4.64087,4.67505,4.69485,4.71306,4.72664,4.74063,4.75508,4.76999,4.79166,4.81758,4.86958,4.98776,5.23207,5.69796,10.5432
98672,0.00382017,0.00535232,-2.59546e-05,1.89502,-0.252001,0.0,5235.99,1,0.0,1.0,0.849999999989575,45,HAIRPIN,APEX,4.73987,-0.000760000000000538,9,4.73987,0,0.5796022146206896,0.0,0.0,True,80,5.02344,4.48811,4.5183,4.58304,4.64029,4.67441,4.69415,4.71236,4.72589,4.73987,4.75429,4.76915,4.7908,4.81668,4.86861,4.98661,5.23057,5.69582,10.532
98671,-0.00745155,-0.00565571,-3.69633e-05,1.89455,-0.252001,0.0,5235.99,1,0.0,1.0,0.8499999999914515,45,HAIRPIN,APEX,4.73907,-0.0007999999999999119,9,4.73907,0,0.5796056573793104,0.0,0.0,True,81,5.02466,4.48813,4.51805,4.5826,4.63969,4.67377,4.69347,4.71164,4.72514,4.73907,4.75348,4.76834,4.78996,4.81578,4.86763,4.98544,5.22909,5.69367,10.5209
98670,-0.00744518,-0.00568754,-2.27344e-05,1.89423,-0.252001,0.0,5235.99,1,0.0,1.0,0.8499999999929903,45,HAIRPIN,APEX,4.73856,-0.0005100000000002325,9,4.73856,0,0.579607852137931,0.0,0.0,True,82,5.02545,4.48814,4.51788,4.58229,4.63931,4.67332,4.69301,4.71115,4.72464,4.73856,4.75294,4.76781,4.78938,4.81517,4.86697,4.98468,5.22806,5.69224,10.5133
98669,0.00384811,0.00537476,-3.30018e-05,1.89392,-0.252001,0.0,5235.99,1,0.0,1.0,0.849999999994252,45,HAIRPIN,APEX,4.73805,-0.0005099999999993443,9,4.73805,0,0.5796100468965517,0.0,0.0,True,83,5.02626,4.48816,4.51772,4.58199,4.63893,4.67288,4.69254,4.71066,4.72412,4.73805,4.75243,4.76726,4.78882,4.81459,4.86632,4.9839,5.22708,5.69081,10.5059
98668,0.00388673,0.00539504,-4.71425e-05,1.89345,-0.252001,0.0,5235.99,1,0.0,1.0,0.8499999999952866,45,HAIRPIN,APEX,4.7373,-0.0007500000000000284,9,4.7373,0,0.5796132744827586,0.0,0.0,True,84,5.02749,4.48819,4.51747,4.58154,4.63835,4.67224,4.69188,4.70996,4.7234,4.7373,4.75163,4.76646,4.78795,4.81371,4.86536,4.98276,5.22559,5.68872,10.4948
98667,-0.00741676,-0.0056148,-2.5054e-05,1.89298,-0.252001,0.0,5235.99,1,0.0,1.0,0.8499999999961351,45,HAIRPIN,APEX,4.73654,-0.000760000000000538,9,4.73654,0,0.5796165451034483,0.0,0.0,True,85,5.02866,4.48819,4.51723,4.58112,4.63777,4.67162,4.69119,4.70923,4.72267,4.73654,4.75087,4.76564,4.78712,4.81282,4.8644,4.98161,5.22411,5.6866,10.4839
98666,-0.00742959,-0.00562624,-1.39019e-05,1.89267,-0.252001,0.0,5235.99,1,0.0,1.0,0.8499999999968307,45,HAIRPIN,APEX,4.73602,-0.0005199999999998539,9,4.73602,0,0.5796187828965518,0.0,0.0,True,86,5.02947,4.48822,4.51707,4.58081,4.63741,4.67119,4.69075,4.70877,4.72218,4.73602,4.75034,4.76511,4.78656,4.81223,4.86375,4.98086,5.22312,5.68519,10.4765
98665,0.00387019,0.00540521,-3.23958e-05,1.89235,-0.252001,0.0,5235.99,1,0.0,1.0,0.8499999999974012,45,HAIRPIN,APEX,4.73553,-0.0004900000000001015,9,4.73553,0,0.5796208915862069,0.0,0.0,True,87,5.03028,4.48822,4.51691,4.58051,4.63701,4.67075,4.69029,4.7083,4.72169,4.73553,4.74982,4.76457,4.786,4.81163,4.8631,4.9801,5.22215,5.68378,10.4692
98664,0.00390172,0.00543422,-4.23177e-05,1.89189,-0.252001,0.0,5235.99,1,0.0,1.0,0.8499999999978689,45,HAIRPIN,APEX,4.73477,-0.0007599999999996498,9,4.73477,0,0.5796241622068966,0.0,0.0,True,88,5.03149,4.48825,4.51666,4.58006,4.63644,4.67012,4.68962,4.7076,4.72096,4.73477,4.74904,4.76376,4.78517,4.81076,4.86214,4.97898,5.22068,5.6817,10.4583
98663,-0.00736765,-0.00559107,-3.30954e-05,1.89142,-0.252001,0.0,5235.99,1,0.0,1.0,0.8499999999982525,45,HAIRPIN,APEX,4.73404,-0.0007299999999998974,9,4.73404,0,0.579627303724138,0.0,0.0,True,89,5.03269,4.48827,4.51642,4.57964,4.63589,4.66948,4.68896,4.70689,4.72025,4.73404,4.74826,4.76297,4.78433,4.80989,4.86119,4.97787,5.21921,5.67961,10.4475
98662,-0.007407,-0.00559322,-8.19768e-06,1.89111,-0.252001,0.0,5235.99,1,0.0,1.0,0.849999999998567,45,HAIRPIN,APEX,4.73354,-0.0005000000000006111,9,4.73354,0,0.5796294554482758,0.0,0.0,True,90,5.03349,4.4883,4.51625,4.57933,4.63551,4.66907,4.68851,4.70644,4.71976,4.73354,4.74776,4.76244,4.78378,4.80931,4.86055,4.97711,5.21824,5.67825,10.4403
98661,0.00387299,0.00544658,-2.87583e-05,1.8908,-0.252001,0.0,5235.99,1,0.0,1.0,0.8499999999988249,45,HAIRPIN,APEX,4.73303,-0.0005099999999993443,9,4.73303,0,0.5796316502068966,0.0,0.0,True,91,5.0343,4.4883,4.51611,4.57904,4.63515,4.66866,4.68806,4.70598,4.71928,4.73303,4.74724,4.76192,4.78322,4.80873,4.85992,4.97637,5.21726,5.67686,10.4331
98660,0.00387932,0.00543761,-3.99403e-05,1.89034,-0.252001,0.0,5235.99,1,0.0,1.0,0.8499999999990364,45,HAIRPIN,APEX,4.73232,-0.0007100000000006546,9,4.73232,0,0.5796347056551725,0.0,0.0,True,92,5.0355,4.48831,4.51587,4.57861,4.6346,4.66803,4.68741,4.70526,4.71855,4.73232,4.74648,4.76112,4.78241,4.80786,4.85898,4.97523,5.21583,5.67478,10.4224
98659,-0.00739073,-0.00556243,-3.42232e-05,1.88988,-0.252001,0.0,5235.99,1,0.0,1.0,0.8499999999992098,45,HAIRPIN,APEX,4.73157,-0.0007500000000000284,9,4.73157,0,0.5796379332413792,0.0,0.0,True,93,5.03669,4.48836,4.51563,4.57819,4.63402,4.6674,4.68675,4.70457,4.71785,4.73157,4.74573,4.76033,4.7816,4.80701,4.85805,4.97413,5.21437,5.6727,10.4117
98658,-0.00737433,-0.00554489,-2.81179e-05,1.88957,-0.252001,0.0,5235.99,1,0.0,1.0,0.849999999999352,45,HAIRPIN,APEX,4.73108,-0.0004899999999992133,9,4.73108,0,0.5796400419310345,0.0,0.0,True,94,5.03749,4.48837,4.51547,4.57791,4.63365,4.66698,4.68631,4.70413,4.71738,4.73108,4.74521,4.75981,4.78104,4.80643,4.85741,4.97339,5.21341,5.67135,10.4046
98657,0.00391826,0.00546663,-3.75699e-05,1.88926,-0.252001,0.0,5235.99,1,0.0,1.0,0.8499999999994686,45,HAIRPIN,APEX,4.73058,-0.0005000000000006111,9,4.73058,0,0.5796421936551723,0.0,0.0,True,95,5.03829,4.48839,4.51532,4.57761,4.63329,4.66658,4.68588,4.70366,4.7169,4.73058,4.74471,4.75928,4.78049,4.80586,4.8568,4.97266,5.21244,5.66997,10.3975
98656,0.00392121,0.0054878,-4.52882e-05,1.8888,-0.252001,0.0,5235.99,1,0.0,1.0,0.8499999999995642,45,HAIRPIN,APEX,4.72984,-0.0007399999999995188,9,4.72984,0,0.5796453782068965,0.0,0.0,True,96,5.03947,4.48842,4.51509,4.57718,4.63274,4.66595,4.68521,4.70299,4.71617,4.72984,4.74396,4.75851,4.77968,4.80499,4.85585,4.97155,5.21103,5.66794,10.3869
98655,-0.0073448,-0.00553037,-3.47605e-05,1.88834,-0.252001,0.0,5235.99,1,0.0,1.0,0.8499999999996426,45,HAIRPIN,APEX,4.72911,-0.0007299999999998974,9,4.72911,0,0.579648519724138,0.0,0.0,True,97,5.04068,4.48845,4.51486,4.57677,4.63217,4.66533,4.68456,4.7023,4.71547,4.72911,4.74318,4.75772,4.77885,4.80414,4.85492,4.97045,5.20957,5.66588,10.3764
98654,-0.00735633,-0.00553253,-1.28994e-05,1.88804,-0.252001,0.0,5235.99,1,0.0,1.0,0.8499999999997069,45,HAIRPIN,APEX,4.72864,-0.00046999999999997044,9,4.72864,0,0.5796505423448276,0.0,0.0,True,98,5.04148,4.48846,4.51471,4.57648,4.63181,4.66493,4.68414,4.70184,4.71501,4.72864,4.74269,4.75722,4.77831,4.80359,4.85429,4.96972,5.20862,5.66452,10.3694
98653,0.00392504,0.0054659,-2.01528e-05,1.88773,-0.252001,0.0,5235.99,1,0.0,1.0,0.8499999999997596,45,HAIRPIN,APEX,4.72813,-0.0005100000000002325,9,4.72813,0,0.5796527371034483,0.0,0.0,True,99,5.04226,4.48849,4.51456,4.5762,4.63145,4.66454,4.68372,4.70139,4.71454,4.72813,4.74219,4.75668,4.77779,4.80301,4.85368,4.96899,5.20768,5.66318,10.3624
98652,0.00392675,0.00548638,-2.56184e-05,1.88727,-0.252001,0.0,5235.99,1,0.0,1.0,0.8499999999998029,45,HAIRPIN,APEX,4.72742,-0.0007099999999997664,9,4.72742,0,0.5796557925517242,0.0,0.0,True,100,5.04348,4.48849,4.51433,4.57578,4.63091,4.66389,4.68304,4.70071,4.71384,4.72742,4.74144,4.75594,4.77699,4.80215,4.85275,4.96789,5.20627,5.66118,10.352
98651,-0.00732682,-0.00551748,-1.62881e-05,1.88682,-0.252001,0.0,5235.99,1,0.0,1.0,0.8499999999998383,45,HAIRPIN,APEX,4.72668,-0.000740000000000407,9,4.72668,0,0.5796589771034483,0.0,0.0,True,101,5.04469,4.48854,4.5141,4.57536,4.63036,4.6633,4.68242,4.70003,4.71315,4.72668,4.74069,4.75516,4.77617,4.80132,4.85184,4.9668,5.20486,5.65916,10.3416
98650,-0.00734877,-0.00551774,-1.76842e-08,1.88651,-0.252001,0.0,5235.99,1,0.0,1.0,0.8499999999998674,45,HAIRPIN,APEX,4.72621,-0.00046999999999997044,9,4.72621,0,0.579660999724138,0.0,0.0,True,102,5.04547,4.48856,4.51395,4.57507,4.63,4.66289,4.68198,4.69958,4.71266,4.72621,4.74022,4.75465,4.77563,4.80075,4.85123,4.96606,5.20392,5.65778,10.3347
98649,0.00391364,0.00551313,-5.79867e-06,1.88621,-0.252001,0.0,5235.99,1,0.0,1.0,0.8499999999998913,45,HAIRPIN,APEX,4.72574,-0.00046999999999997044,9,4.72574,0,0.5796630223448276,0.0,0.0,True,103,5.04627,4.4886,4.51381,4.5748,4.62964,4.66249,4.68156,4.69914,4.71222,4.72574,4.73972,4.75412,4.77512,4.8002,4.85062,4.96534,5.20295,5.65645,10.3278
98648,0.00395751,0.00552602,-1.92007e-05,1.88575,-0.252001,0.0,5235.99,1,0.0,1.0,0.8499999999999108,45,HAIRPIN,APEX,4.72501,-0.0007299999999998974,9,4.72501,0,0.5796661638620689,0.0,0.0,True,104,5.04745,4.48863,4.51358,4.57439,4.6291,4.66188,4.68091,4.69847,4.71152,4.72501,4.73897,4.75337,4.77429,4.79938,4.84969,4.96426,5.20157,5.65445,10.3175
98647,-0.00730588,-0.00549304,-4.90774e-06,1.8853,-0.252001,0.0,5235.99,1,0.0,1.0,0.8499999999999268,45,HAIRPIN,APEX,4.7243,-0.0007099999999997664,9,4.7243,0,0.5796692193103449,0.0,0.0,True,105,5.04866,4.48868,4.51335,4.57396,4.62857,4.66129,4.68028,4.69778,4.71083,4.7243,4.73822,4.75261,4.77351,4.79852,4.84879,4.9632,5.20015,5.65244,10.3072
98646,-0.00729602,-0.00549114,1.1683e-05,1.885,-0.252001,0.0,5235.99,1,0.0,1.0,0.84999999999994,45,HAIRPIN,APEX,4.72383,-0.00046999999999997044,9,4.72383,0,0.5796712419310345,0.0,0.0,True,106,5.04946,4.48868,4.51321,4.57368,4.6282,4.66089,4.67987,4.69736,4.71037,4.72383,4.73775,4.75211,4.77298,4.79797,4.84819,4.96248,5.1992,5.65111,10.3004
98645,0.00396777,0.00552796,2.47599e-06,1.88469,-0.252001,0.0,5235.99,1,0.0,1.0,0.8499999999999508,45,HAIRPIN,APEX,4.72336,-0.0004700000000008586,9,4.72336,0,0.5796732645517241,0.0,0.0,True,107,5.05025,4.48872,4.51306,4.57343,4.62785,4.66049,4.67943,4.69691,4.70992,4.72336,4.73724,4.7516,4.77245,4.79741,4.84758,4.96177,5.19828,5.64981,10.2937
98644,0.0039664,0.00553734,-1.23557e-05,1.88424,-0.252001,0.0,5235.99,1,0.0,1.0,0.8499999999999597,45,HAIRPIN,APEX,4.72264,-0.0007199999999993878,9,4.72264,0,0.5796763630344828,0.0,0.0,True,108,5.05145,4.48875,4.51285,4.57301,4.6273,4.6599,4.67882,4.69624,4.70923,4.72264,4.73653,4.75082,4.77167,4.79659,4.84666,4.9607,5.1969,5.64781,10.2835
98643,-0.00727468,-0.00546263,-1.30849e-05,1.88379,-0.252001,0.0,5235.99,1,0.0,1.0,0.8499999999999669,45,HAIRPIN,APEX,4.72194,-0.000700000000000145,9,4.72194,0,0.5796793754482759,0.0,0.0,True,109,5.05265,4.48878,4.51262,4.57262,4.62679,4.6593,4.67818,4.69559,4.70853,4.72194,4.73578,4.75008,4.77087,4.79576,4.84576,4.95962,5.19552,5.6458,10.2733
98642,-0.00730286,-0.00545492,9.37928e-06,1.88349,-0.252001,0.0,5235.99,1,0.0,1.0,0.8499999999999729,45,HAIRPIN,APEX,4.72148,-0.000460000000000349,9,4.72148,0,0.5796813550344828,0.0,0.0,True,110,5.05344,4.48882,4.51248,4.57233,4.62643,4.65891,4.67775,4.69514,4.70808,4.72148,4.73531,4.74959,4.77036,4.79521,4.84517,4.95891,5.19458,5.64449,10.2666
98641,0.0039605,0.00552271,7.17511e-06,1.88319,-0.252001,0.0,5235.99,1,0.0,1.0,0.8499999999999778,45,HAIRPIN,APEX,4.72101,-0.00046999999999997044,9,4.72101,0,0.5796833776551724,0.0,0.0,True,111,5.05423,4.48885,4.51234,4.57207,4.62608,4.65851,4.67734,4.6947,4.70764,4.72101,4.7348,4.74907,4.76982,4.79468,4.84457,4.95819,5.19369,5.64319,10.2599
98640,0.00402881,0.00555597,-2.09889e-05,1.88273,-0.252001,0.0,5235.99,1,0.0,1.0,0.8499999999999818,45,HAIRPIN,APEX,4.72029,-0.0007199999999993878,9,4.72029,0,0.579686476137931,0.0,0.0,True,112,5.05542,4.48888,4.51213,4.57166,4.62556,4.65793,4.67671,4.69405,4.70695,4.72029,4.7341,4.74832,4.76906,4.79384,4.84366,4.95713,5.19228,5.64122,10.2498
98639,-0.00726955,-0.00543983,-8.73631e-06,1.88228,-0.252001,0.0,5235.99,1,0.0,1.0,0.849999999999985,45,HAIRPIN,APEX,4.7196,-0.0006900000000005235,9,4.7196,0,0.5796894455172413,0.0,0.0,True,113,5.05663,4.48891,4.51192,4.57126,4.62502,4.65732,4.67609,4.69341,4.70627,4.7196,4.73337,4.74757,4.76826,4.79301,4.84279,4.95608,5.19087,5.63924,10.2398
98638,-0.00728481,-0.00545148,1.31939e-05,1.88198,-0.252001,0.0,5235.99,1,0.0,1.0,0.8499999999999877,45,HAIRPIN,APEX,4.71913,-0.00046999999999997044,9,4.71913,0,0.579691468137931,0.0,0.0,True,114,5.05742,4.48894,4.51178,4.57098,4.62469,4.65694,4.67567,4.69295,4.70583,4.71913,4.73289,4.74709,4.76775,4.79248,4.84218,4.95536,5.18998,5.63794,10.2332
98637,0.00398966,0.00556961,-8.43836e-06,1.88169,-0.252001,0.0,5235.99,1,0.0,1.0,0.8499999999999899,45,HAIRPIN,APEX,4.71867,-0.00045999999999946084,9,4.71867,0,0.5796934477241379,0.0,0.0,True,115,5.05822,4.48897,4.51164,4.57072,4.62434,4.65654,4.67528,4.69254,4.70537,4.71867,4.73241,4.74661,4.76724,4.79193,4.84158,4.95466,5.18908,5.63664,10.2266
98636,0.00400935,0.00557629,-2.14496e-05,1.88124,-0.252001,0.0,5235.99,1,0.0,1.0,0.8499999999999917,45,HAIRPIN,APEX,4.71797,-0.000700000000000145,9,4.71797,0,0.5796964601379311,0.0,0.0,True,116,5.05941,4.48903,4.51141,4.57031,4.62383,4.65598,4.67464,4.69188,4.70471,4.71797,4.73169,4.74586,4.76646,4.79112,4.8407,4.95363,5.1877,5.63468,10.2167
98635,-0.00724237,-0.00543551,-2.67971e-05,1.88079,-0.252001,0.0,5235.99,1,0.0,1.0,0.8499999999999931,45,HAIRPIN,APEX,4.71727,-0.000700000000000145,9,4.71727,0,0.5796994725517242,0.0,0.0,True,117,5.06061,4.48907,4.51122,4.56992,4.62329,4.6554,4.67403,4.69122,4.70404,4.71727,4.73099,4.7451,4.76567,4.7903,4.8398,4.95257,5.18633,5.63274,10.2067
98634,-0.00726942,-0.00544904,3.18376e-06,1.88049,-0.252001,0.0,5235.99,1,0.0,1.0,0.8499999999999943,45,HAIRPIN,APEX,4.71681,-0.000460000000000349,9,4.71681,0,0.579701452137931,0.0,0.0,True,118,5.06142,4.48909,4.51108,4.56966,4.62296,4.655,4.67361,4.6908,4.7036,4.71681,4.73051,4.74463,4.76515,4.78978,4.83922,4.95187,5.18542,5.63145,10.2002
98633,0.00401292,0.00559243,-5.35364e-06,1.88019,-0.252001,0.0,5235.99,1,0.0,1.0,0.8499999999999953,45,HAIRPIN,APEX,4.71635,-0.00045999999999946084,9,4.71635,0,0.5797034317241379,0.0,0.0,True,119,5.0622,4.48912,4.51096,4.5694,4.62262,4.6546,4.67322,4.69037,4.70314,4.71635,4.73004,4.74414,4.76466,4.78923,4.83864,4.9512,5.18453,5.63015,10.1937
98632,0.00403982,0.00558593,-2.58615e-05,1.87974,-0.252001,0.0,5235.99,1,0.0,1.0,0.8499999999999961,45,HAIRPIN,APEX,4.71567,-0.0006800000000000139,9,4.71567,0,0.5797063580689655,0.0,0.0,True,120,5.06341,4.48917,4.51073,4.569,4.62209,4.65402,4.67259,4.68973,4.70248,4.71567,4.72931,4.74339,4.76389,4.78841,4.83774,4.95013,5.18317,5.62823,10.1839
98631,-0.00724036,-0.00541776,-2.5171e-05,1.87929,-0.252001,0.0,5235.99,1,0.0,1.0,0.8499999999999968,45,HAIRPIN,APEX,4.71498,-0.0006900000000005235,9,4.71498,0,0.5797093274482759,0.0,0.0,True,121,5.0646,4.48923,4.51054,4.5686,4.62158,4.65347,4.67197,4.68907,4.70183,4.71498,4.72859,4.74266,4.76312,4.7876,4.83687,4.94909,5.1818,5.62627,10.174
98630,-0.00723403,-0.00539732,-1.86838e-05,1.879,-0.252001,0.0,5235.99,1,0.0,1.0,0.8499999999999973,45,HAIRPIN,APEX,4.71454,-0.0004399999999993298,9,4.71454,0,0.5797112209655172,0.0,0.0,True,122,5.0654,4.48924,4.51039,4.56834,4.62123,4.65308,4.67157,4.68866,4.70137,4.71454,4.72813,4.74217,4.76262,4.78708,4.83629,4.94841,5.1809,5.625,10.1676
98629,0.00401225,0.0055859,-2.71998e-05,1.8787,-0.252001,0.0,5235.99,1,0.0,1.0,0.8499999999999978,45,HAIRPIN,APEX,4.71407,-0.00046999999999997044,9,4.71407,0,0.5797132435862069,0.0,0.0,True,123,5.06619,4.48927,4.51025,4.5681,4.62091,4.65269,4.67119,4.68823,4.70094,4.71407,4.72766,4.74171,4.76212,4.78656,4.83571,4.94772,5.18002,5.62374,10.1611
98628,0.00405161,0.0055964,-5.07028e-05,1.87826,-0.252001,0.0,5235.99,1,0.0,1.0,0.8499999999999981,45,HAIRPIN,APEX,4.71338,-0.0006900000000005235,9,4.71338,0,0.5797162129655173,0.0,0.0,True,124,5.0674,4.48932,4.51006,4.56769,4.62039,4.65211,4.67056,4.68759,4.70027,4.71338,4.72696,4.74095,4.76134,4.78575,4.83484,4.94669,5.17867,5.6218,10.1514
98627,-0.00721525,-0.0054006,-4.78326e-05,1.87781,-0.252001,0.0,5235.99,1,0.0,1.0,0.8499999999999984,45,HAIRPIN,APEX,4.71271,-0.0006699999999995043,9,4.71271,0,0.5797190962758622,0.0,0.0,True,125,5.06859,4.48938,4.50986,4.56731,4.61987,4.65154,4.66997,4.68697,4.69962,4.71271,4.72626,4.74023,4.76059,4.78497,4.83395,4.94565,5.17732,5.61986,10.1416
98626,-0.00724659,-0.00540424,-2.97593e-05,1.87751,-0.252001,0.0,5235.99,1,0.0,1.0,0.8499999999999986,45,HAIRPIN,APEX,4.71227,-0.000440000000000218,9,4.71227,0,0.5797209897931035,0.0,0.0,True,126,5.06939,4.48941,4.50972,4.56705,4.61954,4.65117,4.66957,4.68654,4.69917,4.71227,4.72578,4.73976,4.76009,4.78442,4.83337,4.94495,5.17644,5.61862,10.1353
98625,0.00402462,0.00561587,-2.71731e-05,1.87722,-0.252001,0.0,5235.99,1,0.0,1.0,0.8499999999999989,45,HAIRPIN,APEX,4.71181,-0.000460000000000349,9,4.71181,0,0.5797229693793102,0.0,0.0,True,127,5.07018,4.48946,4.5096,4.56679,4.61922,4.65079,4.66916,4.68613,4.69875,4.71181,4.72533,4.73927,4.75958,4.78392,4.83281,4.94428,5.17554,5.61736,10.1289
98624,0.00407107,0.00562136,-4.46468e-05,1.87677,-0.252001,0.0,5235.99,1,0.0,1.0,0.8499999999999991,45,HAIRPIN,APEX,4.71114,-0.0006699999999995043,9,4.71114,0,0.5797258526896552,0.0,0.0,True,128,5.07139,4.4895,4.50938,4.56641,4.6187,4.65022,4.66856,4.68549,4.69809,4.71114,4.72461,4.73856,4.75882,4.78311,4.83192,4.94323,5.17419,5.61542,10.1193
98623,-0.00722073,-0.00539176,-3.15738e-05,1.87633,-0.252001,0.0,5235.99,1,0.0,1.0,0.8499999999999992,45,HAIRPIN,APEX,4.71046,-0.0006800000000000139,9,4.71046,0,0.5797287790344827,0.0,0.0,True,129,5.07261,4.48955,4.5092,4.56601,4.61819,4.64966,4.66795,4.68484,4.69742,4.71046,4.72391,4.73784,4.75809,4.7823,4.83107,4.9422,5.17283,5.61351,10.1096
98622,-0.00723092,-0.00539265,-1.56451e-05,1.87603,-0.252001,0.0,5235.99,1,0.0,1.0,0.8499999999999993,45,HAIRPIN,APEX,4.71001,-0.0004500000000007276,9,4.71001,0,0.5797307155862068,0.0,0.0,True,130,5.07339,4.48958,4.50906,4.56577,4.61786,4.64929,4.66756,4.68443,4.69699,4.71001,4.72346,4.73735,4.75757,4.7818,4.83047,4.94154,5.17196,5.61224,10.1034
98621,0.00404919,0.005623,-8.42421e-06,1.87574,-0.252001,0.0,5235.99,1,0.0,1.0,0.8499999999999994,45,HAIRPIN,APEX,4.70958,-0.0004299999999997084,9,4.70958,0,0.5797325660689656,0.0,0.0,True,131,5.07419,4.48961,4.50894,4.56551,4.61754,4.64891,4.66718,4.68402,4.69658,4.70958,4.72301,4.73688,4.75708,4.78127,4.82993,4.94087,5.17108,5.61099,10.0971
98620,0.00406404,0.00559427,-2.5702e-05,1.87529,-0.252001,0.0,5235.99,1,0.0,1.0,0.8499999999999995,45,HAIRPIN,APEX,4.70891,-0.0006699999999995043,9,4.70891,0,0.5797354493793103,0.0,0.0,True,132,5.07539,4.48967,4.50873,4.56512,4.61702,4.64835,4.66655,4.6834,4.69592,4.70891,4.72231,4.73616,4.75632,4.78047,4.82907,4.93985,5.16975,5.60912,10.0875
98619,-0.00721106,-0.00537416,-3.24805e-05,1.87485,-0.252001,0.0,5235.99,1,0.0,1.0,0.8499999999999996,45,HAIRPIN,APEX,4.70822,-0.0006900000000005235,9,4.70822,0,0.5797384187586206,0.0,0.0,True,133,5.0766,4.48973,4.50854,4.56474,4.61652,4.64778,4.66597,4.68275,4.69527,4.70822,4.72159,4.73544,4.75558,4.77968,4.82819,4.93882,5.16843,5.60721,10.0779
98618,-0.00724789,-0.00539523,-1.39738e-05,1.87456,-0.252001,0.0,5235.99,1,0.0,1.0,0.8499999999999996,45,HAIRPIN,APEX,4.70778,-0.000440000000000218,9,4.70778,0,0.5797403122758621,0.0,0.0,True,134,5.07739,4.48976,4.50842,4.5645,4.6162,4.64742,4.66557,4.68234,4.69485,4.70778,4.72115,4.73499,4.75508,4.77917,4.82762,4.93814,5.16754,5.60597,10.0716
98617,0.00404344,0.00563266,-1.98302e-05,1.87426,-0.252001,0.0,5235.99,1,0.0,1.0,0.8499999999999996,45,HAIRPIN,APEX,4.70732,-0.00045999999999946084,9,4.70732,0,0.5797422918620689,0.0,0.0,True,135,5.07819,4.48981,4.5083,4.56424,4.61589,4.64703,4.66518,4.68195,4.69441,4.70732,4.7207,4.7345,4.75458,4.77866,4.82706,4.93746,5.16666,5.60469,10.0654
98616,0.00406167,0.00564255,-2.82483e-05,1.87382,-0.252001,0.0,5235.99,1,0.0,1.0,0.8499999999999996,45,HAIRPIN,APEX,4.70667,-0.0006500000000002615,9,4.70667,0,0.5797450891034484,0.0,0.0,True,136,5.07941,4.48985,4.50809,4.56387,4.61539,4.64648,4.66458,4.6813,4.69376,4.70667,4.71999,4.73378,4.75385,4.77786,4.8262,4.93646,5.16535,5.6028,10.056
98615,-0.00716989,-0.00536043,-1.91842e-05,1.87337,-0.252001,0.0,5235.99,1,0.0,1.0,0.8499999999999996,45,HAIRPIN,APEX,4.70599,-0.0006800000000000139,9,4.70599,0,0.5797480154482759,0.0,0.0,True,137,5.08062,4.48991,4.5079,4.56348,4.61487,4.64592,4.66399,4.68069,4.69315,4.70599,4.71931,4.73306,4.7531,4.77708,4.82535,4.93543,5.16399,5.60092,10.0465
98614,-0.00721419,-0.00539607,-1.11467e-05,1.87308,-0.252001,0.0,5235.99,1,0.0,1.0,0.8499999999999996,45,HAIRPIN,APEX,4.70555,-0.000440000000000218,9,4.70555,0,0.5797499089655174,0.0,0.0,True,138,5.08142,4.48996,4.50778,4.56325,4.61456,4.64554,4.66359,4.68028,4.6927,4.70555,4.71887,4.73259,4.75259,4.77657,4.82478,4.93477,5.16314,5.59968,10.0403
98613,0.00409283,0.00564584,-2.71907e-05,1.87279,-0.252001,0.0,5235.99,1,0.0,1.0,0.8499999999999996,45,HAIRPIN,APEX,4.70514,-0.00040999999999957737,9,4.70514,0,0.5797516733793103,0.0,0.0,True,139,5.08221,4.48999,4.50766,4.56299,4.61423,4.64519,4.66322,4.67987,4.69228,4.70514,4.7184,4.73215,4.75211,4.77605,4.8242,4.9341,5.16228,5.59844,10.0342
98612,0.00407605,0.00564501,-3.61804e-05,1.87234,-0.252001,0.0,5235.99,1,0.0,1.0,0.8499999999999996,45,HAIRPIN,APEX,4.70445,-0.0006900000000005235,9,4.70445,0,0.5797546427586207,0.0,0.0,True,140,5.08343,4.49005,4.50748,4.56261,4.61372,4.64462,4.66261,4.67926,4.69165,4.70445,4.71773,4.73143,4.75137,4.77527,4.82336,4.93307,5.16095,5.59657,10.0247
98611,-0.00717984,-0.00534537,-3.09219e-05,1.8719,-0.252001,0.0,5235.99,1,0.0,1.0,0.8499999999999996,45,HAIRPIN,APEX,4.70378,-0.0006699999999995043,9,4.70378,0,0.5797575260689656,0.0,0.0,True,141,5.08465,4.49011,4.50728,4.56224,4.61325,4.64407,4.66205,4.67863,4.69101,4.70378,4.71704,4.73071,4.75063,4.77451,4.82251,4.93207,5.15962,5.59467,10.0154
98610,-0.00720505,-0.0053606,-1.2723e-05,1.87161,-0.252001,0.0,5235.99,1,0.0,1.0,0.8499999999999996,45,HAIRPIN,APEX,4.70335,-0.0004299999999997084,9,4.70335,0,0.5797593765517242,0.0,0.0,True,142,5.08544,4.49016,4.50716,4.56201,4.61292,4.64371,4.66165,4.67824,4.69057,4.70335,4.71658,4.73024,4.75014,4.77399,4.82195,4.93142,5.15877,5.59345,10.0093
98609,0.00406668,0.00564747,-3.63378e-05,1.87132,-0.252001,0.0,5235.99,1,0.0,1.0,0.8499999999999996,45,HAIRPIN,APEX,4.70293,-0.00042000000000008697,9,4.70293,0,0.579761184,0.0,0.0,True,143,5.08624,4.4902,4.50703,4.56175,4.61259,4.64336,4.66127,4.67781,4.69016,4.70293,4.71614,4.72978,4.74966,4.77347,4.82141,4.93075,5.15792,5.5922,10.0031
98608,0.00408891,0.00563585,-4.06539e-05,1.87087,-0.252001,0.0,5235.99,1,0.0,1.0,0.8499999999999996,45,HAIRPIN,APEX,4.70227,-0.0006599999999998829,9,4.70227,0,0.5797640242758622,0.0,0.0,True,144,5.08746,4.49026,4.50684,4.56139,4.61209,4.64279,4.66066,4.6772,4.68951,4.70227,4.71545,4.72908,4.74892,4.77271,4.82054,4.92975,5.15661,5.59034,9.9938
98607,-0.00718686,-0.00535278,-4.84626e-05,1.87043,-0.252001,0.0,5235.99,1,0.0,1.0,0.8499999999999996,45,HAIRPIN,APEX,4.7016,-0.0006700000000003925,9,4.7016,0,0.5797669075862069,0.0,0.0,True,145,5.08868,4.49033,4.50667,4.56102,4.61162,4.64224,4.6601,4.67659,4.68887,4.7016,4.71477,4.72838,4.74818,4.77193,4.81969,4.92873,5.15528,5.58846,9.98448
98606,-0.00722386,-0.00537051,-2.33852e-05,1.87014,-0.252001,0.0,5235.99,1,0.0,1.0,0.8499999999999996,45,HAIRPIN,APEX,4.70119,-0.00040999999999957737,9,4.70119,0,0.579768672,0.0,0.0,True,146,5.0895,4.49037,4.50655,4.56076,4.6113,4.64189,4.6597,4.67618,4.68848,4.70119,4.71432,4.72792,4.7477,4.77141,4.81914,4.92807,5.15443,5.58726,9.9784
98605,0.00408517,0.00566065,-3.14754e-05,1.86984,-0.252001,0.0,5235.99,1,0.0,1.0,0.8499999999999996,45,HAIRPIN,APEX,4.70074,-0.0004500000000007276,9,4.70074,0,0.5797706085517241,0.0,0.0,True,147,5.09028,4.4904,4.50642,4.56053,4.61096,4.64153,4.65933,4.67578,4.68803,4.70074,4.71388,4.72746,4.74721,4.77092,4.81857,4.92741,5.15356,5.58603,9.97237
98604,0.00411426,0.0056544,-5.39921e-05,1.8694,-0.252001,0.0,5235.99,1,0.0,1.0,0.8499999999999996,45,HAIRPIN,APEX,4.70009,-0.0006499999999993733,9,4.70009,0,0.5797734057931034,0.0,0.0,True,148,5.0915,4.49048,4.50624,4.56015,4.61047,4.64099,4.65875,4.67516,4.68741,4.70009,4.7132,4.72675,4.74649,4.77013,4.81773,4.92642,5.15226,5.58415,9.96308
98603,-0.00715476,-0.00534357,-3.6189e-05,1.86896,-0.252001,0.0,5235.99,1,0.0,1.0,0.8499999999999996,45,HAIRPIN,APEX,4.69943,-0.0006599999999998829,9,4.69943,0,0.5797762460689655,0.0,0.0,True,149,5.09275,4.49055,4.50606,4.5598,4.61,4.64044,4.65817,4.67456,4.68677,4.69943,4.71252,4.72606,4.74574,4.76936,4.81689,4.92541,5.15093,5.58227,9.95384
98602,-0.0072019,-0.0053571,-4.28839e-06,1.86867,-0.252001,0.0,5235.99,1,0.0,1.0,0.8499999999999996,45,HAIRPIN,APEX,4.69901,-0.00042000000000008697,9,4.69901,0,0.5797780535172414,0.0,0.0,True,150,5.09355,4.4906,4.50595,4.55954,4.6097,4.64008,4.65778,4.67416,4.68636,4.69901,4.71208,4.7256,4.74527,4.76886,4.81635,4.92477,5.15008,5.58107,9.94784
98601,0.00406439,0.00565111,-1.00493e-05,1.86838,-0.252001,0.0,5235.99,1,0.0,1.0,0.8499999999999996,45,HAIRPIN,APEX,4.69858,-0.00043000000000059657,9,4.69858,0,0.579779904,0.0,0.0,True,151,5.09436,4.49065,4.50581,4.55933,4.60938,4.63971,4.65741,4.67377,4.68596,4.69858,4.71164,4.72514,4.7448,4.76837,4.81578,4.9241,5.14926,5.57986,9.94181
98600,0.00406889,0.00565505,-1.16956e-05,1.86793,-0.252001,0.0,5235.99,1,0.0,1.0,0.8499999999999996,45,HAIRPIN,APEX,4.69792,-0.0006599999999998829,9,4.69792,0,0.5797827442758621,0.0,0.0,True,152,5.09557,4.49072,4.50565,4.55894,4.60889,4.63918,4.65681,4.67316,4.68532,4.69792,4.71097,4.72444,4.74406,4.76759,4.81496,4.92312,5.14794,5.57798,9.93271
98599,-0.00717958,-0.00534449,-1.01245e-05,1.86749,-0.252001,0.0,5235.99,1,0.0,1.0,0.8499999999999996,45,HAIRPIN,APEX,4.69728,-0.0006399999999997519,9,4.69728,0,0.5797854984827586,0.0,0.0,True,153,5.0968,4.49078,4.50546,4.55858,4.6084,4.63863,4.65625,4.67255,4.68469,4.69728,4.7103,4.72375,4.74333,4.76683,4.81412,4.92211,5.14664,5.57614,9.92354
98598,-0.00716155,-0.00534652,-9.33854e-06,1.8672,-0.252001,0.0,5235.99,1,0.0,1.0,0.8499999999999996,45,HAIRPIN,APEX,4.69685,-0.0004299999999997084,9,4.69685,0,0.5797873489655172,0.0,0.0,True,154,5.09762,4.49083,4.50536,4.55833,4.60808,4.63828,4.65587,4.67215,4.68428,4.69685,4.70984,4.72328,4.74287,4.76634,4.81357,4.92146,5.1458,5.57494,9.91753
98597,0.00408342,0.00567024,-3.2056e-06,1.86691,-0.252001,0.0,5235.99,1,0.0,1.0,0.8499999999999996,45,HAIRPIN,APEX,4.69644,-0.00041000000000046555,9,4.69644,0,0.5797891133793104,0.0,0.0,True,155,5.09842,4.49088,4.50523,4.55812,4.60777,4.63792,4.65549,4.67175,4.68387,4.69644,4.70941,4.72284,4.7424,4.76582,4.81302,4.92081,5.14496,5.57374,9.91158
98596,0.00408726,0.00567297,-1.8629e-05,1.86647,-0.252001,0.0,5235.99,1,0.0,1.0,0.8499999999999996,45,HAIRPIN,APEX,4.69577,-0.0006699999999995043,9,4.69577,0,0.5797919966896552,0.0,0.0,True,156,5.09965,4.49094,4.50505,4.55775,4.6073,4.63737,4.65492,4.67114,4.68324,4.69577,4.70874,4.72214,4.74167,4.76506,4.81219,4.91983,5.14366,5.57188,9.90249
98595,-0.00715435,-0.0053105,-8.31498e-06,1.86602,-0.252001,0.0,5235.99,1,0.0,1.0,0.8499999999999996,45,HAIRPIN,APEX,4.69513,-0.0006400000000006401,9,4.69513,0,0.5797947508965517,0.0,0.0,True,157,5.10087,4.49103,4.50488,4.5574,4.60681,4.63684,4.65434,4.67055,4.68262,4.69513,4.70807,4.72145,4.74095,4.76431,4.81137,4.91885,5.14237,5.57006,9.89342
98594,-0.0071759,-0.00532125,2.06818e-06,1.86574,-0.252001,0.0,5235.99,1,0.0,1.0,0.8499999999999996,45,HAIRPIN,APEX,4.69472,-0.00040999999999957737,9,4.69472,0,0.5797965153103448,0.0,0.0,True,158,5.1017,4.49107,4.50476,4.55716,4.60649,4.63649,4.65398,4.67015,4.68221,4.69472,4.70763,4.72101,4.74048,4.76381,4.81081,4.9182,5.14153,5.56882,9.88753
98593,0.00408474,0.00567849,7.09804e-06,1.86545,-0.252001,0.0,5235.99,1,0.0,1.0,0.8499999999999996,45,HAIRPIN,APEX,4.69429,-0.00043000000000059657,9,4.69429,0,0.5797983657931035,0.0,0.0,True,159,5.1025,4.49112,4.50465,4.55692,4.6062,4.63614,4.65359,4.66975,4.68179,4.69429,4.7072,4.72055,4.74001,4.76334,4.81027,4.91754,5.14069,5.56763,9.88164
98592,0.00412851,0.00571078,-1.04888e-05,1.865,-0.252001,0.0,5235.99,1,0.0,1.0,0.8499999999999996,45,HAIRPIN,APEX,4.69363,-0.0006599999999998829,9,4.69363,0,0.5798012060689655,0.0,0.0,True,160,5.10373,4.49118,4.50449,4.55656,4.60571,4.6356,4.65303,4.66916,4.6812,4.69363,4.70653,4.71986,4.73929,4.76256,4.80943,4.91656,5.13942,5.56582,9.87265
98591,-0.00716595,-0.00532243,-6.53941e-06,1.86456,-0.252001,0.0,5235.99,1,0.0,1.0,0.8499999999999996,45,HAIRPIN,APEX,4.69301,-0.0006199999999996209,9,4.69301,0,0.5798038742068966,0.0,0.0,True,161,5.10499,4.49127,4.5043,4.55621,4.60524,4.63507,4.65247,4.66856,4.68059,4.69301,4.70587,4.71919,4.73857,4.7618,4.80862,4.91559,5.13813,5.56396,9.86366
98590,-0.00716067,-0.00532032,7.11527e-06,1.86427,-0.252001,0.0,5235.99,1,0.0,1.0,0.8499999999999996,45,HAIRPIN,APEX,4.6926,-0.00041000000000046555,9,4.6926,0,0.5798056386206897,0.0,0.0,True,162,5.10579,4.4913,4.50418,4.55598,4.60493,4.6347,4.6521,4.66818,4.68018,4.6926,4.70544,4.71872,4.7381,4.76132,4.80807,4.91495,5.13727,5.56279,9.85781
98589,0.0040894,0.00567488,-3.36193e-06,1.86399,-0.252001,0.0,5235.99,1,0.0,1.0,0.8499999999999996,45,HAIRPIN,APEX,4.69217,-0.0004299999999997084,9,4.69217,0,0.5798074891034483,0.0,0.0,True,163,5.10659,4.49136,4.50409,4.55574,4.60464,4.63437,4.65173,4.66779,4.67976,4.69217,4.70502,4.71831,4.73764,4.76083,4.80753,4.91431,5.13645,5.56159,9.85196
98588,0.00411558,0.00571093,-2.52706e-05,1.86354,-0.252001,0.0,5235.99,1,0.0,1.0,0.8499999999999996,45,HAIRPIN,APEX,4.69153,-0.0006399999999997519,9,4.69153,0,0.5798102433103448,0.0,0.0,True,164,5.10782,4.49146,4.50391,4.55537,4.60416,4.63385,4.65117,4.66719,4.67914,4.69153,4.70435,4.71761,4.73692,4.76009,4.80673,4.91333,5.13519,5.55977,9.84305
98587,-0.00713178,-0.0052926,-2.28188e-05,1.8631,-0.252001,0.0,5235.99,1,0.0,1.0,0.8499999999999996,45,HAIRPIN,APEX,4.69089,-0.0006400000000006401,9,4.69089,0,0.5798129975172415,0.0,0.0,True,165,5.10908,4.49152,4.50374,4.55502,4.60368,4.6333,4.65059,4.6666,4.67853,4.69089,4.70369,4.71693,4.73621,4.75932,4.80589,4.91234,5.1339,5.55795,9.83408
98586,-0.00717049,-0.00531486,-8.26454e-06,1.86281,-0.252001,0.0,5235.99,1,0.0,1.0,0.8499999999999996,45,HAIRPIN,APEX,4.69048,-0.00040999999999957737,9,4.69048,0,0.5798147619310344,0.0,0.0,True,166,5.10988,4.49158,4.50363,4.55481,4.60338,4.63295,4.65022,4.66621,4.67813,4.69048,4.70328,4.71649,4.73573,4.75883,4.80536,4.91171,5.13305,5.55677,9.82832
98585,0.00411218,0.00568102,-1.85231e-05,1.86253,-0.252001,0.0,5235.99,1,0.0,1.0,0.8499999999999996,45,HAIRPIN,APEX,4.69006,-0.00042000000000008697,9,4.69006,0,0.5798165693793104,0.0,0.0,True,167,5.11067,4.49162,4.50352,4.55458,4.60307,4.63261,4.64986,4.66583,4.67772,4.69006,4.70282,4.71603,4.73528,4.75835,4.80482,4.91109,5.13225,5.55557,9.82257
98584,0.00414067,0.00570726,-3.47959e-05,1.86209,-0.252001,0.0,5235.99,1,0.0,1.0,0.8499999999999996,45,HAIRPIN,APEX,4.68944,-0.0006199999999996209,9,4.68944,0,0.5798192375172414,0.0,0.0,True,168,5.11193,4.4917,4.50336,4.55423,4.60262,4.63208,4.64931,4.66524,4.67712,4.68944,4.70218,4.71536,4.73457,4.7576,4.80402,4.91011,5.13096,5.55379,9.81367
98583,-0.00713223,-0.00529751,-2.69832e-05,1.86165,-0.252001,0.0,5235.99,1,0.0,1.0,0.8499999999999996,45,HAIRPIN,APEX,4.6888,-0.0006400000000006401,9,4.6888,0,0.579821991724138,0.0,0.0,True,169,5.11316,4.49179,4.50319,4.55389,4.60216,4.63156,4.64874,4.66464,4.67651,4.6888,4.70154,4.71469,4.73386,4.75685,4.80318,4.90913,5.12971,5.55196,9.80483
98582,-0.00717227,-0.00531229,-8.98232e-07,1.86136,-0.252001,0.0,5235.99,1,0.0,1.0,0.8499999999999996,45,HAIRPIN,APEX,4.68839,-0.00040999999999957737,9,4.68839,0,0.579823756137931,0.0,0.0,True,170,5.11398,4.49185,4.50308,4.55365,4.60185,4.63123,4.64838,4.66428,4.67612,4.68839,4.7011,4.71423,4.73338,4.75638,4.80266,4.90851,5.12886,5.55077,9.79908
98581,0.00410278,0.00570096,-1.49058e-05,1.86107,-0.252001,0.0,5235.99,1,0.0,1.0,0.8499999999999996,45,HAIRPIN,APEX,4.68797,-0.00042000000000008697,9,4.68797,0,0.5798255635862068,0.0,0.0,True,171,5.11479,4.4919,4.50298,4.55344,4.60153,4.63089,4.64803,4.66388,4.67572,4.68797,4.70068,4.71381,4.73294,4.75587,4.80212,4.90787,5.12807,5.54959,9.79334
98580,0.00412977,0.00569824,-2.84083e-05,1.86063,-0.252001,0.0,5235.99,1,0.0,1.0,0.8499999999999996,45,HAIRPIN,APEX,4.68735,-0.0006199999999996209,9,4.68735,0,0.5798282317241379,0.0,0.0,True,172,5.11604,4.49199,4.50282,4.55307,4.60109,4.63037,4.64746,4.66328,4.67513,4.68735,4.70003,4.71312,4.73224,4.75514,4.8013,4.90691,5.12679,5.54779,9.78454
98579,-0.00715423,-0.00530125,-2.34902e-05,1.86019,-0.252001,0.0,5235.99,1,0.0,1.0,0.8499999999999996,45,HAIRPIN,APEX,4.68672,-0.0006300000000001305,9,4.68672,0,0.5798309428965517,0.0,0.0,True,173,5.11728,4.49207,4.50266,4.55272,4.6006,4.62982,4.6469,4.66272,4.6745,4.68672,4.69937,4.71245,4.73152,4.75439,4.80049,4.90593,5.12553,5.54598,9.77571
98578,-0.00715266,-0.00529969,-2.46203e-06,1.8599,-0.252001,0.0,5235.99,1,0.0,1.0,0.8499999999999996,45,HAIRPIN,APEX,4.68631,-0.00041000000000046555,9,4.68631,0,0.5798327073103449,0.0,0.0,True,174,5.11809,4.49213,4.50253,4.55249,4.60033,4.62949,4.64653,4.66232,4.67412,4.68631,4.69894,4.71202,4.73108,4.75392,4.79997,4.9053,5.12469,5.54482,9.77005
98577,0.00411473,0.00569134,-1.79998e-05,1.85961,-0.252001,0.0,5235.99,1,0.0,1.0,0.8499999999999996,45,HAIRPIN,APEX,4.68591,-0.00039999999999995595,9,4.68591,0,0.5798344286896552,0.0,0.0,True,175,5.11893,4.49219,4.50244,4.55228,4.60001,4.62915,4.64618,4.66194,4.67372,4.68591,4.69853,4.71159,4.73061,4.75343,4.79944,4.90468,5.12388,5.54363,9.76436
98576,0.00413324,0.00571418,-5.32459e-05,1.85917,-0.252001,0.0,5235.99,1,0.0,1.0,0.8499999999999996,45,HAIRPIN,APEX,4.68527,-0.0006399999999997519,9,4.68527,0,0.5798371828965517,0.0,0.0,True,176,5.12018,4.49226,4.50229,4.55193,4.59956,4.62863,4.64563,4.66136,4.6731,4.68527,4.69789,4.71092,4.7299,4.75272,4.79863,4.9037,5.12261,5.54183,9.75562
98575,-0.00711873,-0.00530231,-4.88215e-05,1.85873,-0.252001,0.0,5235.99,1,0.0,1.0,0.8499999999999996,45,HAIRPIN,APEX,4.68465,-0.0006199999999996209,9,4.68465,0,0.5798398510344828,0.0,0.0,True,177,5.12145,4.49237,4.50212,4.55161,4.59909,4.62811,4.64507,4.6608,4.67252,4.68465,4.69724,4.71024,4.72922,4.75195,4.79782,4.90277,5.12134,5.54005,9.74695
98574,-0.00717905,-0.00532438,-2.82268e-05,1.85845,-0.252001,0.0,5235.99,1,0.0,1.0,0.8499999999999996,45,HAIRPIN,APEX,4.68425,-0.0004000000000008441,9,4.68425,0,0.5798415724137932,0.0,0.0,True,178,5.12226,4.49243,4.50201,4.55138,4.5988,4.62778,4.64471,4.6604,4.67212,4.68425,4.69682,4.70981,4.72874,4.75148,4.79729,4.90213,5.12054,5.5389,9.74129
98573,0.00411629,0.00570411,-4.11451e-05,1.85816,-0.252001,0.0,5235.99,1,0.0,1.0,0.8499999999999996,45,HAIRPIN,APEX,4.68384,-0.00040999999999957737,9,4.68384,0,0.5798433368275862,0.0,0.0,True,179,5.12308,4.49248,4.50191,4.55115,4.5985,4.62743,4.64435,4.66002,4.67172,4.68384,4.6964,4.70938,4.72829,4.75101,4.79677,4.90149,5.11973,5.53772,9.73562
98572,0.0041436,0.00572918,-4.57388e-05,1.85772,-0.252001,0.0,5235.99,1,0.0,1.0,0.8499999999999996,45,HAIRPIN,APEX,4.68321,-0.0006300000000001305,9,4.68321,0,0.579846048,0.0,0.0,True,180,5.12434,4.49255,4.50175,4.55081,4.59804,4.62691,4.64381,4.65944,4.67113,4.68321,4.69576,4.70872,4.7276,4.75026,4.79596,4.90054,5.11847,5.53592,9.72691
98571,-0.00715005,-0.00527842,-3.27274e-05,1.85728,-0.252001,0.0,5235.99,1,0.0,1.0,0.8499999999999996,45,HAIRPIN,APEX,4.6826,-0.0006099999999999994,9,4.6826,0,0.5798486731034482,0.0,0.0,True,181,5.12559,4.49266,4.5016,4.55046,4.5976,4.6264,4.64325,4.65887,4.67052,4.6826,4.6951,4.70805,4.72691,4.74953,4.79515,4.8996,5.11722,5.53414,9.71823
